/*******************************************************************************
 * Size: 20 px
 * Bpp: 3
 * Opts: --bpp 3 --size 20 --lcd --font NotoSans-SemiBold.ttf --range 32-127,160-255,268-271,282-283,286-287,304-305,321-322,327-328,344-345,350-351,352-353,356-357,366-367,381-382,8226,1025,1040-1103,1105 --font FontAwesome5-Solid+Brands+Regular.woff --range 61441,61448,61451,61452,61453,61457,61459,61461,61465,61468,61473,61478,61479,61480,61502,61507,61512,61515,61516,61517,61521,61522,61523,61524,61543,61544,61550,61552,61553,61556,61559,61560,61561,61563,61587,61589,61636,61637,61639,61641,61664,61671,61674,61683,61724,61732,61787,61931,62016,62017,62018,62019,62020,62087,62099,62189,62212,62810,63426,63650 --format lvgl -o notosemi_20.c
 ******************************************************************************/

#ifdef LV_LVGL_H_INCLUDE_SIMPLE
#include "lvgl.h"
#else
#include "lvgl/lvgl.h"
#endif

#ifndef NOTOSEMI_20
#define NOTOSEMI_20 1
#endif

#if NOTOSEMI_20

/*-----------------
 *    BITMAPS
 *----------------*/

/*Store the image of the glyphs*/
static LV_ATTRIBUTE_LARGE_CONST const uint8_t glyph_bitmap[] = {
    /* U+0020 " " */

    /* U+0021 "!" */
    0x2, 0x57, 0xff, 0xa1, 0x3, 0x88, 0x1e, 0x20,
    0x79, 0x82, 0x7, 0xb8, 0x1e, 0xe0, 0x7e, 0x20,
    0x62, 0x7, 0xcc, 0x81, 0xf3, 0x3, 0xff, 0x82,
    0x40, 0xf1, 0x3, 0xf1, 0x3, 0xcc, 0xf, 0x30,
    0x38, 0x81, 0xfd, 0xd1, 0x32, 0xc4, 0xf, 0x17,
    0x76, 0xa2, 0x3, 0xc5, 0xdf, 0xfa, 0xa0, 0x39,
    0xe4, 0x7, 0x2c, 0x80, 0xcb, 0xa2, 0x4, 0x5e,
    0x40,

    /* U+0022 "\"" */
    0x2, 0x57, 0xfe, 0xa8, 0x9, 0xdf, 0xfa, 0x20,
    0x31, 0x3, 0x88, 0x18, 0x81, 0xc4, 0x30, 0x26,
    0x8, 0x11, 0xc, 0x9, 0x90, 0x3b, 0x81, 0x8f,
    0x3, 0xb9, 0x3, 0x72, 0x4, 0xc1, 0x3, 0x16,
    0x4, 0xc8, 0x18, 0x86, 0x6, 0x20, 0x72, 0xbb,
    0x55, 0x1, 0xce, 0xed, 0x54, 0x0,

    /* U+0023 "#" */
    0x3, 0xff, 0x82, 0xa7, 0xfa, 0x20, 0x39, 0xef,
    0xea, 0x80, 0xff, 0xe3, 0x12, 0x40, 0x4b, 0xa0,
    0x32, 0xc4, 0x1, 0x26, 0x7, 0xff, 0x19, 0xe2,
    0x4, 0x50, 0x18, 0xe6, 0x4, 0xf1, 0x3, 0xff,
    0x8a, 0x73, 0x2, 0x58, 0x81, 0x99, 0x20, 0x7,
    0x30, 0x3f, 0x8b, 0xdf, 0xfb, 0x32, 0x4, 0xaf,
    0xfd, 0x50, 0x11, 0x9b, 0xfd, 0x98, 0x11, 0x24,
    0x4f, 0x80, 0xf1, 0x3e, 0x3, 0xc4, 0xfc, 0x88,
    0x19, 0x4d, 0xba, 0x90, 0x25, 0x36, 0xe8, 0x80,
    0x8b, 0xfb, 0x7a, 0x20, 0x3f, 0xcb, 0x10, 0x4,
    0x90, 0x18, 0xe6, 0x4, 0xf1, 0x3, 0xf8, 0xbb,
    0xb7, 0xa2, 0x2, 0x2b, 0xed, 0xbb, 0x20, 0x4a,
    0x6d, 0xd1, 0x1, 0xba, 0x27, 0xe0, 0x38, 0x9f,
    0x80, 0xf1, 0x3e, 0x44, 0x8, 0xcf, 0xfb, 0x30,
    0x33, 0xbf, 0xf4, 0x20, 0x4a, 0x7f, 0xf6, 0x60,
    0x7f, 0x91, 0x2, 0x3d, 0x1, 0x96, 0x20, 0x45,
    0x1, 0xff, 0xc6, 0x5d, 0x1, 0x24, 0x3, 0x1c,
    0xc0, 0x96, 0x20, 0x7f, 0xf1, 0x8a, 0x2, 0x5c,
    0x81, 0x99, 0x20, 0x7, 0x30, 0x3f, 0xf8, 0x20,

    /* U+0024 "$" */
    0x3, 0xff, 0x84, 0xa7, 0xea, 0xc0, 0xff, 0xe5,
    0x92, 0x49, 0x90, 0x7, 0x9b, 0x25, 0x12, 0x3,
    0xfe, 0x2e, 0xef, 0xb2, 0xd3, 0x20, 0xa, 0x91,
    0x6d, 0xb3, 0xf5, 0x40, 0x72, 0xba, 0x22, 0x4,
    0x52, 0x10, 0x5, 0x2c, 0x48, 0x9, 0x64, 0x6,
    0x5d, 0x1, 0xce, 0xeb, 0xd0, 0x7, 0xad, 0xb6,
    0x7e, 0xd5, 0x81, 0xcc, 0x81, 0xe2, 0x60, 0x3f,
    0xf8, 0x44, 0xf, 0x8d, 0x64, 0xc, 0xa6, 0xf5,
    0x81, 0xff, 0xc8, 0x33, 0x56, 0x80, 0xfe, 0x53,
    0xf6, 0xad, 0x10, 0x3f, 0xf8, 0xa, 0x5f, 0xda,
    0xc4, 0x40, 0xf1, 0x52, 0xef, 0x59, 0x3, 0xff,
    0x82, 0x53, 0xe8, 0x1, 0x71, 0xa0, 0x39, 0x48,
    0x40, 0x7f, 0xf1, 0xdf, 0x72, 0xd2, 0x3, 0x9e,
    0x20, 0x14, 0xb5, 0x1a, 0x24, 0x7, 0xf1, 0x4f,
    0xa0, 0x39, 0xe2, 0x4, 0x52, 0x39, 0x76, 0x7f,
    0x56, 0x1, 0x4d, 0x62, 0x3, 0x19, 0x8, 0x9,
    0x48, 0x69, 0x9, 0x1, 0xff, 0x12, 0x4e, 0x5d,
    0x8c, 0x81, 0xc5, 0xcb, 0x5b, 0x3f, 0xd5, 0x80,
    0x53, 0xec, 0xb1, 0xa2, 0x7, 0xff, 0xa1, 0x5d,
    0x63, 0x3, 0xff, 0x82,

    /* U+0025 "%" */
    0x3, 0x8b, 0xbb, 0xfe, 0xd9, 0x11, 0x3, 0xff,
    0x84, 0xa7, 0xfb, 0x32, 0x7, 0xff, 0xd, 0x5d,
    0x11, 0x0, 0x48, 0x12, 0x77, 0xc2, 0x7, 0xf8,
    0xb8, 0xc0, 0x17, 0xd9, 0x3, 0xff, 0x84, 0xba,
    0x2, 0x33, 0x6c, 0xc8, 0x2, 0xe2, 0x3, 0xf3,
    0x90, 0x40, 0x29, 0x4, 0xf, 0xfe, 0x19, 0x26,
    0x6, 0x48, 0x40, 0x1c, 0x80, 0xcc, 0x81, 0xe5,
    0x21, 0x0, 0x52, 0xa0, 0x3f, 0xf8, 0xdc, 0x81,
    0x10, 0x3c, 0xc0, 0xf7, 0x20, 0x46, 0x43, 0x0,
    0x64, 0x30, 0x3f, 0xf8, 0xe7, 0x90, 0x22, 0x18,
    0x19, 0x90, 0x3b, 0x90, 0x5f, 0x64, 0x3, 0x8c,
    0x27, 0x2d, 0xe8, 0xd0, 0x1f, 0xe4, 0x80, 0x67,
    0x90, 0x5, 0xd0, 0x11, 0x48, 0x14, 0x82, 0x1,
    0x5a, 0x17, 0x58, 0xd2, 0xe7, 0x2f, 0x88, 0xf,
    0x8d, 0x84, 0x9, 0xdf, 0xd5, 0x1, 0x2b, 0x42,
    0x42, 0x0, 0x64, 0x24, 0xe8, 0x8, 0xcd, 0xf4,
    0x20, 0x4f, 0xb0, 0x3e, 0x2f, 0x65, 0x69, 0x73,
    0x6b, 0xaa, 0x4e, 0xc8, 0x7, 0xd9, 0x5d, 0x1,
    0x1a, 0x88, 0x2e, 0x90, 0x25, 0xd0, 0x1f, 0xc5,
    0x4b, 0x7a, 0x42, 0x2a, 0x41, 0x0, 0xac, 0x20,
    0x44, 0xc, 0xc1, 0x3, 0x16, 0x6, 0x24, 0x7,
    0xff, 0x1d, 0x4a, 0x80, 0x19, 0x8, 0xe, 0x20,
    0x7f, 0xc4, 0xf, 0x10, 0x3f, 0xf8, 0xa5, 0xc6,
    0x0, 0xbe, 0xc8, 0x1c, 0xf9, 0x2, 0x5d, 0x1,
    0x2e, 0x80, 0x8e, 0x60, 0x7f, 0xf1, 0x1c, 0x82,
    0x1, 0x48, 0x20, 0x7c, 0x5d, 0x40, 0x4e, 0x59,
    0x63, 0x2, 0x35, 0x90, 0x3f, 0xf8, 0x4a, 0xc4,
    0x0, 0xca, 0x80, 0xff, 0x9d, 0xa6, 0x89, 0x26,
    0x89, 0x27, 0x7b, 0x3, 0x80,

    /* U+0026 "&" */
    0x3, 0xf8, 0xa7, 0x2e, 0xff, 0xdb, 0x2c, 0x64,
    0xf, 0xfe, 0x82, 0xba, 0xc6, 0x88, 0x1e, 0x24,
    0x9c, 0xd9, 0x8, 0x1f, 0xfc, 0xc7, 0x10, 0x18,
    0xbd, 0xfe, 0xd1, 0x1, 0x8b, 0xa4, 0xf, 0xfe,
    0x92, 0xc4, 0xc, 0x51, 0x20, 0x31, 0x3, 0xff,
    0x9a, 0xa9, 0x3, 0x3e, 0xc8, 0x5, 0x3b, 0x20,
    0x46, 0xd1, 0x3, 0xff, 0x96, 0x5f, 0x64, 0x9,
    0x4d, 0xfa, 0xb2, 0x0, 0xbb, 0x99, 0x3, 0xff,
    0x9c, 0xfb, 0x3, 0xfc, 0xa6, 0xc8, 0x80, 0xf8,
    0xa6, 0xf9, 0x10, 0x3f, 0x8b, 0xbe, 0xc4, 0x4,
    0x4c, 0x6, 0x52, 0x19, 0x3, 0xe7, 0x2c, 0x9a,
    0x90, 0x3f, 0x9c, 0x84, 0x6, 0x2f, 0x6d, 0x59,
    0x2, 0x53, 0x63, 0x20, 0xb, 0xa8, 0xc, 0x6a,
    0x20, 0x7c, 0xb2, 0x3, 0x94, 0x82, 0x4, 0xa6,
    0xac, 0x81, 0x19, 0xb2, 0xf8, 0x40, 0xca, 0x32,
    0x7, 0xe2, 0x7, 0xff, 0x15, 0x4d, 0x59, 0x2,
    0x28, 0x81, 0x94, 0xa8, 0xf, 0xf2, 0x24, 0x7,
    0x29, 0x8, 0x81, 0xf1, 0x0, 0xc0, 0xfe, 0x20,
    0x81, 0xff, 0xc0, 0x32, 0x19, 0x3, 0x17, 0x77,
    0xff, 0x6a, 0xd0, 0x18, 0x81, 0x8a, 0xba, 0xa0,
    0x3f, 0xe5, 0x36, 0x56, 0x90, 0x81, 0xfc, 0x49,
    0x39, 0xbf, 0x6f, 0x99, 0x2, 0x2a, 0xea, 0x88,
    0x10,

    /* U+0027 "'" */
    0x2, 0x57, 0xfe, 0xa8, 0xf, 0x88, 0x1c, 0x40,
    0xf9, 0x82, 0x4, 0x43, 0x3, 0xc7, 0x81, 0xdc,
    0x81, 0xf1, 0x60, 0x4c, 0x81, 0xf9, 0x5d, 0xaa,
    0x80, 0xc0,

    /* U+0028 "(" */
    0x3, 0xf9, 0x4f, 0xf6, 0x84, 0xf, 0xf2, 0x95,
    0x81, 0x29, 0x4, 0xf, 0xc6, 0x43, 0x2, 0x32,
    0x10, 0x1f, 0xca, 0xb2, 0x4, 0xab, 0x20, 0x7f,
    0x2c, 0xc0, 0xcb, 0x30, 0x3f, 0xc7, 0x20, 0x31,
    0xc8, 0xf, 0xf9, 0x92, 0x3, 0x22, 0x40, 0x7f,
    0xc5, 0x81, 0x88, 0x60, 0x7f, 0xc7, 0x81, 0xee,
    0x40, 0xff, 0xe0, 0x70, 0x3e, 0x20, 0x7f, 0xc4,
    0x30, 0x31, 0xe0, 0x7f, 0xf0, 0x49, 0x1, 0xc5,
    0x1, 0xff, 0xc0, 0x5d, 0x1, 0x97, 0x40, 0x7f,
    0xf0, 0x1e, 0x20, 0x67, 0x88, 0x1f, 0xfc, 0x7,
    0x10, 0x19, 0xd4, 0x7, 0xff, 0x1, 0x46, 0x40,
    0x9f, 0x60, 0x7f, 0xf0, 0xc, 0xec, 0x80, 0x52,
    0xa0, 0x3f, 0xf8, 0x6, 0x7b, 0x77, 0x4, 0x8,

    /* U+0029 ")" */
    0x5, 0xef, 0xf5, 0x64, 0xf, 0xf8, 0xbf, 0x8,
    0x5, 0x3b, 0x20, 0x7f, 0xc5, 0xc4, 0x4, 0x64,
    0x20, 0x3f, 0xf8, 0xa, 0x30, 0x32, 0xec, 0xf,
    0xfe, 0x1, 0xac, 0xc, 0xb3, 0x3, 0xff, 0x80,
    0x72, 0x3, 0x2c, 0x80, 0xff, 0xe0, 0x2c, 0x40,
    0xcf, 0x10, 0x3f, 0xf8, 0x5, 0x81, 0x88, 0x60,
    0x7f, 0xf0, 0x48, 0x1c, 0x40, 0xff, 0xe1, 0x10,
    0x3f, 0xf8, 0xe4, 0xf, 0x16, 0x7, 0xfc, 0x7a,
    0x3, 0x2e, 0x40, 0xff, 0x14, 0x80, 0x62, 0x48,
    0xf, 0xf9, 0x62, 0x6, 0x54, 0x81, 0xfc, 0x5d,
    0x40, 0x46, 0x52, 0x7, 0xf1, 0xb0, 0x81, 0x28,
    0xc8, 0x1f, 0x8c, 0xec, 0x9, 0x5a, 0x40, 0x7f,
    0xda, 0x5b, 0x6a, 0x80, 0xff, 0x0,

    /* U+002A "*" */
    0x3, 0xff, 0x80, 0xaf, 0xfd, 0x8, 0x1f, 0xfc,
    0xc6, 0x40, 0xc7, 0x81, 0xff, 0xc4, 0x26, 0x3,
    0xc7, 0x90, 0x26, 0x48, 0xf, 0x13, 0x1, 0xcf,
    0xec, 0xfd, 0xad, 0x47, 0xc0, 0xec, 0xe5, 0xd9,
    0xfb, 0x64, 0x40, 0x44, 0xf, 0x14, 0x8e, 0x32,
    0x4, 0x9c, 0x68, 0x90, 0x19, 0x92, 0x0, 0x5e,
    0xff, 0xd5, 0x90, 0x3e, 0x33, 0x7f, 0xec, 0xc8,
    0x1f, 0xc6, 0x43, 0x20, 0xb6, 0x40, 0xc, 0xec,
    0x81, 0xff, 0xc2, 0x57, 0x32, 0x1, 0x59, 0x26,
    0x40, 0x19, 0xe2, 0x3, 0xff, 0x80, 0xf3, 0x20,
    0x17, 0x60, 0xc, 0x84, 0x0, 0xae, 0xc0, 0xff,
    0xe0, 0x17, 0x37, 0xea, 0x80, 0xe5, 0x7f, 0x68,
    0xc8, 0x1e,

    /* U+002B "+" */
    0x3, 0xff, 0x82, 0x5c, 0xb6, 0x64, 0xf, 0xfe,
    0x77, 0x69, 0x59, 0x81, 0xff, 0xff, 0x3, 0x95,
    0xdb, 0xfc, 0xc0, 0xca, 0xed, 0xfd, 0x59, 0x0,
    0x59, 0x3f, 0xc0, 0x7e, 0x27, 0xf9, 0xf0, 0x27,
    0xbf, 0xfe, 0xcc, 0xc, 0xaf, 0xff, 0xda, 0x10,
    0x3f, 0xff, 0xe0, 0x7f, 0xf3, 0x0,

    /* U+002C "," */
    0x3, 0x2b, 0xbf, 0xd5, 0x81, 0xc7, 0x22, 0x4,
    0x49, 0x1, 0xc9, 0x0, 0xc5, 0x52, 0x6, 0x58,
    0x81, 0x1b, 0x44, 0xc, 0x73, 0x2, 0x55, 0x90,
    0x30,

    /* U+002D "-" */
    0x3, 0xff, 0x94, 0xaf, 0xff, 0xfc, 0x1c, 0xc0,
    0xff, 0xe6, 0x0,

    /* U+002E "." */
    0x3, 0xff, 0x8c, 0x5d, 0xff, 0x6a, 0x80, 0xe7,
    0x90, 0x18, 0xac, 0x80, 0xcb, 0xa2, 0x4, 0x5e,
    0x40,

    /* U+002F "/" */
    0x3, 0xff, 0x8c, 0xef, 0xfd, 0x10, 0x1f, 0xfc,
    0x87, 0x50, 0x19, 0xd4, 0x7, 0xff, 0x18, 0xba,
    0x40, 0x8b, 0xa4, 0xf, 0xfe, 0x31, 0xb4, 0x40,
    0x8d, 0xa2, 0x7, 0xff, 0x18, 0xd6, 0x40, 0x8d,
    0x64, 0xf, 0xfe, 0x32, 0xac, 0xc, 0xab, 0x3,
    0xff, 0x8e, 0xbb, 0x3, 0x2e, 0xc0, 0xff, 0xe3,
    0xae, 0x80, 0xcb, 0xa0, 0x3f, 0xf8, 0xee, 0x20,
    0x33, 0xe8, 0xf, 0xfe, 0x31, 0x74, 0x81, 0x17,
    0x50, 0x1f, 0xfc, 0x63, 0x68, 0x81, 0x1b, 0x44,
    0xf, 0xfe, 0x31, 0xac, 0x81, 0x1a, 0x88, 0x1f,
    0xfc, 0x65, 0x58, 0x19, 0x56, 0x40, 0xff, 0xe3,
    0x2e, 0xc0, 0xcb, 0xb0, 0x3f, 0xf8, 0xa0,

    /* U+0030 "0" */
    0x3, 0xf1, 0x4e, 0xec, 0xff, 0xdb, 0x2c, 0x44,
    0xf, 0xfe, 0x1, 0x77, 0x58, 0x89, 0x1, 0xe2,
    0x49, 0xdd, 0x8c, 0x81, 0xf9, 0x48, 0x40, 0x64,
    0xee, 0xfd, 0xac, 0x40, 0x63, 0x21, 0x81, 0xe7,
    0xd0, 0x18, 0xc9, 0x22, 0x0, 0xa7, 0x62, 0x3,
    0x2a, 0xc0, 0xcb, 0x20, 0x39, 0x21, 0x3, 0xf9,
    0x62, 0x6, 0x39, 0x1, 0x16, 0x7, 0x1e, 0x40,
    0xff, 0x12, 0x60, 0x73, 0xc4, 0x10, 0x3e, 0x64,
    0xf, 0xfe, 0x39, 0x3, 0xff, 0xb0, 0x40, 0xf9,
    0x90, 0x3f, 0xf8, 0xe4, 0xc, 0x58, 0x1c, 0x79,
    0x3, 0xfc, 0x49, 0x81, 0xcf, 0x90, 0xb, 0x20,
    0x39, 0x21, 0x3, 0xf9, 0x62, 0x6, 0x39, 0x1,
    0x9f, 0x40, 0x63, 0x3c, 0x44, 0x1, 0x4e, 0xc4,
    0x6, 0x35, 0x90, 0x39, 0x58, 0x80, 0xc5, 0xdd,
    0xfb, 0x58, 0x80, 0xc6, 0x76, 0x7, 0xf3, 0xbe,
    0xc4, 0x48, 0xf, 0x12, 0x4e, 0xec, 0x64, 0xc,

    /* U+0031 "1" */
    0x3, 0xfe, 0x53, 0x7f, 0xd9, 0x90, 0x3f, 0x94,
    0xde, 0xb2, 0x7, 0xff, 0x5, 0x3b, 0xeb, 0x20,
    0x7f, 0xf0, 0xd5, 0xa8, 0x80, 0x94, 0xd1, 0x1,
    0xff, 0x2b, 0x4d, 0x4d, 0xeb, 0x24, 0x7, 0xff,
    0x9, 0x4a, 0xc8, 0x18, 0x81, 0xff, 0xff, 0x3,
    0xff, 0xfe, 0x7, 0xff, 0xa4,

    /* U+0032 "2" */
    0x3, 0xe2, 0xa5, 0xad, 0xff, 0xed, 0x63, 0x20,
    0x7f, 0x93, 0xbf, 0x56, 0x90, 0x81, 0xf8, 0xa7,
    0x37, 0xa8, 0xf, 0xdd, 0x81, 0x14, 0xe5, 0xdb,
    0xab, 0x20, 0x72, 0xb0, 0x81, 0xca, 0x7b, 0x5b,
    0x2c, 0x68, 0x9e, 0x53, 0xc2, 0x7, 0x24, 0x3,
    0xe2, 0x90, 0x81, 0xff, 0xc0, 0x20, 0x7c, 0xc0,
    0xff, 0xe5, 0x97, 0x48, 0x18, 0xe6, 0x7, 0xff,
    0x20, 0xbf, 0x8, 0x11, 0x71, 0x81, 0xff, 0xc6,
    0x2e, 0xe8, 0x40, 0x8c, 0xf1, 0x1, 0xff, 0xc4,
    0x2e, 0xe8, 0x80, 0x8b, 0xd8, 0xc8, 0x1f, 0xfc,
    0x32, 0xee, 0x88, 0x9, 0x4d, 0x90, 0x81, 0xff,
    0xc3, 0x2e, 0xe8, 0x80, 0x94, 0xd5, 0x90, 0x3f,
    0xf8, 0x65, 0xec, 0x88, 0x8, 0xbb, 0xd0, 0x27,
    0xff, 0x84, 0x0, 0xbf, 0x8, 0x1e, 0x2e, 0xd6,
    0xdf, 0xfc, 0x38, 0x80, 0xff, 0xea, 0x80,

    /* U+0033 "3" */
    0x3, 0x8a, 0x72, 0xec, 0xff, 0xfb, 0x65, 0x8c,
    0x81, 0xf8, 0xcd, 0x96, 0x34, 0x48, 0xf, 0xe2,
    0x49, 0xcd, 0x91, 0x1, 0xc6, 0x43, 0x48, 0xe5,
    0xda, 0xff, 0x6b, 0x11, 0x3, 0x17, 0xd0, 0x1e,
    0x52, 0xd4, 0x68, 0x98, 0xc, 0x53, 0x88, 0x81,
    0xff, 0xcf, 0x29, 0xc6, 0x40, 0x8c, 0x84, 0x7,
    0xf9, 0x5f, 0xff, 0x6b, 0x1a, 0x72, 0xec, 0x64,
    0xf, 0xfe, 0x61, 0x4e, 0xf4, 0x80, 0x7f, 0xf0,
    0x55, 0xff, 0xed, 0x69, 0x90, 0x5, 0x4b, 0xe2,
    0x3, 0xff, 0x8e, 0x52, 0x4d, 0x50, 0x1c, 0xfa,
    0x3, 0xff, 0x96, 0xc8, 0x1e, 0x64, 0x80, 0xff,
    0xe5, 0x24, 0x3, 0xcc, 0x90, 0x2f, 0x65, 0x8d,
    0x13, 0x1, 0x89, 0x27, 0x34, 0x20, 0x72, 0xe8,
    0xb, 0x82, 0x9c, 0xbb, 0x5f, 0xed, 0x96, 0x32,
    0x6, 0x2e, 0xd2, 0x2, 0x36, 0x43, 0x48, 0x48,
    0xf, 0xe2, 0x49, 0xcb, 0xb2, 0x20, 0x30,

    /* U+0034 "4" */
    0x3, 0xff, 0x8c, 0x66, 0xff, 0xd0, 0x81, 0xff,
    0xcb, 0x53, 0xb2, 0x7, 0xff, 0x45, 0x5a, 0x64,
    0xf, 0xfe, 0x8a, 0xb4, 0x80, 0x26, 0x88, 0x1f,
    0xfc, 0xc5, 0x69, 0x0, 0x32, 0x29, 0x20, 0x3f,
    0xf9, 0x25, 0xda, 0x40, 0xc, 0xec, 0xb0, 0x3f,
    0xf9, 0x25, 0xf8, 0x80, 0x29, 0x99, 0x3, 0xff,
    0x94, 0x5f, 0x84, 0x2, 0xb4, 0xc0, 0xff, 0xe5,
    0x99, 0xe1, 0x0, 0xa4, 0x20, 0x3f, 0xf8, 0x8c,
    0xf, 0x95, 0x64, 0xc, 0xa6, 0xff, 0xf5, 0x60,
    0x79, 0xdf, 0xec, 0xc0, 0x88, 0x1f, 0xfd, 0x65,
    0x7f, 0xff, 0xe2, 0xd6, 0x7, 0x9e, 0xfe, 0xcc,
    0xf, 0xff, 0xf0,

    /* U+0035 "5" */
    0x3, 0x9e, 0xff, 0xff, 0x91, 0x98, 0x1f, 0x8f,
    0x3, 0xff, 0xa6, 0xc1, 0x3, 0x17, 0x76, 0xff,
    0xe0, 0xf6, 0x7, 0xf1, 0x3, 0x9e, 0x44, 0xff,
    0xf0, 0x80, 0xfe, 0x2c, 0xe, 0x2c, 0xf, 0xfe,
    0x59, 0xe0, 0x79, 0xef, 0xff, 0xb5, 0x8c, 0x81,
    0xff, 0xd0, 0x29, 0xcd, 0x90, 0x81, 0xe3, 0x36,
    0xef, 0xfe, 0xd9, 0x5a, 0x3, 0x8b, 0xec, 0x81,
    0xf1, 0x38, 0xf, 0x89, 0x29, 0x69, 0x1, 0xc7,
    0x30, 0x3f, 0xf9, 0x6c, 0x90, 0x1e, 0x20, 0x7f,
    0xf2, 0xd1, 0x20, 0x38, 0x90, 0x11, 0x96, 0xa3,
    0x4a, 0x26, 0x4, 0xc9, 0xdd, 0x10, 0x1c, 0xea,
    0x2, 0x61, 0x23, 0x96, 0xdb, 0x5f, 0x6a, 0xc4,
    0x40, 0xc5, 0xe8, 0x40, 0xca, 0xc6, 0x90, 0x98,
    0xf, 0xc4, 0x93, 0x97, 0xe8, 0x40, 0xc0,

    /* U+0036 "6" */
    0x3, 0xff, 0x80, 0x54, 0xb5, 0xb3, 0xff, 0xda,
    0x20, 0x3f, 0xf8, 0x4a, 0x6f, 0xab, 0x48, 0x48,
    0xf, 0xc4, 0x80, 0xff, 0xe0, 0x17, 0xab, 0x20,
    0x45, 0x4b, 0xb3, 0xff, 0x6c, 0xa8, 0xf, 0xf2,
    0x90, 0x40, 0x8b, 0xd9, 0x5a, 0x24, 0x7, 0x89,
    0x1, 0xff, 0x2e, 0x80, 0xca, 0x41, 0x3, 0xff,
    0x98, 0xb2, 0x3, 0x2c, 0xcb, 0x97, 0x7f, 0xed,
    0x63, 0x20, 0x7f, 0xc4, 0xe, 0x77, 0xe8, 0xd1,
    0x3, 0xc5, 0x39, 0xb2, 0x10, 0x3e, 0x2c, 0xe,
    0x24, 0x14, 0xdf, 0xf6, 0xac, 0x81, 0x8b, 0x8c,
    0xf, 0xfe, 0x9, 0x7e, 0xb2, 0x7, 0x15, 0x21,
    0x81, 0xcb, 0xa0, 0x38, 0xb0, 0x3d, 0xc0, 0xff,
    0xe0, 0x30, 0x40, 0xe2, 0x7, 0x96, 0x20, 0x63,
    0x90, 0x1f, 0xf3, 0x24, 0x7, 0x16, 0x7, 0x9c,
    0x40, 0x65, 0x34, 0x44, 0x8, 0xa7, 0x69, 0x1,
    0xce, 0x90, 0x3e, 0x56, 0x91, 0x2, 0x2e, 0xef,
    0xed, 0x62, 0x3, 0x17, 0x61, 0x3, 0xfc, 0xae,
    0xc8, 0xd1, 0x20, 0x3c, 0x49, 0x39, 0xb2, 0x20,
    0x3c,

    /* U+0037 "7" */
    0xa, 0xff, 0xff, 0xd0, 0xa8, 0xf, 0xfe, 0xb2,
    0xbb, 0x7f, 0xf1, 0xea, 0x3, 0xcf, 0xa0, 0x22,
    0x7f, 0xf8, 0xcf, 0xa0, 0x31, 0x75, 0x1, 0xff,
    0xc8, 0x2e, 0x20, 0x32, 0xb0, 0x81, 0xff, 0xc8,
    0x56, 0x10, 0x33, 0xec, 0xf, 0xfe, 0x4b, 0x8c,
    0xc, 0x65, 0x40, 0x7f, 0xf2, 0xc, 0xa4, 0xc,
    0xa3, 0x20, 0x7f, 0xf2, 0x14, 0x64, 0xc, 0xe2,
    0x3, 0xff, 0x90, 0x5c, 0x40, 0x63, 0x29, 0x3,
    0xff, 0x90, 0xa4, 0x10, 0x32, 0x8c, 0x81, 0xff,
    0xc8, 0x71, 0x1, 0xce, 0x20, 0x3f, 0xf9, 0x6,
    0x52, 0x6, 0x32, 0x8, 0x1f, 0xfc, 0x85, 0x19,
    0x3, 0x28, 0xc0, 0xff, 0xe1, 0x80,

    /* U+0038 "8" */
    0x3, 0xe2, 0x9c, 0xbb, 0x3f, 0xfb, 0x5a, 0x88,
    0x81, 0xfe, 0x2e, 0xeb, 0x1a, 0x24, 0x7, 0xc5,
    0x23, 0xbb, 0x21, 0x3, 0xca, 0xc4, 0x6, 0x33,
    0x7f, 0xed, 0x10, 0x18, 0xb8, 0x80, 0xf1, 0x3,
    0x95, 0x64, 0xf, 0x17, 0xd0, 0x1c, 0xc8, 0x1c,
    0xf1, 0x3, 0x2c, 0xc8, 0x1f, 0x2e, 0x80, 0xc5,
    0x20, 0x1c, 0x5f, 0x84, 0x9, 0x4d, 0x96, 0x4b,
    0x7a, 0x80, 0x8c, 0xf0, 0x81, 0xf1, 0x7b, 0x21,
    0x2, 0x29, 0xb8, 0x81, 0x2b, 0xf3, 0x20, 0x7f,
    0x15, 0x3c, 0x20, 0x62, 0x60, 0x39, 0x5d, 0x11,
    0x3, 0xe5, 0x3d, 0x64, 0x2, 0x9b, 0xed, 0x7d,
    0x59, 0x0, 0x5d, 0xd5, 0x1, 0x9c, 0x64, 0x9,
    0x5a, 0x64, 0xe, 0x2a, 0x6a, 0x80, 0xca, 0x32,
    0xf, 0x3, 0xc4, 0xf, 0xfe, 0xb, 0x24, 0x6,
    0x3d, 0x83, 0x98, 0x1c, 0xe4, 0x22, 0x7, 0xc5,
    0xc6, 0x40, 0xcb, 0x20, 0xa, 0x42, 0x3, 0x17,
    0x77, 0xff, 0x68, 0x80, 0xca, 0x42, 0x3, 0x17,
    0x75, 0x8d, 0x12, 0x3, 0xf1, 0x24, 0xe6, 0xf5,
    0x90, 0x0,

    /* U+0039 "9" */
    0x3, 0xe2, 0x9d, 0xad, 0xff, 0xda, 0xc6, 0x40,
    0xff, 0xe0, 0x17, 0xb2, 0xc4, 0x84, 0xf, 0x8a,
    0x73, 0x7a, 0xc8, 0x1f, 0x3f, 0x8, 0x18, 0xbb,
    0xb3, 0xec, 0xb1, 0x1, 0x94, 0xec, 0x81, 0x9d,
    0x20, 0x63, 0x3c, 0x44, 0x81, 0x24, 0xed, 0x30,
    0x31, 0xb4, 0x40, 0x1e, 0x7, 0x99, 0x20, 0x3f,
    0xcb, 0x20, 0x31, 0x48, 0x5, 0xc0, 0xf8, 0x81,
    0xff, 0xc0, 0x2c, 0xe, 0x3c, 0x82, 0x90, 0xe,
    0x56, 0x99, 0x3, 0x8a, 0x9a, 0x10, 0x3f, 0xc6,
    0x54, 0x6, 0x2a, 0x6f, 0xfb, 0x56, 0x11, 0x3,
    0x8f, 0x3, 0x95, 0xd6, 0x22, 0x40, 0x71, 0x49,
    0x36, 0x76, 0x7, 0x32, 0x40, 0x78, 0xa7, 0x76,
    0x7f, 0xda, 0xd3, 0x25, 0x90, 0x18, 0xe6, 0x7,
    0xff, 0x24, 0xbe, 0xc0, 0xc6, 0xb2, 0x7, 0xc4,
    0x80, 0xf1, 0x24, 0xe6, 0xc8, 0x40, 0x8b, 0xec,
    0xf, 0x8c, 0xd9, 0xff, 0xb6, 0x58, 0xc8, 0x11,
    0x57, 0xc2, 0x7, 0xf7, 0x20, 0x7f, 0x14, 0x8e,
    0x5d, 0x95, 0x10, 0x3c,

    /* U+003A ":" */
    0x3, 0x2b, 0xbf, 0xb4, 0x40, 0x72, 0xe8, 0x81,
    0x17, 0x90, 0x19, 0xe4, 0x6, 0x2b, 0x20, 0x31,
    0x77, 0xfd, 0xaa, 0x3, 0xff, 0xea, 0x5d, 0xff,
    0x6a, 0x80, 0xe7, 0x90, 0x18, 0xac, 0x80, 0xcb,
    0xa2, 0x4, 0x5e, 0x40,

    /* U+003B ";" */
    0x2, 0x2e, 0xef, 0xed, 0x10, 0x1c, 0xb2, 0x20,
    0x45, 0xe4, 0x6, 0x59, 0x1, 0x8b, 0xc8, 0xc,
    0x5d, 0xff, 0x68, 0x80, 0xff, 0xff, 0x81, 0xc5,
    0xef, 0xfa, 0xb0, 0x39, 0xe2, 0x6, 0x39, 0x81,
    0x8e, 0x60, 0x63, 0x58, 0x1c, 0x89, 0x1, 0x28,
    0xc0, 0xe3, 0xd8, 0x2, 0xfa, 0x3, 0x80,

    /* U+003C "<" */
    0x3, 0xff, 0xda, 0x53, 0xbb, 0xe8, 0x40, 0xff,
    0xe3, 0x14, 0xee, 0xfa, 0xc4, 0x43, 0xe0, 0x7f,
    0xf0, 0x4a, 0x77, 0x7d, 0x62, 0x20, 0xa9, 0x77,
    0xac, 0x81, 0xe2, 0x9d, 0xdf, 0x58, 0x89, 0x27,
    0x2e, 0xfa, 0xb4, 0x40, 0xf2, 0x9b, 0xeb, 0x11,
    0x24, 0xee, 0xfa, 0xc6, 0x88, 0x1f, 0xfc, 0x12,
    0x40, 0x78, 0xb0, 0x59, 0x3, 0xff, 0x8c, 0xaf,
    0xed, 0x1a, 0x20, 0xb9, 0x77, 0xed, 0x63, 0x20,
    0x7f, 0xf0, 0xcb, 0x97, 0x7d, 0x63, 0x44, 0x14,
    0xe6, 0xfd, 0xac, 0x68, 0xf, 0xfe, 0x11, 0x4e,
    0x5d, 0xf5, 0x8d, 0x10, 0x53, 0x92, 0x20, 0x7f,
    0xf1, 0xca, 0x72, 0xef, 0xac, 0x6b, 0x80,

    /* U+003D "=" */
    0x0, 0xa6, 0xdf, 0xfc, 0xea, 0xc0, 0x89, 0xff,
    0xe8, 0x30, 0x40, 0x3b, 0xff, 0xff, 0x3b, 0x32,
    0x7, 0xff, 0x5d, 0x4d, 0xbf, 0xf9, 0xd5, 0x81,
    0x13, 0xff, 0xd0, 0x60, 0x80,

    /* U+003E ">" */
    0x3, 0xff, 0xae, 0xef, 0xd6, 0x32, 0x7, 0xff,
    0x34, 0x80, 0x29, 0xcd, 0xf5, 0x8c, 0x81, 0xff,
    0xc7, 0x57, 0xeb, 0x19, 0x5, 0x39, 0xbe, 0xb1,
    0x90, 0x3f, 0xf8, 0x85, 0x39, 0xbf, 0x68, 0xd1,
    0x24, 0xe6, 0xfa, 0xc6, 0x40, 0xff, 0xe2, 0x97,
    0x2e, 0xfa, 0xc4, 0x49, 0x39, 0xbe, 0x88, 0xf,
    0xfe, 0x31, 0x67, 0x81, 0xf8, 0x98, 0xf, 0xf8,
    0xa7, 0x2f, 0xed, 0x63, 0x44, 0x93, 0x97, 0x7a,
    0xc0, 0xc5, 0xcb, 0xbf, 0x6b, 0x1a, 0x0, 0x9c,
    0xbb, 0xeb, 0x1a, 0x20, 0x79, 0xf8, 0xd1, 0x0,
    0x54, 0xbb, 0xf5, 0x8d, 0x10, 0x3f, 0xf8, 0x25,
    0x23, 0xbb, 0xf6, 0xad, 0x10, 0x3f, 0xf8, 0xc0,

    /* U+003F "?" */
    0x3, 0x8a, 0x72, 0xec, 0xff, 0xed, 0xaa, 0xd1,
    0x3, 0xfc, 0xae, 0xb1, 0xa2, 0x40, 0x7c, 0x4c,
    0xa5, 0xd8, 0xc8, 0x1f, 0x29, 0x9, 0x1c, 0x8b,
    0xb5, 0xfb, 0x65, 0x64, 0xc, 0x65, 0x40, 0x7c,
    0x5d, 0xa8, 0xd9, 0x13, 0x0, 0x24, 0xa5, 0x40,
    0x71, 0x3, 0xff, 0x98, 0xb2, 0x3, 0x1c, 0xc0,
    0xff, 0xe3, 0x97, 0x75, 0x40, 0x45, 0xf6, 0x40,
    0xff, 0xe2, 0x29, 0xb2, 0x22, 0xa, 0x9b, 0x21,
    0x3, 0xff, 0x88, 0xad, 0x32, 0x0, 0xbd, 0x95,
    0x90, 0x3f, 0xf8, 0xc7, 0x20, 0x32, 0x90, 0x40,
    0xff, 0xe5, 0x1d, 0x26, 0xb1, 0x1, 0xff, 0xcd,
    0x4d, 0xe4, 0x40, 0xff, 0xe6, 0xa9, 0xbf, 0xd5,
    0x90, 0x3f, 0xf9, 0x4b, 0x32, 0x6, 0x59, 0x1,
    0xff, 0xca, 0x59, 0x90, 0x22, 0xbb, 0x3, 0xff,
    0x82,

    /* U+0040 "@" */
    0x3, 0xff, 0x88, 0x53, 0x91, 0x76, 0x7f, 0xfb,
    0x6a, 0xc6, 0x88, 0x1f, 0xfc, 0xd2, 0xa6, 0xfa,
    0xc6, 0xc8, 0x82, 0x97, 0xc0, 0xa, 0x72, 0xef,
    0xab, 0x20, 0x7f, 0xf1, 0x4b, 0xba, 0xb2, 0xb,
    0x97, 0x7e, 0xd9, 0x6f, 0xdb, 0x3f, 0x6a, 0xc8,
    0x2a, 0x6a, 0xc8, 0x1f, 0xfc, 0x5, 0x3c, 0x40,
    0xab, 0xf4, 0x69, 0xb4, 0xbb, 0xff, 0xdb, 0x2c,
    0x37, 0x64, 0x40, 0x14, 0xec, 0xf, 0xe2, 0xe3,
    0x20, 0xbf, 0x50, 0x5, 0x7d, 0x8d, 0x12, 0x4d,
    0xc8, 0x9c, 0x93, 0x30, 0x5c, 0x82, 0x0, 0xd8,
    0x40, 0xf1, 0xb4, 0x40, 0x2b, 0x8, 0x5, 0x69,
    0x0, 0x2f, 0x7d, 0x64, 0xac, 0x60, 0x7f, 0x17,
    0x48, 0x2, 0x48, 0xf, 0x24, 0x20, 0xe, 0x60,
    0x4b, 0xa0, 0x25, 0x61, 0x3, 0xff, 0x82, 0x40,
    0xf1, 0x60, 0x4f, 0x90, 0x31, 0xe4, 0x9, 0x90,
    0x31, 0x60, 0x62, 0x80, 0xfe, 0x2c, 0xe, 0x60,
    0x7f, 0xdc, 0xf, 0xfe, 0x29, 0x60, 0x62, 0xc0,
    0xfc, 0xb1, 0x2, 0x20, 0x78, 0xe6, 0x4, 0xc9,
    0x1, 0x8f, 0x20, 0x4c, 0x81, 0x96, 0x20, 0x4b,
    0xb2, 0x4, 0x54, 0x84, 0x6, 0x24, 0x88, 0x2e,
    0x32, 0x1, 0xc4, 0x7, 0x92, 0x10, 0x6, 0xb0,
    0x33, 0xf0, 0x80, 0x53, 0x7f, 0x6a, 0xca, 0x90,
    0xc8, 0x53, 0x7d, 0x10, 0x2a, 0xc2, 0x7, 0xc6,
    0xd1, 0x0, 0x65, 0x40, 0x45, 0xef, 0xac, 0x6f,
    0x4b, 0xbd, 0x6d, 0x36, 0x48, 0x6e, 0x97, 0x65,
    0x40, 0x7f, 0x8b, 0xf1, 0x0, 0x57, 0xd8, 0x88,
    0x2, 0x9c, 0x99, 0xa2, 0x7, 0x8a, 0x36, 0x43,
    0x44, 0xf, 0xfe, 0x19, 0x77, 0x44, 0x42, 0x77,
    0x7e, 0xd9, 0x6f, 0xed, 0xaf, 0xf6, 0xb1, 0x1,
    0xff, 0xca, 0x2e, 0xef, 0xac, 0x68, 0x80, 0x4b,
    0xf0, 0x11, 0x4e, 0x45, 0x88, 0xf, 0xfe, 0x8,

    /* U+0041 "A" */
    0x3, 0xff, 0x8a, 0xaf, 0xff, 0xaa, 0x3, 0xff,
    0xa8, 0xba, 0x3, 0xf2, 0xec, 0xf, 0xfe, 0x93,
    0xe8, 0xc, 0x90, 0x81, 0x2a, 0xc0, 0xff, 0xe8,
    0x3c, 0x80, 0xcf, 0xc4, 0x40, 0x8d, 0x64, 0xf,
    0xfe, 0x61, 0x75, 0x1, 0x9e, 0x46, 0xa2, 0x4,
    0x6d, 0x10, 0x3f, 0xf9, 0x45, 0x52, 0x6, 0x79,
    0x0, 0x36, 0x88, 0x11, 0x74, 0x81, 0xff, 0xc8,
    0x36, 0x88, 0x19, 0xd4, 0x6, 0x2a, 0x90, 0x33,
    0xa8, 0xf, 0xfe, 0x31, 0xac, 0x81, 0x9d, 0x20,
    0x78, 0xaa, 0x40, 0xcf, 0xa0, 0x3f, 0xf8, 0x8a,
    0xb0, 0x3c, 0xf7, 0xff, 0xb4, 0x20, 0x72, 0xe8,
    0xf, 0xfe, 0x12, 0xec, 0xf, 0xfe, 0x72, 0xec,
    0xf, 0xfe, 0x2, 0xe8, 0xe, 0x77, 0x6f, 0xfe,
    0x15, 0x64, 0xc, 0xab, 0x3, 0xfc, 0xfa, 0x3,
    0x9d, 0x44, 0xff, 0xf0, 0x95, 0x44, 0xc, 0x6b,
    0x20, 0x7c, 0xea, 0x3, 0x9d, 0x20, 0x7f, 0xf1,
    0xd, 0x44, 0xc, 0x6d, 0x10, 0x31, 0x74, 0x81,
    0xce, 0x90, 0x3f, 0xf8, 0xc6, 0xd1, 0x3, 0x17,
    0x48,

    /* U+0042 "B" */
    0x5, 0xef, 0xff, 0xf8, 0xbb, 0x2d, 0x46, 0x80,
    0xff, 0xe8, 0x92, 0x48, 0xe5, 0xf9, 0x90, 0x3f,
    0xf8, 0x26, 0x6f, 0xf6, 0xda, 0xc4, 0x40, 0xe3,
    0x2a, 0x3, 0xff, 0x84, 0x40, 0xc4, 0xe4, 0xec,
    0x60, 0x79, 0x10, 0x3f, 0xfa, 0xcc, 0x81, 0xff,
    0xc2, 0x20, 0x7c, 0x49, 0x48, 0x60, 0x73, 0xe8,
    0xf, 0xfe, 0x1, 0x9b, 0xff, 0xb6, 0x56, 0x41,
    0x4e, 0xe8, 0x80, 0xff, 0xe8, 0x94, 0x9e, 0xa0,
    0x3f, 0xf8, 0x46, 0x7f, 0xfe, 0xd5, 0x90, 0x5,
    0x3b, 0x99, 0x3, 0xff, 0x96, 0x54, 0xec, 0xe,
    0x35, 0x10, 0x3f, 0xf9, 0xac, 0x81, 0xff, 0xc9,
    0x27, 0xf9, 0x23, 0xb1, 0x1, 0xe4, 0x48, 0xf,
    0xf1, 0x9b, 0x7f, 0x5a, 0x88, 0x81, 0x8b, 0xb1,
    0x1, 0xff, 0xcd, 0x29, 0x1d, 0xd9, 0x10, 0x18,

    /* U+0043 "C" */
    0x3, 0xff, 0x82, 0x53, 0x97, 0x6b, 0xff, 0x6d,
    0x58, 0xd2, 0x10, 0x3f, 0xf8, 0x5, 0xdf, 0xac,
    0x68, 0x98, 0xf, 0x13, 0x27, 0x2c, 0x44, 0xf,
    0xc5, 0xec, 0x88, 0xc, 0x53, 0x97, 0x6e, 0xb5,
    0x1b, 0x22, 0xa3, 0x20, 0x7c, 0xe4, 0x10, 0x31,
    0x77, 0x58, 0xd1, 0x3c, 0x91, 0xc8, 0xba, 0xa0,
    0x3f, 0x3a, 0x80, 0xe5, 0x21, 0x1, 0xff, 0xce,
    0x58, 0x81, 0xcb, 0xa0, 0x3f, 0xfa, 0x5, 0x81,
    0xe2, 0xc0, 0xff, 0xfc, 0x16, 0x7, 0x8b, 0x3,
    0xff, 0xa2, 0xf1, 0x3, 0x97, 0x40, 0x7f, 0xf4,
    0xa, 0xa4, 0xe, 0x52, 0x8, 0x1f, 0xfc, 0xf2,
    0xe3, 0x3, 0x8b, 0xd9, 0x5a, 0x42, 0x7c, 0x91,
    0xb4, 0xb1, 0x1, 0xfe, 0x53, 0x44, 0x7, 0x15,
    0x2d, 0x6d, 0xeb, 0x52, 0x1a, 0x42, 0x40, 0x7f,
    0xc5, 0xdf, 0xac, 0x68, 0x90, 0x1f, 0xc4, 0x93,
    0x68, 0x88, 0x10,

    /* U+0044 "D" */
    0x5, 0xef, 0xff, 0xf8, 0x9b, 0x2d, 0x46, 0x88,
    0x1f, 0xfd, 0x32, 0x49, 0x1c, 0xbb, 0xd8, 0x80,
    0xff, 0xe2, 0x19, 0xbf, 0xdb, 0x6b, 0x1a, 0x20,
    0x64, 0xee, 0x84, 0xf, 0xfe, 0x19, 0x3, 0x13,
    0x93, 0x97, 0x63, 0x20, 0x62, 0xfb, 0x20, 0x7f,
    0xf3, 0xcc, 0xec, 0xe, 0x36, 0x88, 0x1f, 0xfd,
    0x3, 0x98, 0x1c, 0x49, 0x1, 0xff, 0xd1, 0x7c,
    0x81, 0xcf, 0x90, 0x3f, 0xfa, 0x3c, 0xf, 0xb8,
    0x1f, 0xfd, 0x16, 0x48, 0xe, 0x60, 0x81, 0xff,
    0xcf, 0x5d, 0x1, 0xc7, 0x20, 0x3f, 0xf9, 0xca,
    0x42, 0x3, 0x8d, 0x64, 0xf, 0xfe, 0x1, 0x3f,
    0x92, 0x39, 0xbd, 0x64, 0xc, 0x67, 0x60, 0x7f,
    0xf0, 0xc, 0xdb, 0xf5, 0xa8, 0xc8, 0x1c, 0xa6,
    0xc6, 0x40, 0xff, 0xe6, 0x12, 0x4d, 0xa6, 0xfd,
    0x59, 0x3, 0xe0,

    /* U+0045 "E" */
    0x5, 0xef, 0xff, 0xf9, 0x55, 0x1, 0xff, 0xdd,
    0x33, 0x6f, 0xfe, 0x17, 0xa8, 0xf, 0xfe, 0x9,
    0x3f, 0xfc, 0x20, 0x3f, 0xfc, 0x3c, 0x9f, 0xfe,
    0x10, 0x1f, 0xfc, 0x22, 0xf6, 0xff, 0xe1, 0x54,
    0x7, 0xff, 0x78, 0xcf, 0xff, 0xf8, 0x55, 0x1,
    0xff, 0xfd, 0xe4, 0xff, 0xf0, 0xc0, 0xff, 0xe0,
    0x97, 0xb7, 0xff, 0xe, 0xa0, 0x3f, 0xfa, 0x80,

    /* U+0046 "F" */
    0x5, 0xef, 0xff, 0xf9, 0x55, 0x1, 0xff, 0xdd,
    0x53, 0x6f, 0xfe, 0x17, 0xa8, 0xf, 0xfe, 0x9,
    0x3f, 0xfc, 0x20, 0x3f, 0xff, 0xca, 0x7f, 0xff,
    0xc2, 0x88, 0xf, 0xfe, 0xf2, 0x9b, 0x7f, 0xf0,
    0x7c, 0x40, 0x7f, 0xf0, 0x89, 0xff, 0xe0, 0x81,
    0xff, 0xff, 0x3, 0xff, 0xce,

    /* U+0047 "G" */
    0x3, 0xff, 0x84, 0x53, 0x97, 0x6b, 0xff, 0xb6,
    0xad, 0x46, 0x88, 0x1f, 0xfc, 0x12, 0xa6, 0xfa,
    0xc6, 0x89, 0x80, 0xf8, 0x99, 0x23, 0x96, 0x88,
    0x1f, 0xe5, 0x75, 0x64, 0xc, 0x53, 0x96, 0xb6,
    0xeb, 0x69, 0xd, 0x24, 0xa4, 0xf, 0xca, 0xd2,
    0x3, 0x8c, 0xd9, 0x63, 0x48, 0x4f, 0x25, 0x36,
    0x96, 0x99, 0x3, 0xf3, 0xe8, 0xe, 0x33, 0x32,
    0x7, 0xff, 0x41, 0x64, 0x7, 0x2a, 0xc0, 0xff,
    0xe9, 0x96, 0x7, 0x8a, 0x3, 0xf9, 0xef, 0xff,
    0xf8, 0x55, 0x1, 0xff, 0xe3, 0x2c, 0xf, 0x16,
    0x7, 0xf3, 0xfb, 0x7a, 0xa0, 0x3f, 0xf8, 0x2f,
    0x10, 0x39, 0x74, 0x7, 0xf1, 0x3f, 0x32, 0x7,
    0xff, 0x4, 0xaa, 0x40, 0xe5, 0x21, 0x1, 0xff,
    0xd2, 0x2e, 0x32, 0x6, 0x2e, 0xeb, 0x1a, 0x42,
    0x7c, 0x92, 0x90, 0x3f, 0xf8, 0x8a, 0x78, 0x88,
    0x18, 0xa7, 0x2d, 0x6d, 0xeb, 0x4d, 0x1, 0xff,
    0xc6, 0x2e, 0xec, 0xb1, 0xa4, 0x20, 0x7f, 0xc4,
    0x92, 0x39, 0x16, 0x20, 0x0,

    /* U+0048 "H" */
    0x5, 0xef, 0xfb, 0x30, 0x3f, 0xf8, 0xaa, 0xff,
    0xe8, 0x80, 0xff, 0xff, 0x81, 0xff, 0xff, 0x3,
    0xff, 0x8b, 0xc9, 0xff, 0xe3, 0x1, 0xff, 0xc7,
    0x2f, 0x6f, 0xfe, 0x2c, 0x40, 0x7f, 0xfb, 0x4c,
    0xff, 0xff, 0x8b, 0x50, 0x1f, 0xff, 0xf0, 0x3f,
    0xff, 0xe0, 0x7f, 0xfa, 0x80,

    /* U+0049 "I" */
    0xa, 0xff, 0xff, 0xc4, 0xac, 0xc, 0xfb, 0x44,
    0xf, 0xf8, 0xac, 0x80, 0xc5, 0x4b, 0xab, 0x3,
    0xca, 0xfd, 0x59, 0x3, 0xff, 0xfe, 0x7, 0xff,
    0xfc, 0xf, 0xff, 0xd1, 0x52, 0xea, 0xc0, 0xf2,
    0xbb, 0x2b, 0x20, 0x67, 0xda, 0x20, 0x7f, 0x89,
    0x2c, 0x80, 0x80,

    /* U+004A "J" */
    0x3, 0xfc, 0x66, 0xff, 0xab, 0x3, 0xff, 0xfe,
    0x7, 0xff, 0xfc, 0xf, 0xff, 0xf8, 0x1f, 0xfe,
    0x32, 0x7, 0xfc, 0xc9, 0x1, 0xff, 0xc3, 0x2a,
    0x42, 0x3, 0x8e, 0x40, 0xcd, 0xfe, 0xd5, 0x90,
    0x39, 0xc6, 0x7, 0xff, 0x4, 0xa7, 0x74, 0x40,
    0x46, 0x6f, 0xed, 0xfe, 0xd6, 0x22, 0x7, 0x0,

    /* U+004B "K" */
    0x5, 0xef, 0xfb, 0x30, 0x3f, 0xf8, 0x25, 0xef,
    0xfd, 0x59, 0x3, 0xff, 0x9a, 0xae, 0x84, 0x8,
    0xbb, 0x4c, 0x81, 0xff, 0xca, 0x33, 0x54, 0x6,
    0x53, 0xc4, 0x7, 0xff, 0x2d, 0x5c, 0xc8, 0x11,
    0x7a, 0xb2, 0x7, 0xff, 0x28, 0xcd, 0x50, 0x19,
    0x5d, 0x8, 0x1f, 0xfc, 0xa2, 0xae, 0x64, 0x8,
    0xcd, 0x50, 0x1f, 0xfc, 0xb3, 0x7d, 0x40, 0x71,
    0x48, 0x40, 0xff, 0xe7, 0x12, 0x3, 0xe2, 0xfc,
    0x20, 0x7f, 0xf3, 0x4b, 0xbf, 0x44, 0x6, 0x2f,
    0xc2, 0x7, 0xff, 0x28, 0xd8, 0x81, 0x72, 0x10,
    0x18, 0xbf, 0x8, 0x1f, 0xfc, 0xf2, 0xec, 0x40,
    0x62, 0xfc, 0x20, 0x7f, 0xf4, 0x1d, 0x88, 0xc,
    0x5f, 0x84, 0xf, 0xfe, 0x83, 0xb4, 0x80, 0xc5,
    0xf8, 0x40, 0xff, 0xe8, 0x2b, 0x48, 0xc, 0x5f,
    0x88, 0x8,

    /* U+004C "L" */
    0x5, 0xef, 0xfb, 0x30, 0x3f, 0xff, 0xe0, 0x7f,
    0xff, 0xc0, 0xff, 0xff, 0x81, 0xff, 0xff, 0x3,
    0xff, 0xa3, 0xc9, 0xff, 0xe2, 0x1, 0xff, 0xc0,
    0x2f, 0x6f, 0xfe, 0x25, 0x60, 0x7f, 0xf4, 0xc0,

    /* U+004D "M" */
    0x5, 0xef, 0xff, 0xa2, 0x3, 0xff, 0x90, 0xaf,
    0xff, 0xd5, 0x81, 0xff, 0xc4, 0x79, 0x1, 0xff,
    0xc6, 0x5d, 0x1, 0xff, 0xd0, 0x79, 0x1, 0xff,
    0xc4, 0x7d, 0x1, 0xff, 0xcb, 0x4a, 0x3, 0x3c,
    0x80, 0xff, 0xe1, 0x3c, 0x80, 0x93, 0x40, 0x7f,
    0xf1, 0x9e, 0xec, 0xc, 0xfa, 0x3, 0xff, 0x80,
    0xf2, 0x2, 0x5f, 0x1, 0xff, 0xc9, 0x75, 0x81,
    0x97, 0x40, 0x7f, 0x9d, 0x40, 0x4b, 0xa0, 0x3f,
    0xf9, 0x66, 0xb0, 0x32, 0xe8, 0xf, 0x8b, 0xa4,
    0x9, 0xf4, 0x7, 0xff, 0x34, 0xd6, 0x6, 0x5d,
    0x1, 0xc5, 0x52, 0x4, 0xf2, 0x0, 0x40, 0xff,
    0xe6, 0x1a, 0xc0, 0xcb, 0xa0, 0x23, 0x68, 0x81,
    0x3a, 0x80, 0xff, 0xe8, 0x9a, 0xc8, 0x12, 0xe8,
    0x1a, 0x88, 0x13, 0xa4, 0xf, 0xfe, 0x99, 0xa8,
    0x81, 0x2f, 0x2b, 0x20, 0xb, 0xa4, 0xf, 0xfe,
    0xa9, 0xa8, 0x81, 0x26, 0xc0, 0x46, 0xd1, 0x3,
    0xff, 0xae, 0x6a, 0x20, 0x7c, 0x6a, 0x20, 0x7f,
    0xf6, 0x4d, 0x44, 0xe, 0x35, 0x10, 0x3f, 0xf9,
    0x0,

    /* U+004E "N" */
    0x5, 0xef, 0xff, 0x54, 0x7, 0xff, 0x15, 0x5f,
    0xfa, 0xa0, 0x3f, 0xf8, 0x4a, 0xc4, 0x7, 0xff,
    0x71, 0xc8, 0x20, 0x7f, 0xf5, 0x12, 0x80, 0xc5,
    0xf8, 0x40, 0xff, 0xe9, 0xf9, 0x50, 0x18, 0xbe,
    0xc8, 0x1f, 0xfd, 0x6, 0x49, 0x58, 0x80, 0xc6,
    0x43, 0x20, 0x7f, 0xf4, 0x8, 0x7, 0x20, 0x81,
    0x94, 0x84, 0x7, 0xff, 0x4c, 0xbe, 0xc8, 0x19,
    0x5a, 0x40, 0x7f, 0xf4, 0xcc, 0xec, 0x81, 0x95,
    0x88, 0x8, 0x81, 0xff, 0xcf, 0x32, 0x10, 0x1c,
    0xe4, 0x10, 0x3f, 0xfa, 0x6a, 0xd2, 0x3, 0x17,
    0xf8, 0x81, 0xff, 0xd3, 0x56, 0x20, 0x31, 0x48,
    0x7, 0xff, 0x55, 0xc8, 0x20, 0x7f, 0xf6, 0xcb,
    0xf0, 0x81, 0xff, 0xc0,

    /* U+004F "O" */
    0x3, 0xff, 0x80, 0x53, 0x96, 0xb6, 0x7f, 0xf6,
    0xd5, 0x8d, 0x10, 0x3f, 0xf8, 0xc5, 0x4d, 0x96,
    0x34, 0x84, 0x80, 0xf8, 0x99, 0x39, 0x77, 0xac,
    0x81, 0xff, 0xc0, 0x33, 0xd6, 0x40, 0xc5, 0x4b,
    0x5b, 0x7a, 0xc6, 0x80, 0xe5, 0x35, 0x40, 0x7e,
    0x2f, 0xb2, 0x6, 0x2f, 0x65, 0x69, 0x9, 0xf2,
    0x72, 0xfa, 0x80, 0xe5, 0x62, 0x3, 0x8a, 0xa4,
    0xe, 0x52, 0x8, 0x1f, 0xfc, 0x45, 0x19, 0x3,
    0x9e, 0x40, 0x67, 0x88, 0x1c, 0xb2, 0x3, 0xff,
    0x8e, 0x72, 0x3, 0xc8, 0x90, 0x11, 0x60, 0x78,
    0x90, 0x1f, 0xfc, 0x97, 0xc8, 0x1c, 0x7b, 0x3,
    0xff, 0xc0, 0xc0, 0x8b, 0x3, 0xc4, 0x80, 0xff,
    0xe4, 0xbe, 0x40, 0xe3, 0xc0, 0xcf, 0x10, 0x39,
    0x64, 0x7, 0xff, 0x1c, 0xe4, 0x7, 0x91, 0x20,
    0x22, 0xa9, 0x3, 0x94, 0x82, 0x7, 0xff, 0x11,
    0xc6, 0x40, 0xe7, 0x90, 0x1c, 0x5f, 0x64, 0xc,
    0x5e, 0xca, 0xd9, 0x13, 0xc9, 0x1c, 0xbe, 0x20,
    0x39, 0x58, 0x80, 0xfc, 0x67, 0xac, 0x81, 0x8a,
    0x91, 0x76, 0xeb, 0x51, 0xa0, 0x39, 0x4d, 0x50,
    0x1f, 0xfc, 0x2, 0xa6, 0xcb, 0x1a, 0x26, 0x3,
    0xe2, 0x64, 0xe5, 0xde, 0xb2, 0x7, 0x80,

    /* U+0050 "P" */
    0x5, 0xef, 0xff, 0xf8, 0x9b, 0x2c, 0x68, 0x81,
    0xff, 0xce, 0x24, 0x9c, 0xbb, 0x19, 0x3, 0xff,
    0x80, 0x66, 0xfe, 0xda, 0xb1, 0x90, 0x38, 0xc8,
    0x60, 0x7f, 0xf0, 0x48, 0x11, 0x32, 0x73, 0x54,
    0x7, 0x2c, 0x80, 0xff, 0xe5, 0xb2, 0x7, 0xc4,
    0xf, 0xfe, 0x5a, 0x20, 0x78, 0x90, 0x1f, 0xfc,
    0x2, 0x0, 0x99, 0x23, 0xba, 0x20, 0x39, 0xe4,
    0x7, 0xf8, 0xcd, 0xfb, 0x6a, 0xd4, 0x44, 0xc,
    0x5d, 0x88, 0xf, 0xfe, 0x49, 0x24, 0xe5, 0xd9,
    0x10, 0x1f, 0xfc, 0x13, 0x3f, 0xfd, 0xb2, 0xc6,
    0x88, 0x1f, 0xff, 0xf0, 0x3f, 0xfe, 0x80,

    /* U+0051 "Q" */
    0x3, 0xff, 0x80, 0x53, 0x96, 0xb6, 0x7f, 0xf6,
    0xd5, 0x8d, 0x10, 0x3f, 0xf8, 0xc5, 0x4d, 0x96,
    0x34, 0x84, 0x80, 0xf8, 0x99, 0x39, 0x77, 0xac,
    0x81, 0xff, 0xc0, 0x33, 0xd6, 0x40, 0xc5, 0x4b,
    0x5b, 0x7a, 0xc6, 0x80, 0xe5, 0x35, 0x40, 0x7e,
    0x2f, 0xb2, 0x6, 0x2f, 0x65, 0x69, 0x9, 0xf2,
    0x72, 0xfa, 0x80, 0xe5, 0x62, 0x3, 0x8a, 0xa4,
    0xe, 0x52, 0x8, 0x1f, 0xfc, 0x45, 0x19, 0x3,
    0x9e, 0x40, 0x67, 0x88, 0x1c, 0xb2, 0x3, 0xff,
    0x8e, 0x72, 0x3, 0xc8, 0x90, 0x11, 0x60, 0x78,
    0x90, 0x1f, 0xfc, 0x97, 0xc8, 0x1c, 0x7b, 0x3,
    0xff, 0xc0, 0xc0, 0x8b, 0x3, 0xc4, 0x80, 0xff,
    0xe4, 0xbe, 0x40, 0xe3, 0xc0, 0xcf, 0x10, 0x39,
    0x64, 0x7, 0xff, 0x1c, 0xe4, 0x7, 0x91, 0x20,
    0x22, 0xa9, 0x3, 0x94, 0x82, 0x7, 0xff, 0x11,
    0xc6, 0x40, 0xe7, 0x50, 0x1c, 0x5f, 0x64, 0xc,
    0x5e, 0xca, 0xd9, 0x13, 0xc9, 0x1c, 0xbe, 0x20,
    0x39, 0x58, 0x40, 0xfc, 0x67, 0xac, 0x81, 0x8a,
    0x91, 0x76, 0xeb, 0x51, 0xa0, 0x31, 0x53, 0x54,
    0x7, 0xff, 0x0, 0xa9, 0xb2, 0xc6, 0x89, 0x80,
    0xff, 0xe0, 0x17, 0xb2, 0xb2, 0x7, 0xff, 0x18,
    0xa7, 0x2e, 0xd7, 0xfd, 0x50, 0x1c, 0x5f, 0x84,
    0xf, 0xfe, 0xaa, 0xba, 0x20, 0x31, 0x7b, 0x21,
    0x3, 0xff, 0xa8, 0x5d, 0xcc, 0x81, 0x8b, 0xd8,
    0xc8, 0x0,

    /* U+0052 "R" */
    0x5, 0xef, 0xff, 0xf8, 0x9b, 0x2c, 0x68, 0x81,
    0xff, 0xd4, 0x24, 0x9c, 0xbb, 0x22, 0x3, 0xff,
    0x8c, 0x66, 0xdf, 0x5a, 0x88, 0x81, 0x8b, 0x90,
    0x40, 0xff, 0xe3, 0x13, 0xf2, 0x47, 0x63, 0x3,
    0x89, 0x20, 0x3f, 0xfb, 0x44, 0xf, 0xfe, 0x69,
    0x27, 0x21, 0x81, 0xcb, 0xa0, 0x3f, 0xf8, 0x86,
    0x7f, 0xf6, 0xc8, 0xc8, 0x11, 0x7a, 0xa0, 0x3f,
    0xfa, 0x6a, 0xfd, 0x8, 0x1f, 0xfc, 0x73, 0x37,
    0xfa, 0xb0, 0x39, 0x74, 0x7, 0xff, 0x30, 0x81,
    0x94, 0xa8, 0xc, 0xad, 0x20, 0x3f, 0xfa, 0x2a,
    0x41, 0x3, 0x2b, 0x10, 0x1f, 0xfd, 0x2, 0xfb,
    0x20, 0x67, 0x20, 0x81, 0xff, 0xd0, 0x32, 0x18,
    0x18, 0xbf, 0x8, 0x1f, 0xfd, 0x5, 0x2a, 0x3,
    0x17, 0xd9, 0x2,

    /* U+0053 "S" */
    0x3, 0xf1, 0x72, 0xed, 0x7f, 0xed, 0xab, 0x1a,
    0x20, 0x7e, 0x2e, 0xfd, 0x1a, 0x26, 0x3, 0xc4,
    0xc9, 0xcb, 0x18, 0x1e, 0x52, 0x10, 0x18, 0xa9,
    0x76, 0xeb, 0x52, 0x1a, 0x2f, 0xb0, 0x38, 0xe6,
    0x7, 0x2b, 0x4d, 0x13, 0xc9, 0x1b, 0x4b, 0xa2,
    0x3, 0xc7, 0x81, 0xe7, 0xc8, 0x1f, 0xfc, 0xb7,
    0x50, 0x18, 0xbd, 0x95, 0xa2, 0x7, 0xff, 0x1d,
    0xda, 0x64, 0xc, 0x54, 0xbb, 0xeb, 0x19, 0x3,
    0xff, 0x86, 0xa6, 0xfa, 0xc4, 0x40, 0xc5, 0x39,
    0xbe, 0x88, 0xf, 0xfe, 0x19, 0x4e, 0xef, 0xd6,
    0x32, 0x6, 0x2e, 0xe6, 0x7, 0xff, 0x21, 0x39,
    0xab, 0x3, 0x8d, 0x60, 0x7f, 0xf2, 0xdf, 0x20,
    0x7f, 0xca, 0xfd, 0x63, 0x64, 0x84, 0xf9, 0x39,
    0xe1, 0x3, 0x14, 0x80, 0x62, 0x0, 0xa7, 0x22,
    0xd6, 0xde, 0xb1, 0x90, 0x31, 0x72, 0x8, 0x19,
    0xc9, 0x34, 0x4c, 0x7, 0xe2, 0x49, 0xcb, 0xb2,
    0x20, 0x30,

    /* U+0054 "T" */
    0x2, 0x57, 0xff, 0xfe, 0x96, 0x60, 0x7f, 0xf8,
    0x15, 0xdb, 0xfd, 0x50, 0x1e, 0x53, 0x6f, 0xf9,
    0x81, 0xf1, 0x3f, 0xe0, 0x40, 0xf8, 0x9f, 0xf8,
    0xf, 0xff, 0xf8, 0x1f, 0xff, 0xf0, 0x3f, 0xff,
    0xe0, 0x7f, 0xff, 0xc0, 0xff, 0xff, 0x81, 0xff,
    0xc7,

    /* U+0055 "U" */
    0xa, 0x7f, 0xea, 0x80, 0xff, 0xe2, 0xab, 0xff,
    0x68, 0x40, 0xff, 0xff, 0x81, 0xff, 0xff, 0x3,
    0xff, 0xfe, 0x7, 0xff, 0xfc, 0xf, 0xfe, 0x13,
    0x3, 0xf1, 0x3, 0xff, 0x88, 0x49, 0x81, 0xee,
    0x40, 0x1c, 0x80, 0xe5, 0x98, 0x1f, 0xfc, 0x23,
    0x68, 0x81, 0xc8, 0x81, 0x97, 0x40, 0x72, 0x9a,
    0xc6, 0x90, 0x99, 0x23, 0x97, 0x32, 0x6, 0x2e,
    0xa0, 0x39, 0x5c, 0xc8, 0x18, 0xa7, 0x2d, 0x6d,
    0x5a, 0x8d, 0x1, 0xca, 0x78, 0x40, 0xfc, 0x66,
    0xcb, 0x1a, 0x24, 0x7, 0xe2, 0x49, 0xb5, 0xde,
    0xb2, 0x7, 0x0,

    /* U+0056 "V" */
    0x0, 0x5e, 0xff, 0xb3, 0x3, 0xff, 0x8e, 0x5e,
    0xff, 0xb3, 0x2, 0x2a, 0x90, 0x31, 0xac, 0x81,
    0xff, 0xc4, 0x36, 0x88, 0x18, 0xd6, 0x6, 0x2e,
    0x90, 0x31, 0xa8, 0x81, 0xff, 0xc2, 0x35, 0x10,
    0x32, 0xac, 0xf, 0x9d, 0x20, 0x63, 0x51, 0x3,
    0xff, 0x80, 0x6a, 0x20, 0x65, 0x98, 0x1f, 0xce,
    0xa0, 0x31, 0xa8, 0x81, 0xfe, 0x35, 0x10, 0x32,
    0xec, 0xf, 0xf9, 0xe4, 0x6, 0x35, 0x10, 0x3f,
    0x1a, 0x88, 0x19, 0x74, 0x7, 0xff, 0x5, 0xe4,
    0x6, 0x35, 0x10, 0x3c, 0x6a, 0x20, 0x65, 0xd0,
    0x1f, 0xfc, 0x37, 0xd0, 0x18, 0xd4, 0x40, 0xc6,
    0xa2, 0x6, 0x5d, 0x1, 0xff, 0xc5, 0x5d, 0x1,
    0x8d, 0x44, 0x1, 0xa8, 0x81, 0x97, 0x40, 0x7f,
    0xf1, 0xd7, 0x40, 0x63, 0x50, 0x29, 0x8, 0x19,
    0xf4, 0x7, 0xff, 0x25, 0x74, 0x6, 0x39, 0xac,
    0x40, 0xce, 0xa0, 0x3f, 0xf9, 0x6b, 0xb0, 0x32,
    0x90, 0x80, 0xce, 0x90, 0x3f, 0xf9, 0xab, 0x30,
    0x3f, 0xce, 0x90, 0x3f, 0xf9, 0xea, 0xb0, 0x3e,
    0x2e, 0x90, 0x3f, 0xf8, 0x20,

    /* U+0057 "W" */
    0x2, 0x7b, 0xfe, 0xcc, 0xf, 0xfe, 0x11, 0x9b,
    0xfe, 0xd0, 0x81, 0xff, 0xc2, 0x77, 0xfe, 0xcc,
    0x81, 0xc9, 0x8, 0x18, 0xe4, 0x7, 0xff, 0x0,
    0xa4, 0x20, 0x71, 0x48, 0x40, 0xff, 0xe0, 0x2c,
    0x80, 0xe4, 0x84, 0xe, 0x39, 0x1, 0xcb, 0x20,
    0x3f, 0xe5, 0x48, 0x1f, 0x1a, 0x80, 0xff, 0x8e,
    0x40, 0x73, 0xc4, 0xf, 0x96, 0x40, 0x72, 0xc4,
    0xf, 0xe7, 0x88, 0x11, 0x30, 0x11, 0xcc, 0xf,
    0xe2, 0x90, 0xe, 0x59, 0x1, 0xfc, 0xb2, 0x3,
    0x14, 0x80, 0x7e, 0x59, 0x1, 0x15, 0x11, 0x2,
    0x59, 0x1, 0xf9, 0x62, 0x6, 0x39, 0x1, 0xff,
    0x2c, 0x40, 0xc7, 0x20, 0x3c, 0xb2, 0x3, 0x2c,
    0xb2, 0x3, 0x2c, 0x80, 0xf2, 0xe8, 0xc, 0x52,
    0x1, 0xff, 0xc0, 0x29, 0x8, 0x19, 0x64, 0x6,
    0x39, 0x1, 0x96, 0x41, 0x64, 0x6, 0x78, 0x81,
    0x8e, 0x40, 0x72, 0xa4, 0xf, 0xfe, 0x9, 0xc8,
    0xe, 0x58, 0x80, 0x29, 0x8, 0x12, 0xc8, 0x9,
    0x64, 0x6, 0x54, 0x81, 0x24, 0x20, 0x65, 0x88,
    0x1f, 0xfc, 0x35, 0x90, 0x18, 0x92, 0x0, 0xa9,
    0x2, 0x39, 0x1, 0xcf, 0x10, 0x22, 0x90, 0x2,
    0xc4, 0xc, 0xb2, 0x3, 0xff, 0x8a, 0xb2, 0x3,
    0x2c, 0x93, 0x10, 0x22, 0x90, 0x81, 0xe5, 0x48,
    0x11, 0xc9, 0x32, 0x3, 0x1c, 0xc0, 0xff, 0xe3,
    0xac, 0x40, 0xcf, 0xf3, 0x3, 0x2c, 0x40, 0xf8,
    0xa4, 0x20, 0x4b, 0xf2, 0x3, 0x14, 0x80, 0x7f,
    0xf2, 0xa, 0x40, 0x31, 0x48, 0x40, 0x96, 0x40,
    0x7f, 0x1c, 0x80, 0xc9, 0x8, 0x19, 0x62, 0x7,
    0xff, 0x24, 0xe6, 0x7, 0xf2, 0xe8, 0xf, 0xf9,
    0x64, 0x7, 0xf2, 0xc8, 0xf, 0xfe, 0x5a, 0xc8,
    0xf, 0x8e, 0x40, 0x7f, 0xf0, 0x56, 0x40, 0x7c,
    0xb2, 0x3, 0xff, 0x80,

    /* U+0058 "X" */
    0x3, 0x2b, 0xff, 0xb3, 0x20, 0x7f, 0xf0, 0xd5,
    0xff, 0xd5, 0x1, 0xfc, 0xad, 0x20, 0x31, 0x9d,
    0x90, 0x3f, 0xe5, 0x69, 0x1, 0x94, 0xa8, 0xf,
    0xf9, 0x5a, 0x40, 0x63, 0x21, 0x81, 0xf8, 0xca,
    0x80, 0xca, 0x56, 0x7, 0xff, 0xd, 0x5a, 0x40,
    0x65, 0x2a, 0x3, 0x19, 0xd8, 0x19, 0x48, 0x60,
    0x7f, 0xf1, 0xd5, 0xa4, 0x6, 0x56, 0x91, 0x7d,
    0x90, 0x23, 0x21, 0x90, 0x3f, 0xf9, 0x4a, 0xd2,
    0x3, 0x2b, 0xa1, 0x2, 0x33, 0xb2, 0x7, 0xff,
    0x39, 0x58, 0x40, 0xfc, 0x67, 0x64, 0xf, 0xfe,
    0x8b, 0xc4, 0xf, 0xc7, 0x30, 0x3f, 0xfa, 0x2a,
    0xc4, 0x4, 0x4c, 0x6, 0x56, 0x90, 0x1f, 0xfc,
    0xd5, 0x69, 0x1, 0x9c, 0xd9, 0x50, 0x19, 0x5a,
    0x40, 0x7f, 0xf2, 0x55, 0xa4, 0x6, 0x56, 0x20,
    0xa, 0xc4, 0x6, 0x56, 0x90, 0x1f, 0xfc, 0x55,
    0x69, 0x1, 0x95, 0xa4, 0x7, 0x9c, 0x82, 0x6,
    0x56, 0x90, 0x1f, 0xfc, 0x15, 0x69, 0x1, 0x94,
    0xa8, 0xf, 0xe2, 0xfc, 0x20, 0x65, 0x69, 0x1,
    0xfc, 0xad, 0x20, 0x32, 0x95, 0x81, 0xff, 0xc1,
    0x2f, 0xb2, 0x6, 0x56, 0x90, 0x18,

    /* U+0059 "Y" */
    0x2, 0x77, 0xff, 0x54, 0x7, 0xff, 0x11, 0x5f,
    0xfd, 0x99, 0x3, 0x9c, 0x64, 0xc, 0xa4, 0x10,
    0x3f, 0xf8, 0x6, 0x42, 0x3, 0x17, 0xd9, 0x3,
    0xc6, 0x42, 0x3, 0x17, 0x18, 0x1f, 0xe5, 0x19,
    0x3, 0x29, 0x4, 0xf, 0xf2, 0xb0, 0x81, 0x94,
    0x84, 0x7, 0x8c, 0x84, 0x6, 0x32, 0x10, 0x1f,
    0xfc, 0x27, 0xd9, 0x3, 0x38, 0xc8, 0x13, 0x8c,
    0x81, 0x17, 0xd9, 0x3, 0xff, 0x88, 0x64, 0x20,
    0x31, 0x95, 0x24, 0x84, 0x6, 0x52, 0x8, 0x1f,
    0xfc, 0x85, 0x20, 0x81, 0x9d, 0xa6, 0x6, 0x32,
    0x10, 0x1f, 0xfc, 0xb2, 0xfb, 0x20, 0x7e, 0x2f,
    0xb2, 0x7, 0xff, 0x38, 0xca, 0x80, 0xf2, 0xb0,
    0x81, 0xff, 0xd2, 0x24, 0x7, 0xc4, 0xf, 0xff,
    0xf8, 0x1f, 0xff, 0xf0, 0x3f, 0xfa, 0xc0,

    /* U+005A "Z" */
    0x6, 0x7f, 0xff, 0xd0, 0xac, 0xf, 0xfe, 0xe1,
    0x9b, 0x7f, 0xf1, 0xa2, 0x3, 0xc5, 0xc6, 0x7,
    0x89, 0xff, 0xe2, 0x3b, 0x48, 0xc, 0x67, 0x84,
    0xf, 0xfe, 0x4a, 0xb4, 0xc8, 0x11, 0x9d, 0x90,
    0x3f, 0xf9, 0x2a, 0xd2, 0x3, 0x19, 0xd9, 0x3,
    0xff, 0x92, 0xad, 0x20, 0x32, 0x9d, 0x90, 0x3f,
    0xf9, 0x5, 0xda, 0x40, 0x65, 0x69, 0x90, 0x3f,
    0xf9, 0x5, 0xf8, 0x80, 0xca, 0xd2, 0x3, 0xff,
    0x92, 0x5f, 0x84, 0xc, 0xed, 0x20, 0x3f, 0xf9,
    0x26, 0x78, 0x40, 0x8b, 0xb1, 0x1, 0xff, 0xc9,
    0x33, 0xb2, 0x6, 0x56, 0x99, 0x3f, 0xfc, 0x50,
    0x39, 0xc6, 0x40, 0xf2, 0x9b, 0x7f, 0xf1, 0xe2,
    0x3, 0x30, 0x3f, 0xfa, 0xa0,

    /* U+005B "[" */
    0x33, 0x7f, 0xff, 0x66, 0x7, 0xfc, 0x4f, 0x22,
    0x7, 0xf2, 0x9b, 0x74, 0x40, 0x7f, 0xff, 0xc0,
    0xff, 0xff, 0x81, 0xff, 0xff, 0x53, 0x6e, 0x88,
    0xf, 0xf8, 0x9e, 0x44, 0x0,

    /* U+005C "\\" */
    0x2, 0x57, 0xfe, 0xa8, 0xf, 0xfe, 0x4a, 0xec,
    0xc, 0xbb, 0x3, 0xff, 0x92, 0xab, 0x3, 0x2a,
    0xc0, 0xff, 0xe4, 0x9a, 0xc8, 0x11, 0xac, 0x81,
    0xff, 0xc8, 0x36, 0x88, 0x11, 0xb4, 0x40, 0xff,
    0xe4, 0x17, 0x48, 0x11, 0x74, 0x81, 0xff, 0xc9,
    0x71, 0x1, 0x9d, 0x40, 0x7f, 0xf2, 0x57, 0x40,
    0x67, 0xd0, 0x1f, 0xfc, 0x95, 0xd8, 0x19, 0x76,
    0x7, 0xff, 0x25, 0x56, 0x6, 0x55, 0x81, 0xff,
    0xc9, 0x35, 0x90, 0x23, 0x59, 0x3, 0xff, 0x90,
    0x6d, 0x10, 0x23, 0x68, 0x81, 0xff, 0xc8, 0x2e,
    0x90, 0x22, 0xe9, 0x3, 0xff, 0x92, 0xea, 0x3,
    0x3a, 0x80, 0x80,

    /* U+005D "]" */
    0x33, 0x7f, 0xff, 0x66, 0x40, 0x76, 0x4f, 0x1,
    0xfe, 0x2e, 0xed, 0xd0, 0x81, 0xff, 0xff, 0x3,
    0xff, 0xfe, 0x7, 0xff, 0xf8, 0xbb, 0xb7, 0x42,
    0x7, 0xf7, 0x64, 0xf0, 0x1f, 0xe0,

    /* U+005E "^" */
    0x3, 0xff, 0x82, 0xef, 0xf5, 0x40, 0x7f, 0xf3,
    0xcc, 0xa8, 0x9, 0x48, 0x20, 0x7f, 0xf3, 0x14,
    0x64, 0xe, 0x2e, 0x30, 0x3f, 0xf9, 0x25, 0xc4,
    0x1, 0x4d, 0x50, 0x5, 0x21, 0x1, 0xff, 0xc6,
    0x56, 0x10, 0xf, 0xb2, 0xa4, 0x10, 0xe, 0x32,
    0x7, 0xff, 0xd, 0xc6, 0x0, 0xca, 0x80, 0x8b,
    0x88, 0x1, 0x90, 0x80, 0xff, 0xe0, 0x19, 0x4,
    0x2, 0xac, 0x81, 0xe5, 0x20, 0x80, 0x52, 0x8,
    0x1f, 0xce, 0x30, 0x27, 0xd8, 0x1f, 0xc5, 0xc4,
    0x0, 0xb8, 0xc0, 0xf1, 0x95, 0x0, 0x32, 0xa0,
    0x3f, 0xf8, 0xa, 0x41, 0x0, 0xa4, 0x20, 0x20,

    /* U+005F "_" */
    0x3, 0xff, 0xa8, 0xef, 0xff, 0xfc, 0xbd, 0x8,
    0x7, 0x2d, 0xff, 0xe5, 0xfa, 0x40,

    /* U+0060 "`" */
    0x0, 0x66, 0xff, 0xd5, 0x1, 0xfe, 0x33, 0x64,
    0x40, 0x4a, 0xe6, 0x40, 0xff, 0x17, 0x7d, 0x68,
    0x19, 0xe2, 0x2,

    /* U+0061 "a" */
    0x3, 0xc5, 0x39, 0x6b, 0x67, 0xff, 0xb5, 0x8d,
    0x1, 0xff, 0x15, 0x21, 0xa4, 0x24, 0x7, 0xe2,
    0x9c, 0xba, 0x20, 0x3f, 0x17, 0x21, 0xcb, 0xbf,
    0xfb, 0x44, 0x6, 0x2f, 0xb0, 0x3f, 0x93, 0x8d,
    0x10, 0x3e, 0x2f, 0xa0, 0x39, 0xf2, 0x7, 0xf8,
    0xa4, 0x6e, 0x93, 0xee, 0xc0, 0xe2, 0x7, 0xc5,
    0xdf, 0xda, 0xd4, 0x93, 0x7f, 0x22, 0x7, 0xfc,
    0x67, 0x88, 0xc, 0x5d, 0xdf, 0xfd, 0x58, 0x1f,
    0xf2, 0x42, 0x6, 0x2f, 0xc4, 0x40, 0xf8, 0x90,
    0x1f, 0xf1, 0x60, 0x71, 0xc, 0xf, 0xca, 0x54,
    0x7, 0xfc, 0xba, 0x3, 0x9d, 0xfa, 0xdb, 0x7e,
    0xac, 0x12, 0x3, 0xfe, 0x57, 0x46, 0x88, 0x11,
    0x4a, 0x9, 0xdd, 0xaa, 0x80, 0xf8,

    /* U+0062 "b" */
    0xe, 0xff, 0xd9, 0x90, 0x3f, 0xff, 0xe0, 0x7f,
    0xfb, 0x4b, 0x97, 0x7f, 0xed, 0x62, 0x20, 0x7f,
    0xf0, 0xef, 0xd1, 0xa2, 0x7, 0x8a, 0x77, 0x56,
    0x40, 0xff, 0x89, 0x94, 0xbb, 0xfb, 0x58, 0x80,
    0xe5, 0x21, 0x1, 0xff, 0x19, 0x5a, 0x20, 0x45,
    0x3b, 0x10, 0x1c, 0xba, 0x3, 0xfc, 0x90, 0xf,
    0xf9, 0x62, 0x7, 0x32, 0x40, 0x7e, 0x3c, 0xf,
    0xfe, 0x1, 0xc, 0xf, 0x70, 0x3f, 0x8f, 0x3,
    0xff, 0x80, 0x43, 0x3, 0xdc, 0xf, 0xf2, 0x42,
    0x7, 0xf9, 0x52, 0x7, 0x32, 0x40, 0x7f, 0x19,
    0xe2, 0x24, 0x0, 0xa7, 0x61, 0x3, 0x97, 0x40,
    0x7f, 0xf0, 0xb, 0xbb, 0x3f, 0x6b, 0x10, 0x1c,
    0xa4, 0x20, 0x3f, 0x94, 0xd9, 0x1a, 0x20, 0x7c,
    0x53, 0xba, 0xb2, 0x4,

    /* U+0063 "c" */
    0x3, 0xf8, 0xa9, 0x6b, 0x7f, 0xf6, 0xcb, 0x51,
    0x10, 0x3e, 0x57, 0xea, 0xd2, 0x10, 0x3e, 0x24,
    0x90, 0x98, 0xe, 0x56, 0x90, 0x1c, 0xa5, 0xd9,
    0xf6, 0xac, 0x97, 0x60, 0x73, 0xe8, 0xe, 0x56,
    0x9a, 0x24, 0x9, 0x93, 0x72, 0x3, 0x8f, 0x40,
    0x72, 0xe8, 0xf, 0xfe, 0x3b, 0x20, 0x78, 0x81,
    0xff, 0xd1, 0x20, 0x7f, 0xf2, 0x56, 0x20, 0x72,
    0xe8, 0xf, 0xfe, 0x42, 0xa4, 0xe, 0x56, 0x9a,
    0x24, 0x0, 0x92, 0x47, 0x21, 0x1, 0xc5, 0xf8,
    0x40, 0xe5, 0x2e, 0xcf, 0xdb, 0x2d, 0x46, 0x88,
    0x1f, 0x17, 0xb2, 0xc6, 0x88, 0x1f, 0x89, 0x27,
    0x10, 0x0,

    /* U+0064 "d" */
    0x3, 0xff, 0x98, 0xa7, 0xfe, 0x88, 0xf, 0xff,
    0xf8, 0x1f, 0xfd, 0xf2, 0xe5, 0xdf, 0xfb, 0x58,
    0x88, 0x1f, 0xfc, 0x53, 0x36, 0x46, 0x88, 0x1e,
    0x29, 0xdd, 0x10, 0x1f, 0xfc, 0x12, 0xfb, 0x20,
    0x62, 0xa5, 0xdf, 0xb6, 0x56, 0x4c, 0x7, 0xff,
    0x0, 0xaa, 0x40, 0xe7, 0x2b, 0x44, 0x1, 0x25,
    0x3b, 0x20, 0x7f, 0xf0, 0x1e, 0x20, 0x72, 0xc8,
    0xf, 0xf1, 0xc8, 0xf, 0xfe, 0x41, 0x60, 0x7f,
    0xf0, 0x1f, 0x20, 0x7f, 0xf1, 0xcb, 0x3, 0xff,
    0x83, 0xc8, 0x1f, 0xf3, 0xc4, 0xe, 0x58, 0x81,
    0xff, 0x24, 0x3, 0xff, 0x80, 0x55, 0x20, 0x73,
    0xf1, 0x92, 0x2, 0x29, 0xd8, 0x40, 0xff, 0xe0,
    0x97, 0x19, 0x3, 0x17, 0x36, 0x7f, 0x6b, 0x12,
    0x88, 0x1f, 0xfc, 0x25, 0x36, 0x44, 0x48, 0xf,
    0x15, 0x2f, 0xb1, 0x10, 0x3f, 0x0,

    /* U+0065 "e" */
    0x3, 0xf8, 0xb9, 0x76, 0x7f, 0xed, 0x96, 0x32,
    0x7, 0xff, 0xd, 0x5f, 0xa3, 0x44, 0x80, 0xf1,
    0x24, 0xe6, 0xc8, 0x80, 0xff, 0x2b, 0x48, 0xc,
    0xa6, 0xff, 0xda, 0x20, 0x22, 0xec, 0x20, 0x7c,
    0xfa, 0x3, 0x19, 0x59, 0x3, 0xc5, 0xc6, 0x40,
    0xce, 0x90, 0x39, 0x74, 0x7, 0x1b, 0xb7, 0xfd,
    0xd1, 0x3, 0x8b, 0x3, 0xc4, 0xf, 0x89, 0xff,
    0xe1, 0x1, 0xf1, 0x3, 0xc4, 0xf, 0x2b, 0xff,
    0xff, 0x1e, 0xb0, 0x39, 0x74, 0x7, 0x2c, 0x40,
    0xff, 0xe7, 0x3e, 0x80, 0xe7, 0xeb, 0x20, 0x7e,
    0x24, 0x9c, 0x68, 0xf, 0xe5, 0x69, 0x90, 0x22,
    0xa6, 0xff, 0xf6, 0xcb, 0x1d, 0x24, 0x7, 0xf9,
    0x4d, 0x96, 0x34, 0x48, 0xf, 0xc4, 0x93, 0x90,
    0x88, 0x18,

    /* U+0066 "f" */
    0x3, 0xf9, 0x39, 0x77, 0xff, 0x6c, 0x88, 0xf,
    0xc6, 0x6b, 0x1a, 0x20, 0x7c, 0x48, 0x30, 0x3e,
    0x35, 0x10, 0x31, 0x57, 0x7f, 0xb6, 0x42, 0x7,
    0xf1, 0x3, 0x9f, 0x44, 0xc, 0x48, 0xe, 0x4e,
    0xec, 0x60, 0x79, 0x5f, 0xfd, 0x8, 0x19, 0x6a,
    0x88, 0x1f, 0xfc, 0x32, 0x7, 0x94, 0xdf, 0xb3,
    0x3, 0xca, 0xff, 0xda, 0x10, 0x3f, 0xff, 0xe0,
    0x7f, 0xff, 0xc0, 0xff, 0xfd, 0x0,

    /* U+0067 "g" */
    0x3, 0xf1, 0x72, 0xef, 0xfd, 0xac, 0x44, 0x29,
    0xff, 0x44, 0x7, 0xc6, 0x6c, 0x8d, 0x10, 0x3c,
    0x53, 0xbb, 0x22, 0x3, 0xff, 0x80, 0x5f, 0x64,
    0xc, 0x54, 0xd9, 0xfb, 0x64, 0x64, 0xe0, 0x3f,
    0xf8, 0xa, 0x90, 0x39, 0xfa, 0xc9, 0x0, 0x24,
    0xe6, 0x84, 0xf, 0xfe, 0x2, 0xe4, 0xe, 0x58,
    0x81, 0xff, 0x24, 0x20, 0x7f, 0xf0, 0x8, 0x1e,
    0x20, 0x7f, 0xf0, 0xb8, 0x1f, 0xfc, 0x82, 0x7,
    0xff, 0xb, 0x81, 0xff, 0xc0, 0x78, 0x81, 0xcb,
    0x10, 0x3f, 0xe4, 0x48, 0xf, 0xf8, 0xaa, 0x40,
    0xe7, 0xe2, 0x20, 0x62, 0x9d, 0x88, 0xf, 0xfe,
    0x9, 0x7d, 0x90, 0x31, 0x77, 0x7f, 0xb5, 0x88,
    0x90, 0x1f, 0xfc, 0x33, 0x35, 0x88, 0x90, 0x1c,
    0x49, 0x4b, 0xe2, 0x3, 0xff, 0x8c, 0x9d, 0xd9,
    0xff, 0x6c, 0xad, 0x0, 0x20, 0x7c, 0xc0, 0xff,
    0xe6, 0x9c, 0xc0, 0xe3, 0xc8, 0x1e, 0x2e, 0xc6,
    0x89, 0x1, 0xfc, 0xa7, 0x64, 0xc, 0x6a, 0x3,
    0xe7, 0x93, 0x97, 0x67, 0xff, 0xd5, 0x90, 0x31,
    0x7d, 0x90, 0x3e, 0x5e, 0x34, 0x4c, 0x7, 0xf1,
    0x24, 0xe5, 0xd9, 0x8, 0x1c,

    /* U+0068 "h" */
    0xe, 0xff, 0xd9, 0x90, 0x3f, 0xff, 0xe0, 0x7f,
    0xfb, 0x4a, 0x97, 0x7f, 0xed, 0x95, 0xa0, 0x3f,
    0xf8, 0x77, 0xea, 0xd1, 0x3, 0xc4, 0x94, 0xbe,
    0xa0, 0x3f, 0xe2, 0x73, 0xbb, 0x3f, 0xb5, 0x64,
    0xe, 0x51, 0x81, 0xff, 0x17, 0xe2, 0x24, 0x4,
    0x54, 0x84, 0x7, 0x1e, 0x80, 0xff, 0x2c, 0x40,
    0xff, 0x32, 0x7, 0x88, 0x1f, 0xe3, 0xd8, 0x1f,
    0xff, 0xf0, 0x3f, 0xff, 0xe0, 0x7f, 0xf6, 0x40,

    /* U+0069 "i" */
    0x6, 0x6f, 0xed, 0x10, 0x2, 0x90, 0x81, 0x17,
    0x88, 0x2f, 0xc6, 0xe9, 0x61, 0x2, 0x2e, 0x49,
    0xa0, 0x33, 0xbf, 0xf6, 0x64, 0xf, 0xff, 0xf8,
    0x1f, 0xfe, 0x20,

    /* U+006A "j" */
    0x3, 0xfc, 0x66, 0xfe, 0xd1, 0x1, 0xff, 0x14,
    0x84, 0x8, 0xbc, 0x40, 0xff, 0x17, 0xe3, 0x74,
    0xb0, 0x81, 0xff, 0xc0, 0x2e, 0x49, 0xa0, 0x3f,
    0xf8, 0x2e, 0xff, 0xd9, 0x90, 0x3f, 0xff, 0xe0,
    0x7f, 0xff, 0xc0, 0xff, 0xff, 0x81, 0xff, 0xce,
    0x20, 0x62, 0x6, 0x2f, 0x20, 0x39, 0x90, 0x23,
    0x37, 0xfb, 0x44, 0x7, 0x3e, 0x80, 0xdc, 0x81,
    0xf1, 0x4e, 0x68, 0x80, 0x80,

    /* U+006B "k" */
    0xe, 0xff, 0xd9, 0x90, 0x3f, 0xff, 0xe0, 0x7f,
    0xff, 0xc0, 0x94, 0xdf, 0xf6, 0x88, 0xf, 0xfe,
    0x51, 0x9a, 0xb2, 0x4, 0xaf, 0x88, 0xf, 0xfe,
    0x39, 0x77, 0x32, 0x4, 0x66, 0xa8, 0x81, 0xff,
    0xc5, 0x21, 0x5d, 0x10, 0x11, 0x7b, 0x19, 0x3,
    0xff, 0x8c, 0xfc, 0xd5, 0x1, 0x95, 0xd0, 0x81,
    0xff, 0xc9, 0x4d, 0x88, 0x1e, 0x59, 0x1, 0xff,
    0xce, 0x4d, 0x88, 0x19, 0xda, 0x40, 0x7f, 0xf2,
    0x4b, 0xd6, 0x47, 0x84, 0xc, 0xae, 0x64, 0xf,
    0xfe, 0x3f, 0x3, 0x17, 0xa2, 0x3, 0x19, 0xe1,
    0x3, 0xff, 0x9a, 0xed, 0x20, 0x31, 0x7e, 0x20,
    0x3f, 0xf9, 0xaa, 0xd3, 0x3, 0x17, 0x69, 0x1,
    0x80,

    /* U+006C "l" */
    0xe, 0xff, 0xd9, 0x90, 0x3f, 0xff, 0xe0, 0x7f,
    0xff, 0xc0, 0xff, 0xe3, 0x80,

    /* U+006D "m" */
    0xe, 0xff, 0xaa, 0x0, 0x5c, 0xbb, 0xff, 0x6b,
    0x19, 0x3, 0x17, 0x2e, 0xff, 0xdb, 0x2b, 0x20,
    0x7f, 0xf0, 0x97, 0xbb, 0x23, 0x44, 0xf, 0x14,
    0xe6, 0xb2, 0x36, 0x46, 0x88, 0x1e, 0x24, 0xa6,
    0xc8, 0x40, 0xff, 0xe0, 0x24, 0x24, 0xee, 0xfe,
    0xd5, 0x90, 0x39, 0x36, 0x24, 0xee, 0xcf, 0xeb,
    0x10, 0x1c, 0x5d, 0x20, 0x7f, 0xf0, 0xc, 0xf1,
    0x10, 0x22, 0xa5, 0x40, 0x7c, 0xe4, 0x22, 0x40,
    0x49, 0xc6, 0x7, 0x8a, 0x3, 0xff, 0x80, 0x90,
    0x81, 0xfc, 0x48, 0xf, 0x2c, 0x80, 0xfe, 0x3c,
    0x81, 0xff, 0xc6, 0x3c, 0xf, 0xfe, 0x39, 0x3,
    0xff, 0xfe, 0x7, 0xff, 0xfc, 0xf, 0xff, 0xf8,
    0x1f, 0xff, 0x90,

    /* U+006E "n" */
    0xe, 0xff, 0xaa, 0x0, 0x5c, 0xbb, 0xff, 0x6c,
    0xad, 0x10, 0x3f, 0xf8, 0xa, 0x5d, 0x91, 0xa2,
    0x7, 0x89, 0x29, 0x75, 0x40, 0x7f, 0xc5, 0x12,
    0x77, 0x67, 0xf6, 0xac, 0x81, 0xca, 0x30, 0x3f,
    0xe2, 0xfc, 0x44, 0x80, 0x8a, 0x90, 0x80, 0xe3,
    0xd0, 0x1f, 0xe5, 0x88, 0x1f, 0xe6, 0x40, 0xf1,
    0x3, 0xfc, 0x7b, 0x3, 0xff, 0xfe, 0x7, 0xff,
    0xfc, 0xf, 0xfe, 0xc8,

    /* U+006F "o" */
    0x3, 0xf8, 0xb9, 0x76, 0x7f, 0xf6, 0xb1, 0xa2,
    0x7, 0xff, 0x9, 0x5d, 0x91, 0xa2, 0x40, 0x7c,
    0x53, 0x97, 0x64, 0x20, 0x7f, 0x2b, 0x48, 0x81,
    0x15, 0x36, 0x7f, 0x6b, 0x10, 0x18, 0xbd, 0x10,
    0x1e, 0x71, 0x1, 0xce, 0x56, 0x48, 0x8, 0xa7,
    0x69, 0x1, 0xcf, 0xa0, 0x32, 0xe4, 0xe, 0x59,
    0x1, 0xff, 0x2c, 0x80, 0xe7, 0x88, 0x18, 0x81,
    0xe2, 0x7, 0xff, 0x8, 0x81, 0xe2, 0x18, 0x13,
    0x20, 0x78, 0x81, 0xff, 0xc2, 0x20, 0x7e, 0x60,
    0x47, 0xa0, 0x39, 0x64, 0x7, 0xfc, 0xb2, 0x3,
    0x96, 0x20, 0x67, 0xd0, 0x1c, 0xe5, 0x64, 0x80,
    0x8a, 0x76, 0x90, 0x1c, 0xfa, 0x3, 0xca, 0xd3,
    0x20, 0x45, 0x4d, 0x9f, 0xda, 0xc4, 0x6, 0x2e,
    0xc4, 0x7, 0xf2, 0x9b, 0x2b, 0x44, 0x80, 0xf8,
    0x92, 0x77, 0x64, 0x40, 0x70,

    /* U+0070 "p" */
    0xe, 0xff, 0xb3, 0x0, 0x54, 0xbb, 0xff, 0x6b,
    0x11, 0x3, 0xff, 0x82, 0x6d, 0xb5, 0x68, 0x81,
    0xe2, 0x9d, 0xd5, 0x90, 0x3f, 0xe2, 0x95, 0x2e,
    0xfe, 0xd6, 0x20, 0x39, 0x48, 0x40, 0x7f, 0xca,
    0x56, 0x88, 0x11, 0x4e, 0xc4, 0x7, 0x2e, 0x80,
    0xff, 0x14, 0x7, 0xfc, 0xb1, 0x3, 0x99, 0x20,
    0x3f, 0x1e, 0x7, 0xff, 0x0, 0x86, 0x7, 0xb8,
    0x1f, 0xc7, 0x81, 0xff, 0xc0, 0x21, 0x81, 0xee,
    0x7, 0xf9, 0x21, 0x3, 0xfc, 0xa9, 0x3, 0x99,
    0x20, 0x3f, 0x8c, 0xf1, 0x12, 0x0, 0x53, 0xb0,
    0x81, 0xcb, 0xa0, 0x3f, 0x89, 0xce, 0xec, 0xfd,
    0xac, 0x40, 0x72, 0x90, 0x80, 0xff, 0xaf, 0xd1,
    0x92, 0x3, 0xc5, 0x3b, 0xab, 0x20, 0x7f, 0xf0,
    0x8b, 0x9b, 0x3f, 0xf6, 0xb1, 0x10, 0x3f, 0xff,
    0xe0, 0x7f, 0xfc, 0xc0,

    /* U+0071 "q" */
    0x3, 0xf1, 0x72, 0xef, 0xfd, 0xac, 0x44, 0x29,
    0xff, 0x44, 0x7, 0xc6, 0x6c, 0x8d, 0x10, 0x3c,
    0x53, 0xba, 0xc4, 0x7, 0xff, 0x0, 0xbe, 0xc8,
    0x18, 0xa9, 0xb3, 0xf6, 0xca, 0xca, 0x24, 0x7,
    0xff, 0x1, 0x52, 0x7, 0x39, 0x59, 0x20, 0x4,
    0x94, 0xec, 0x81, 0xff, 0xc0, 0x58, 0x81, 0xcb,
    0x20, 0x3f, 0xc7, 0x20, 0x3f, 0xf9, 0x4, 0xf,
    0xfe, 0xb, 0xe4, 0xf, 0xfe, 0x39, 0x3, 0xff,
    0x85, 0xc8, 0x1f, 0xf3, 0xc4, 0xe, 0x58, 0x81,
    0xff, 0x24, 0x3, 0xff, 0x80, 0x55, 0x20, 0x73,
    0xf1, 0x10, 0x31, 0x4e, 0xc2, 0x7, 0xff, 0x4,
    0xb8, 0xc8, 0x18, 0xbb, 0xbf, 0xda, 0xc6, 0x48,
    0xf, 0xfe, 0x1a, 0x9a, 0xc4, 0x48, 0xf, 0x15,
    0x2e, 0x88, 0xf, 0xfe, 0x32, 0x77, 0x67, 0xfe,
    0xd5, 0xa0, 0x3f, 0xff, 0xe0, 0x7f, 0xff, 0xc0,
    0xf8,

    /* U+0072 "r" */
    0xe, 0xff, 0xaa, 0x2, 0x2e, 0xec, 0xff, 0x54,
    0x7, 0xe7, 0x9c, 0xd9, 0x11, 0x20, 0x31, 0x3,
    0xf8, 0xb8, 0xc8, 0x29, 0xc8, 0xb7, 0x20, 0x3f,
    0xe5, 0x36, 0x58, 0xd9, 0x28, 0x81, 0xff, 0x3e,
    0xc8, 0x1f, 0xfc, 0x73, 0xd8, 0x1f, 0xff, 0xf0,
    0x3f, 0xfd, 0xc0,

    /* U+0073 "s" */
    0x3, 0xc9, 0xcb, 0xb3, 0xff, 0xb6, 0x5a, 0x8d,
    0x10, 0x3c, 0xaf, 0xb1, 0xa2, 0x40, 0x7c, 0x49,
    0x23, 0xb8, 0xf, 0x2e, 0x80, 0xc5, 0xdf, 0xfe,
    0xd9, 0x64, 0xc4, 0xf, 0xfe, 0x1, 0x58, 0x81,
    0xe2, 0x49, 0xb2, 0x3, 0xe5, 0xd9, 0x3, 0x17,
    0xbf, 0x6b, 0x11, 0x3, 0xff, 0x82, 0xa6, 0xc8,
    0xc8, 0x1c, 0x53, 0xbb, 0xea, 0xc8, 0x1f, 0xf1,
    0x73, 0x7e, 0xd6, 0x22, 0x6, 0x2a, 0x6a, 0x80,
    0xff, 0xe1, 0x94, 0xee, 0xf5, 0x1, 0xcb, 0xa0,
    0x32, 0x71, 0xa2, 0x40, 0x7e, 0x24, 0x7, 0xc5,
    0x81, 0x8e, 0x72, 0xec, 0xff, 0xf6, 0x88, 0xc,
    0x65, 0x20, 0x65, 0xdb, 0x22, 0x7, 0xf1, 0x24,
    0xe5, 0xd8, 0xc8, 0x10,

    /* U+0074 "t" */
    0x3, 0xe2, 0x9c, 0x84, 0x40, 0xff, 0xe2, 0x1b,
    0x21, 0xb7, 0x40, 0x7f, 0xf0, 0xcd, 0x44, 0xf,
    0xfe, 0x21, 0x77, 0x63, 0x20, 0x65, 0x3f, 0xfb,
    0x32, 0x56, 0x91, 0x3, 0xff, 0x88, 0xc1, 0x29,
    0xbe, 0x84, 0xe, 0x53, 0xff, 0xab, 0x3, 0xff,
    0xfe, 0x7, 0xff, 0x98, 0x93, 0x3, 0x96, 0x64,
    0xc, 0x4c, 0x7, 0x96, 0x40, 0x72, 0x9b, 0xfd,
    0xb2, 0x90, 0x3c, 0xed, 0x34, 0x40, 0xf8, 0x93,
    0xc0,

    /* U+0075 "u" */
    0x2f, 0x7f, 0xd5, 0x81, 0xff, 0xc0, 0x53, 0xff,
    0x42, 0x7, 0xff, 0xfc, 0xf, 0xff, 0xf8, 0x1e,
    0x20, 0x7f, 0xf4, 0xc8, 0x1f, 0xe2, 0x7, 0xcc,
    0x10, 0x3f, 0xcb, 0xa0, 0x3f, 0xc5, 0x1, 0xc6,
    0xd2, 0x3, 0xe5, 0x21, 0x81, 0xff, 0x2a, 0xc8,
    0x18, 0xbb, 0xff, 0xd5, 0x93, 0x1, 0xff, 0x19,
    0xb2, 0x34, 0x48, 0xf, 0x14, 0xe6, 0xce, 0xc8,
    0x1f, 0x0,

    /* U+0076 "v" */
    0x0, 0x5e, 0xff, 0xb3, 0x20, 0x7f, 0xf0, 0x4c,
    0xff, 0xd5, 0x81, 0xc5, 0xd2, 0x6, 0x35, 0x10,
    0x3f, 0xe5, 0x58, 0x1c, 0xbb, 0x3, 0xe7, 0x50,
    0x18, 0xda, 0x20, 0x7f, 0x2c, 0xc0, 0xe5, 0xd0,
    0x1f, 0xcf, 0xa0, 0x31, 0x54, 0x81, 0xf2, 0xcc,
    0xe, 0x7d, 0x1, 0xff, 0x2e, 0x80, 0xc5, 0x52,
    0x7, 0x2c, 0xc0, 0xe7, 0x50, 0x1f, 0xfc, 0x15,
    0xd8, 0x18, 0xaa, 0x40, 0x96, 0x60, 0x62, 0xe9,
    0x3, 0xff, 0x86, 0xab, 0x3, 0x15, 0x48, 0x59,
    0x81, 0x8d, 0xa2, 0x7, 0xff, 0x14, 0xd6, 0x40,
    0x8a, 0x47, 0x98, 0x18, 0xd6, 0x40, 0xff, 0xe3,
    0x9b, 0x44, 0x8, 0xda, 0x40, 0x65, 0x58, 0x1f,
    0xfc, 0xa2, 0xe9, 0x2, 0x26, 0x2, 0x5d, 0x81,
    0xff, 0xcd, 0x75, 0x1, 0xf2, 0xe8, 0xf, 0xfe,
    0x8,

    /* U+0077 "w" */
    0x2, 0x57, 0xfe, 0xd0, 0x81, 0xfc, 0x66, 0xff,
    0xda, 0x10, 0x3f, 0x94, 0xff, 0xd0, 0x81, 0x96,
    0x40, 0x62, 0x90, 0xf, 0xc5, 0x21, 0x3, 0xc5,
    0x20, 0x1f, 0x8e, 0x40, 0x72, 0xc4, 0xe, 0x78,
    0x81, 0x8e, 0x40, 0x7c, 0xa9, 0x0, 0x4c, 0x4,
    0x72, 0x3, 0xe4, 0x84, 0xc, 0xba, 0x3, 0xe4,
    0x84, 0xc, 0xba, 0x3, 0x96, 0x20, 0x4a, 0x54,
    0x4, 0xba, 0x3, 0x96, 0x20, 0x65, 0x90, 0x1f,
    0x8d, 0x40, 0x72, 0xc4, 0x9, 0x74, 0x4, 0xb2,
    0x4c, 0x40, 0x96, 0x20, 0x4b, 0x20, 0x31, 0xcc,
    0xf, 0xf1, 0xcc, 0xe, 0x48, 0x42, 0xc8, 0x8,
    0xe6, 0xa, 0x40, 0x32, 0x42, 0xe, 0x60, 0x62,
    0x90, 0xf, 0xfe, 0x2, 0xc8, 0xc, 0x73, 0x24,
    0x80, 0xc9, 0x8, 0x3, 0x90, 0x11, 0xc8, 0xa4,
    0x3, 0x95, 0x20, 0x7f, 0xf0, 0x56, 0x40, 0x67,
    0xae, 0x20, 0x4f, 0x10, 0x32, 0xc8, 0x9, 0x7b,
    0x88, 0x19, 0xe2, 0x7, 0xff, 0xd, 0x62, 0x4,
    0x52, 0x80, 0x96, 0x40, 0x79, 0x62, 0x4, 0xd9,
    0x1, 0x96, 0x40, 0x7f, 0xf1, 0xa, 0x42, 0x4,
    0x48, 0x9, 0x64, 0x7, 0xc5, 0x20, 0x1f, 0xcb,
    0x20, 0x3f, 0xf8, 0xc6, 0xa0, 0x3e, 0x39, 0x1,
    0xfc, 0x72, 0x3, 0xe3, 0x98, 0x1f, 0xc0,

    /* U+0078 "x" */
    0x3, 0x29, 0xff, 0xb4, 0x20, 0x7f, 0x95, 0xff,
    0xd9, 0x90, 0x3e, 0x52, 0xa0, 0x31, 0x7e, 0x10,
    0x3c, 0xad, 0x20, 0x31, 0x9d, 0x90, 0x3f, 0x95,
    0xa4, 0x6, 0x2f, 0xb2, 0x1, 0x5a, 0x40, 0x63,
    0x3b, 0x20, 0x7f, 0xf0, 0x55, 0xa4, 0x6, 0x33,
    0xdb, 0x20, 0x31, 0x9d, 0x90, 0x3f, 0xf8, 0xaa,
    0xd2, 0x3, 0x14, 0x80, 0x63, 0x3b, 0x20, 0x7f,
    0xf2, 0x54, 0x60, 0x7f, 0x2a, 0xc8, 0x1f, 0xfc,
    0xa2, 0xfb, 0x3, 0xf9, 0x4a, 0x80, 0xff, 0xe4,
    0x17, 0xe1, 0x3, 0x39, 0x4, 0xc, 0xad, 0x20,
    0x3f, 0xf8, 0x85, 0xf8, 0x40, 0xca, 0xc6, 0xde,
    0x10, 0x32, 0xb4, 0x80, 0xff, 0xe0, 0x17, 0xe1,
    0x3, 0x2b, 0x48, 0x8, 0xbf, 0x8, 0x19, 0x5a,
    0x40, 0x7e, 0x2f, 0xc2, 0x6, 0x52, 0xa0, 0x3e,
    0x2f, 0xb2, 0x6, 0x56, 0x90, 0x10,

    /* U+0079 "y" */
    0x0, 0x5e, 0xff, 0xd0, 0x81, 0xff, 0xc1, 0x53,
    0xff, 0x66, 0x7, 0x17, 0x50, 0x1c, 0xea, 0x3,
    0xfe, 0x59, 0x81, 0xca, 0xb0, 0x3e, 0x7d, 0x1,
    0xcf, 0x20, 0x3f, 0x96, 0x60, 0x72, 0xec, 0xf,
    0xe5, 0xd0, 0x1c, 0xf2, 0x3, 0xe5, 0x98, 0x1c,
    0xba, 0x3, 0xfe, 0x51, 0x81, 0xcf, 0x20, 0x39,
    0x66, 0x7, 0x3e, 0x80, 0xff, 0xe0, 0x9a, 0xc8,
    0x19, 0xf4, 0x4, 0xb3, 0x3, 0x9d, 0x40, 0x7f,
    0xf0, 0xcd, 0xa2, 0x6, 0x5d, 0x5, 0x98, 0x18,
    0xba, 0x40, 0xff, 0xe2, 0x97, 0x50, 0x19, 0x67,
    0x98, 0x18, 0xaa, 0x40, 0xff, 0xe4, 0x3e, 0x80,
    0xca, 0xa0, 0x31, 0xb4, 0x40, 0xff, 0xe5, 0x2e,
    0xc0, 0x89, 0x80, 0x8d, 0x64, 0xf, 0xfe, 0x62,
    0xac, 0xf, 0x95, 0x60, 0x7f, 0xf4, 0x39, 0x3,
    0x96, 0x60, 0x7f, 0xf3, 0xcd, 0xa2, 0x6, 0x5d,
    0x81, 0xff, 0xcd, 0x2e, 0xf6, 0x40, 0x8b, 0x88,
    0xf, 0xfe, 0x39, 0x9b, 0xfd, 0xa2, 0x20, 0x46,
    0x78, 0x40, 0xff, 0xe4, 0xf0, 0x3c, 0x49, 0x3b,
    0xb1, 0x90, 0x3f, 0xf8, 0xe0,

    /* U+007A "z" */
    0x0, 0xef, 0xff, 0xfc, 0x9c, 0xc8, 0x18, 0x81,
    0xff, 0xcc, 0x20, 0x65, 0x7f, 0xff, 0xb4, 0x20,
    0x71, 0x7d, 0x81, 0xff, 0xc4, 0x2f, 0xc2, 0x4,
    0x5f, 0x84, 0xf, 0xfe, 0x19, 0x9e, 0x10, 0x23,
    0x3c, 0x20, 0x7f, 0xf0, 0xcc, 0xec, 0x81, 0x19,
    0xd9, 0x3, 0xff, 0x86, 0xa6, 0x64, 0x9, 0x4c,
    0xc8, 0x1f, 0xfc, 0x35, 0x69, 0x81, 0x95, 0xa6,
    0x7, 0xff, 0x11, 0x5a, 0x40, 0x65, 0x69, 0x1,
    0xff, 0xc4, 0x52, 0xa0, 0x3c, 0xaf, 0xff, 0xfc,
    0x18, 0x80, 0xc4, 0xf, 0xfe, 0x59, 0x2,

    /* U+007B "{" */
    0x3, 0xfe, 0x2e, 0x5d, 0xfe, 0xa8, 0xf, 0xf9,
    0xdd, 0x1a, 0x20, 0x7f, 0xf1, 0x16, 0x40, 0x62,
    0xf7, 0xea, 0x80, 0xfe, 0x24, 0xc0, 0xc6, 0xd1,
    0x3, 0xff, 0xe5, 0xc0, 0xff, 0xe3, 0x94, 0xe3,
    0x20, 0x64, 0x48, 0xf, 0x94, 0xfd, 0xac, 0x40,
    0x92, 0x9a, 0x20, 0x3f, 0xf8, 0xa4, 0x7, 0x64,
    0xf, 0xe5, 0x3f, 0xb4, 0x44, 0x14, 0xec, 0x40,
    0x7f, 0xf0, 0x4b, 0x94, 0x81, 0x99, 0x20, 0x3f,
    0xfe, 0x44, 0xf, 0x1c, 0x88, 0x1f, 0xfc, 0x24,
    0x84, 0xc, 0xa6, 0xfd, 0x50, 0x1f, 0xe3, 0x3d,
    0x68, 0x90, 0x1f, 0x80,

    /* U+007C "|" */
    0xf, 0x7f, 0x66, 0x40, 0xff, 0xff, 0x81, 0xff,
    0xff, 0x3, 0xff, 0x92,

    /* U+007D "}" */
    0xa, 0x7f, 0xb6, 0x58, 0x88, 0x1f, 0xfc, 0x62,
    0x49, 0xdf, 0x8, 0x1f, 0xe5, 0x3f, 0x68, 0x80,
    0xc5, 0x21, 0x3, 0xff, 0x82, 0x5e, 0x40, 0x63,
    0xc0, 0xff, 0xe2, 0x10, 0x3f, 0xfd, 0x45, 0x81,
    0xff, 0xc3, 0x78, 0x81, 0x94, 0x84, 0x40, 0xff,
    0xe0, 0x17, 0xeb, 0x44, 0x17, 0x77, 0xea, 0xc0,
    0xff, 0x89, 0x30, 0x3f, 0xf8, 0xc6, 0x68, 0x89,
    0x5, 0x2e, 0xfd, 0x58, 0x1f, 0x99, 0x3, 0x9f,
    0x68, 0x81, 0xff, 0xc8, 0x60, 0x7f, 0xf6, 0x4a,
    0xe8, 0xc, 0x40, 0xff, 0x8c, 0xfd, 0xaa, 0x3,
    0x96, 0x20, 0x7f, 0x30, 0x38, 0x92, 0x73, 0x44,
    0x7, 0xf0,

    /* U+007E "~" */
    0x2, 0x2e, 0xef, 0xfd, 0xb2, 0xc6, 0x89, 0x1,
    0xf2, 0x90, 0xc8, 0x7, 0x21, 0x10, 0x3c, 0x49,
    0x39, 0x76, 0x7f, 0xf5, 0x68, 0xc, 0x49, 0xdd,
    0xff, 0xda, 0xc6, 0x89, 0x1, 0xe2, 0xa4, 0x32,

    /* U+00A0 " " */

    /* U+00A1 "¡" */
    0x3, 0x2b, 0xbf, 0xb4, 0x40, 0x72, 0xe8, 0x81,
    0x17, 0x90, 0x19, 0xe4, 0x7, 0x2c, 0x80, 0xc5,
    0xdf, 0xfa, 0xa0, 0x3f, 0xf9, 0x26, 0x7f, 0xab,
    0x3, 0xe6, 0x7, 0x30, 0x3f, 0x88, 0x1d, 0xc8,
    0x1e, 0x20, 0x71, 0x3, 0xf9, 0x81, 0xe6, 0x7,
    0x10, 0x3e, 0x20, 0x7d, 0xc0, 0xf8, 0x81, 0xcc,
    0x10, 0x39, 0x81, 0xf1, 0x3, 0xf1, 0x3, 0x89,
    0xf9, 0x81, 0x0,

    /* U+00A2 "¢" */
    0x3, 0xff, 0x82, 0xf7, 0xed, 0x8, 0x1f, 0xfc,
    0x92, 0xb8, 0x11, 0x24, 0xa2, 0x40, 0x7f, 0xc5,
    0x4d, 0xfb, 0x56, 0x40, 0x94, 0xb5, 0xb3, 0xe6,
    0x40, 0xe5, 0x35, 0x64, 0xe, 0x29, 0x71, 0x20,
    0x6, 0xa2, 0x6, 0x7d, 0x81, 0xc5, 0xef, 0xad,
    0xed, 0x9f, 0xb3, 0x20, 0x65, 0x90, 0x1c, 0xa4,
    0x10, 0x3f, 0xf8, 0xc4, 0xf, 0x12, 0x60, 0x7f,
    0xf3, 0xc8, 0x1f, 0xfc, 0xa2, 0x40, 0x79, 0x21,
    0x3, 0xff, 0x8e, 0xb2, 0x3, 0x8c, 0xf1, 0x10,
    0x3c, 0x49, 0x34, 0x40, 0xe5, 0x69, 0x10, 0x31,
    0x77, 0x7f, 0xed, 0x96, 0x74, 0x7, 0xca, 0xec,
    0x8d, 0x12, 0x3, 0xf8, 0x92, 0xc8, 0xf, 0xf1,
    0x72, 0xec, 0x84, 0x1, 0x9b, 0xf6, 0xca, 0xc8,
    0x1f, 0xfd, 0x50,

    /* U+00A3 "£" */
    0x3, 0xfe, 0x29, 0xdd, 0x9f, 0xfb, 0x6a, 0xc8,
    0x68, 0xf, 0xfe, 0x13, 0xba, 0xc4, 0x48, 0xf,
    0x13, 0x26, 0xd7, 0x10, 0x3f, 0xe3, 0x21, 0x1,
    0x8a, 0x9b, 0xfb, 0x6a, 0xc7, 0x24, 0x40, 0xff,
    0x91, 0x3, 0x8d, 0x8c, 0x81, 0x13, 0x27, 0x1a,
    0x3, 0xff, 0x84, 0xc0, 0xf8, 0x81, 0xff, 0xec,
    0x33, 0xfd, 0x8, 0x1c, 0x67, 0xff, 0xe8, 0x40,
    0xff, 0x74, 0x4c, 0x7, 0xf1, 0x3f, 0xcb, 0x81,
    0xfe, 0x2e, 0xed, 0x42, 0x7, 0x19, 0xb7, 0xf5,
    0x64, 0xf, 0xfe, 0x53, 0x3, 0xff, 0x9e, 0xb9,
    0x3, 0x12, 0x40, 0x7f, 0xf2, 0xd3, 0xb4, 0xc0,
    0x8b, 0x94, 0x13, 0xff, 0xc4, 0x3, 0x94, 0xb1,
    0x1, 0xc5, 0xdd, 0xbf, 0xf8, 0xd1, 0x1, 0xff,
    0xda,

    /* U+00A4 "¤" */
    0x3, 0x8a, 0x68, 0xf, 0xfe, 0x21, 0x6c, 0x40,
    0xf9, 0x4d, 0x65, 0xd6, 0x5d, 0x9f, 0xf6, 0xb2,
    0x36, 0x48, 0xd5, 0x1, 0xca, 0x54, 0x41, 0x4d,
    0x13, 0xe0, 0x53, 0x62, 0x1, 0x58, 0x80, 0xf9,
    0x90, 0x31, 0x9b, 0xed, 0xbe, 0x88, 0xf, 0x10,
    0x3f, 0x24, 0x20, 0x14, 0x64, 0xf, 0x17, 0x18,
    0x13, 0xc4, 0xf, 0xfe, 0x11, 0x3, 0xfc, 0xc0,
    0xff, 0xe1, 0xba, 0x40, 0x29, 0x59, 0x3, 0x15,
    0x63, 0x0, 0x55, 0x20, 0x7c, 0x5d, 0x20, 0x65,
    0x37, 0xfb, 0x54, 0x40, 0x8a, 0xa8, 0xf, 0x15,
    0x48, 0x2a, 0x58, 0xd9, 0x2e, 0x72, 0xc6, 0x41,
    0x58, 0x81, 0xc5, 0xed, 0xab, 0x4e, 0x45, 0xbd,
    0x1a, 0x73, 0x6d, 0x8, 0x0,

    /* U+00A5 "¥" */
    0x2, 0x53, 0xff, 0x54, 0x7, 0xff, 0x9, 0x4f,
    0xfd, 0x50, 0x1c, 0xa4, 0x20, 0x32, 0x8c, 0x81,
    0xff, 0x3e, 0xc0, 0xc6, 0x42, 0x3, 0xe7, 0x19,
    0x2, 0x32, 0xa0, 0x3f, 0x19, 0x50, 0x11, 0x7d,
    0x90, 0x3f, 0x8c, 0x84, 0x6, 0x7d, 0x81, 0xe5,
    0x19, 0x2, 0x52, 0x8, 0x1f, 0xfc, 0x15, 0x62,
    0x2, 0x56, 0x10, 0x5, 0xc4, 0x4, 0x64, 0x20,
    0x3f, 0xf8, 0xae, 0x32, 0x0, 0xb8, 0x92, 0xc2,
    0x4, 0xfb, 0x20, 0x7f, 0xf1, 0xcc, 0x84, 0x4,
    0xad, 0x30, 0x25, 0x61, 0x3, 0xff, 0x8a, 0x5e,
    0xfe, 0xa8, 0xf, 0xf2, 0xbf, 0xe8, 0x40, 0xff,
    0xe0, 0x92, 0xad, 0xf2, 0x20, 0x78, 0xa6, 0xfa,
    0x62, 0x7, 0xff, 0x9, 0x39, 0x3c, 0x88, 0x1c,
    0xa4, 0xf3, 0x40, 0x7f, 0xf0, 0x8b, 0xdf, 0xf6,
    0x64, 0xe, 0x7b, 0xff, 0x42, 0x7, 0xff, 0x4,
    0x95, 0x6f, 0xc4, 0xf, 0x14, 0xdf, 0x4c, 0x40,
    0xff, 0xe1, 0x27, 0x27, 0x54, 0x40, 0xe5, 0x27,
    0x9a, 0x3, 0xff, 0xc4,

    /* U+00A6 "¦" */
    0xf, 0x7f, 0x66, 0x40, 0xff, 0xf5, 0x94, 0x4c,
    0x89, 0x5, 0x36, 0xa2, 0x3, 0xff, 0xa2, 0xa6,
    0xd4, 0x40, 0xa, 0x26, 0x44, 0x80, 0xff, 0xf5,
    0x0,

    /* U+00A7 "§" */
    0x3, 0xc5, 0x3b, 0xb3, 0xff, 0xb6, 0x5a, 0x8d,
    0x1, 0xf9, 0xdd, 0x62, 0x26, 0x4b, 0x13, 0x92,
    0x3c, 0x40, 0xf9, 0x64, 0x4, 0x67, 0xd6, 0xed,
    0x9f, 0xdb, 0x23, 0x3, 0xe6, 0x40, 0xc6, 0xc4,
    0x40, 0xfc, 0x4c, 0x7, 0xe3, 0x33, 0x20, 0xb,
    0xbb, 0xf6, 0xad, 0x10, 0x3f, 0xf8, 0x25, 0x12,
    0x2, 0x24, 0x88, 0x2a, 0x5d, 0xeb, 0x20, 0x7e,
    0x52, 0x10, 0x5, 0x76, 0x5d, 0xfa, 0xb2, 0x1,
    0x4d, 0x8, 0x1e, 0x20, 0x7f, 0xf0, 0x54, 0xec,
    0xc, 0x90, 0xf, 0x2c, 0x40, 0x95, 0xd1, 0xa0,
    0x22, 0x88, 0x19, 0x10, 0x3c, 0x5e, 0xb1, 0x10,
    0x5c, 0xbf, 0xda, 0x20, 0x5d, 0x88, 0xf, 0xe4,
    0xee, 0xfa, 0xc6, 0x88, 0x1c, 0x51, 0x20, 0x3f,
    0xf8, 0x65, 0x39, 0x77, 0xa8, 0x8, 0xc8, 0x60,
    0x78, 0xa2, 0x7, 0xff, 0x1, 0x62, 0x7, 0xfc,
    0x6d, 0x6f, 0xed, 0x6f, 0xdb, 0xc2, 0x4, 0xbb,
    0x3, 0x8d, 0x8d, 0x12, 0x9, 0x7c, 0xa, 0x73,
    0x7a, 0x80, 0xc0,

    /* U+00A8 "¨" */
    0x3, 0x14, 0x84, 0xf, 0x8a, 0x51, 0x3, 0xcf,
    0x65, 0xad, 0x8c, 0x80, 0x33, 0x5b, 0x6a, 0x80,
    0xc5, 0x10, 0x5, 0x12, 0x0, 0x72, 0x2, 0x24,
    0xc0, 0x0,

    /* U+00A9 "©" */
    0x3, 0xff, 0x84, 0x53, 0x97, 0x67, 0xff, 0x6c,
    0xb5, 0x1a, 0x20, 0x7f, 0xf2, 0x94, 0xdf, 0x5a,
    0x25, 0x65, 0xad, 0x96, 0xd2, 0xe2, 0x56, 0xb7,
    0xb1, 0x1, 0xff, 0xc3, 0x53, 0x56, 0xd3, 0x7d,
    0x68, 0x79, 0x76, 0x5b, 0xa5, 0x3a, 0x6a, 0xdd,
    0x74, 0x40, 0x7f, 0x95, 0xa6, 0x26, 0xac, 0x93,
    0xd9, 0x10, 0x4e, 0x5b, 0x46, 0xc4, 0x91, 0x53,
    0x63, 0xe, 0xd2, 0x3, 0xc6, 0x42, 0x2f, 0xb2,
    0x1, 0x48, 0x21, 0x4d, 0x63, 0x4a, 0x72, 0xc4,
    0x7, 0x19, 0xc, 0x28, 0xc8, 0x11, 0x48, 0x4a,
    0xd1, 0x2, 0x59, 0x0, 0x5d, 0x81, 0xff, 0xc7,
    0x55, 0x83, 0x51, 0x0, 0xf1, 0xc, 0x90, 0x18,
    0x90, 0x11, 0x3, 0xff, 0x94, 0x72, 0x7, 0xb0,
    0x3c, 0x40, 0xf1, 0x20, 0x22, 0x7, 0xff, 0x4d,
    0x92, 0x4, 0x80, 0xe5, 0xc8, 0x5, 0x88, 0x1f,
    0xfc, 0x82, 0x4c, 0x10, 0xc0, 0x1c, 0x82, 0xac,
    0xe, 0x71, 0x0, 0x7e, 0xb4, 0x48, 0x12, 0x4a,
    0x20, 0x7c, 0x55, 0x21, 0x52, 0x4, 0xab, 0x25,
    0x2a, 0x3, 0x2b, 0x4d, 0x15, 0x2e, 0xcf, 0xb2,
    0xd7, 0x40, 0x79, 0xc8, 0x25, 0x29, 0x3, 0x8c,
    0xec, 0xab, 0xa2, 0x2, 0x52, 0xfe, 0xdb, 0xef,
    0xd5, 0x80, 0x2a, 0x68, 0x8c, 0xec, 0x81, 0xf8,
    0xcd, 0x58, 0x77, 0xeb, 0x1a, 0x27, 0xf0, 0x29,
    0xcb, 0xb2, 0xb0, 0xee, 0x64, 0xf, 0xfe, 0xa,
    0x9b, 0xe8, 0x82, 0x97, 0x67, 0xfe, 0xd9, 0x62,
    0xa, 0x6f, 0xa2, 0x3, 0xff, 0x90, 0x5c, 0xbb,
    0xfe, 0xdb, 0x7f, 0xda, 0xc6, 0x40, 0xff, 0x80,

    /* U+00AA "ª" */
    0x0, 0x54, 0xb5, 0xb3, 0xfe, 0xd9, 0x11, 0x3,
    0x13, 0x30, 0xac, 0xb5, 0x11, 0x27, 0x63, 0x3,
    0x3b, 0xac, 0x6c, 0x91, 0xc8, 0x20, 0x17, 0x20,
    0xb, 0x97, 0x6b, 0xfd, 0xa1, 0x3, 0xce, 0x43,
    0x41, 0x4d, 0xb4, 0x40, 0x7c, 0xb2, 0x0, 0x5d,
    0xda, 0xfc, 0x51, 0x3, 0x8b, 0xbf, 0xfe, 0xd2,
    0x2e, 0xd4, 0x20,

    /* U+00AB "«" */
    0x3, 0xfe, 0x4e, 0x34, 0x40, 0xfc, 0xa4, 0x34,
    0x7, 0xff, 0x8, 0xbb, 0x51, 0xcb, 0xe1, 0x2,
    0x2f, 0x56, 0xd2, 0xd3, 0x20, 0x7f, 0x19, 0xe2,
    0x2, 0x33, 0xc2, 0x15, 0xd0, 0x81, 0x2b, 0x4c,
    0x81, 0xe2, 0xee, 0x64, 0x9, 0xdc, 0xc9, 0x3d,
    0x50, 0x11, 0x7a, 0xa0, 0x3f, 0x3f, 0x10, 0x19,
    0xd8, 0x81, 0x7e, 0x10, 0x23, 0x3c, 0x20, 0x7f,
    0x9c, 0x64, 0xc, 0xfb, 0x20, 0xb8, 0x80, 0xc6,
    0x42, 0x3, 0xff, 0x80, 0xa7, 0x88, 0x9, 0x4f,
    0x8, 0x57, 0x32, 0x4, 0xae, 0x64, 0xf, 0xf8,
    0xbb, 0x4c, 0x80, 0x2f, 0x56, 0x4a, 0x6a, 0x80,
    0x8c, 0xd1, 0x1, 0xff, 0xc0, 0x53, 0xc4, 0x53,
    0xe8, 0x81, 0x2b, 0x99, 0x25, 0x33, 0x3, 0x0,

    /* U+00AC "¬" */
    0x0, 0xae, 0xdf, 0xfc, 0xea, 0xc8, 0x2, 0xc9,
    0xff, 0xe7, 0x3e, 0x4, 0xf7, 0xff, 0xfc, 0x9a,
    0x80, 0xff, 0xff, 0x81, 0xff, 0xca, 0x7d, 0xba,
    0xe2,

    /* U+00AD "­" */
    0x3, 0xff, 0x94, 0xaf, 0xff, 0xfc, 0x1c, 0xc0,
    0xff, 0xe6, 0x0,

    /* U+00AE "®" */
    0x3, 0xff, 0x84, 0x53, 0x97, 0x67, 0xff, 0x6c,
    0xb5, 0x1a, 0x20, 0x7f, 0xf2, 0x94, 0xdf, 0x5a,
    0x25, 0x65, 0xad, 0xb5, 0x91, 0x89, 0x5a, 0xde,
    0xc4, 0x7, 0xff, 0xd, 0x4d, 0x5b, 0x4d, 0xf5,
    0x8d, 0x28, 0x9c, 0x94, 0xe5, 0xde, 0xb7, 0x5d,
    0x10, 0x1f, 0xe5, 0x69, 0x89, 0xab, 0x24, 0xf7,
    0xff, 0xf6, 0x88, 0x80, 0x53, 0x63, 0xe, 0xd2,
    0x3, 0xc6, 0x42, 0x2f, 0xb2, 0x7, 0xe2, 0xed,
    0xd1, 0x92, 0x76, 0x30, 0x31, 0x90, 0xc2, 0x8c,
    0x81, 0x14, 0x84, 0xad, 0x10, 0x3f, 0xee, 0x96,
    0x72, 0x10, 0x5, 0xd0, 0x1c, 0xab, 0x6, 0xa2,
    0x1, 0xe2, 0x19, 0x20, 0x3f, 0xf8, 0x24, 0x8,
    0xbe, 0x80, 0x2e, 0x80, 0xf1, 0xc8, 0x1e, 0xc0,
    0xf1, 0x3, 0xff, 0x82, 0x66, 0xfe, 0xd1, 0x17,
    0x69, 0x81, 0xff, 0xc4, 0x64, 0x81, 0x20, 0x3f,
    0xf8, 0x5, 0xdd, 0x59, 0x3, 0x30, 0x3f, 0x89,
    0x30, 0x43, 0x0, 0x72, 0xa, 0xb0, 0x3f, 0xf8,
    0x1d, 0x15, 0x3b, 0x24, 0xfc, 0x20, 0x78, 0xaa,
    0x42, 0xa4, 0x9, 0x56, 0x4a, 0x54, 0x7, 0xff,
    0xc, 0xc8, 0x60, 0xbe, 0xc8, 0x13, 0x90, 0x4a,
    0x52, 0x7, 0x19, 0xd9, 0x57, 0x44, 0xa, 0x93,
    0x20, 0x3c, 0xa6, 0xb2, 0x86, 0xd3, 0x44, 0x67,
    0x64, 0xf, 0xc6, 0x6a, 0xc3, 0xbf, 0x4c, 0xb,
    0x3, 0xe2, 0x4c, 0xfd, 0x6a, 0x30, 0xee, 0x64,
    0xf, 0xfe, 0xa, 0x9b, 0xe8, 0x82, 0x97, 0x67,
    0xfe, 0xd9, 0x62, 0xa, 0x6f, 0xa2, 0x3, 0xff,
    0x90, 0x5c, 0xbb, 0xfe, 0xdb, 0x7f, 0xda, 0xc6,
    0x40, 0xff, 0x80,

    /* U+00AF "¯" */
    0x0, 0xa5, 0xbf, 0xfd, 0x8, 0x80, 0xc4, 0x92,
    0xff, 0xe8, 0x12, 0x0,

    /* U+00B0 "°" */
    0x3, 0xe2, 0x9b, 0xa4, 0x36, 0x44, 0xf, 0xf2,
    0x9b, 0x2c, 0x93, 0x69, 0x17, 0x7a, 0xc8, 0x18,
    0xc8, 0x64, 0x19, 0xbf, 0xb5, 0x64, 0x29, 0xc,
    0x9, 0x92, 0x0, 0xa3, 0x20, 0x45, 0x4a, 0x40,
    0x2e, 0x80, 0xf9, 0xe2, 0x7, 0x97, 0x20, 0xf,
    0x60, 0x14, 0x64, 0x17, 0xb2, 0xdd, 0xab, 0x0,
    0x6a, 0x20, 0x46, 0x6a, 0xd1, 0x9, 0x60, 0x54,
    0xd8, 0xc8,

    /* U+00B1 "±" */
    0x3, 0xff, 0x82, 0x67, 0xfa, 0xa0, 0x3f, 0xff,
    0xe0, 0x7f, 0xf6, 0x9e, 0xff, 0xfb, 0x30, 0x32,
    0xbf, 0xff, 0x68, 0x40, 0x16, 0x4f, 0xf0, 0x1f,
    0x89, 0xfe, 0x7c, 0x9, 0x5d, 0xbf, 0xcc, 0xc,
    0xae, 0xdf, 0xd5, 0x90, 0x3f, 0xff, 0xe0, 0x76,
    0x69, 0x59, 0x81, 0xff, 0xc2, 0x57, 0x6f, 0xef,
    0x13, 0x75, 0xfb, 0x7f, 0x56, 0x40, 0x16, 0x4f,
    0xff, 0x39, 0xf0,

    /* U+00B2 "²" */
    0x3, 0x8a, 0x6d, 0x24, 0xd9, 0x10, 0x3c, 0x5e,
    0xfa, 0xc8, 0x6e, 0x91, 0x77, 0xa8, 0x8, 0xaa,
    0xda, 0x5d, 0xfb, 0x44, 0x4, 0xba, 0x2, 0x2e,
    0x43, 0x44, 0x1, 0x20, 0x3f, 0xf8, 0xca, 0xd2,
    0x0, 0x64, 0x20, 0x3f, 0x29, 0xaa, 0x5, 0x5c,
    0xc8, 0x1c, 0x55, 0xd5, 0x92, 0x77, 0x54, 0x7,
    0x94, 0xd5, 0x10, 0x5, 0x9f, 0x6f, 0x44, 0x4c,
    0x80, 0xf1, 0x4b, 0xf3, 0xcc,

    /* U+00B3 "³" */
    0x3, 0xff, 0x96, 0x9d, 0xdf, 0xfe, 0xd5, 0x90,
    0x38, 0xe4, 0x13, 0x91, 0x62, 0x24, 0xa7, 0x84,
    0x9, 0xdf, 0xac, 0x6c, 0x9c, 0x44, 0x1, 0x26,
    0x7, 0xfc, 0x55, 0x44, 0x2, 0xe8, 0xe, 0x33,
    0xfd, 0xab, 0x24, 0xed, 0x20, 0x3c, 0x6e, 0xb7,
    0x46, 0x49, 0xdf, 0x10, 0x1e, 0x24, 0x96, 0x72,
    0x18, 0x13, 0xc8, 0xcd, 0xf5, 0x90, 0xdd, 0x2c,
    0x60, 0x4b, 0x23, 0x69, 0x37, 0xa4, 0x9a, 0x9,
    0xcd, 0x50,

    /* U+00B4 "´" */
    0x3, 0xc5, 0xdf, 0xfd, 0x99, 0x3, 0xe2, 0xfc,
    0x40, 0xa, 0x9b, 0x19, 0x3, 0x95, 0xd0, 0x85,
    0x36, 0x56, 0x40, 0xf0,

    /* U+00B5 "µ" */
    0xe, 0xff, 0xd9, 0x90, 0x3f, 0xe3, 0x3f, 0xf5,
    0x40, 0x7f, 0xff, 0xc0, 0xff, 0xff, 0x81, 0xff,
    0xda, 0x64, 0xf, 0xfe, 0x29, 0xe0, 0x7f, 0xc7,
    0x30, 0x3f, 0xf8, 0xce, 0x20, 0x3e, 0x2f, 0xb2,
    0x7, 0xff, 0x1d, 0x5f, 0xed, 0xfd, 0xa1, 0x38,
    0xf, 0xfe, 0x21, 0x4d, 0x10, 0x4, 0x1, 0x4e,
    0xfd, 0x48, 0x1f, 0xfc, 0x4d, 0x2e, 0xff, 0xb5,
    0x88, 0x87, 0xbf, 0xd5, 0x1, 0xff, 0x10, 0x3f,
    0xff, 0xe0, 0x7f, 0xf8, 0x80,

    /* U+00B6 "¶" */
    0x3, 0xf2, 0x72, 0xef, 0xff, 0xf9, 0x10, 0x81,
    0xe5, 0x7d, 0x8d, 0x10, 0x3f, 0xe2, 0x96, 0x20,
    0x7f, 0x19, 0x8, 0xf, 0xfe, 0x22, 0xb7, 0x44,
    0x40, 0xfc, 0x90, 0x81, 0xff, 0xd4, 0x3c, 0xf,
    0xff, 0xd1, 0xe0, 0x7f, 0xf5, 0xd2, 0x10, 0x3f,
    0xfa, 0xa6, 0x42, 0x3, 0xff, 0xac, 0xaf, 0xb1,
    0xa2, 0x7f, 0x1, 0xff, 0xcc, 0x4e, 0x5d, 0xbe,
    0xa8, 0xf, 0xff, 0xf8, 0x1f, 0xff, 0xf0, 0x3f,
    0xff, 0xe0, 0x7f, 0xf3, 0x56, 0x49, 0x90, 0x11,
    0xc9, 0x1e, 0x0,

    /* U+00B7 "·" */
    0x3, 0xff, 0x8c, 0x5d, 0xff, 0x68, 0x80, 0xe7,
    0x90, 0x18, 0xbc, 0x80, 0xcb, 0xa2, 0x4, 0x5e,
    0x40,

    /* U+00B8 "¸" */
    0x3, 0x8b, 0xb6, 0x68, 0xf, 0xf2, 0x90, 0x95,
    0x3c, 0x44, 0xf, 0x95, 0xd5, 0x90, 0x9d, 0x88,
    0xe, 0x26, 0xf, 0xb0, 0x38, 0x81, 0x17, 0xf6,
    0xd1, 0x0, 0x2f, 0xb0, 0x22, 0xfe, 0xb6, 0xda,
    0xfa, 0x20, 0x20,

    /* U+00B9 "¹" */
    0x3, 0xfc, 0x52, 0xc4, 0xf, 0xc5, 0xdf, 0xad,
    0xd1, 0x1, 0x17, 0x7e, 0x88, 0x90, 0x1f, 0xc5,
    0x64, 0xee, 0x88, 0xf, 0xf1, 0x76, 0x22, 0x7,
    0xff, 0x1c, 0x81, 0xff, 0xf1,

    /* U+00BA "º" */
    0x3, 0x17, 0x2e, 0xff, 0xb5, 0x8c, 0x81, 0xf2,
    0xba, 0x34, 0xda, 0x49, 0xb2, 0x73, 0x54, 0x6,
    0x5d, 0x0, 0x52, 0xc6, 0xe9, 0x62, 0x0, 0xba,
    0x3, 0xf8, 0x81, 0xf1, 0x3, 0xf9, 0x62, 0x1,
    0x76, 0x48, 0x12, 0x7d, 0x0, 0x39, 0x1, 0x9f,
    0xa8, 0xa9, 0xb3, 0xec, 0x88, 0xab, 0xd8, 0x1e,
    0x2a, 0xef, 0xdb, 0x77, 0xed, 0x51, 0x3, 0x0,

    /* U+00BB "»" */
    0x3, 0x15, 0x21, 0x90, 0x3f, 0x17, 0x21, 0x10,
    0x3f, 0xf8, 0x46, 0x6a, 0xda, 0x6a, 0x80, 0xca,
    0xe8, 0xda, 0xf8, 0x40, 0xff, 0xe0, 0x19, 0xa1,
    0x2, 0x57, 0x32, 0x15, 0xa6, 0x40, 0x17, 0xaa,
    0x3, 0xff, 0x80, 0x5e, 0xa8, 0x8, 0xcd, 0x10,
    0x53, 0xc2, 0x4, 0xae, 0x84, 0xf, 0xfe, 0x2,
    0xb4, 0x80, 0xce, 0xd2, 0x5, 0xe8, 0x40, 0x8b,
    0xd0, 0x81, 0xfe, 0x2e, 0x20, 0x31, 0x71, 0x0,
    0x52, 0x90, 0x32, 0x94, 0x81, 0xf9, 0x5d, 0x8,
    0x12, 0xba, 0x12, 0x76, 0x99, 0x0, 0x5d, 0xa6,
    0x40, 0xf1, 0x7a, 0xa0, 0x22, 0xf5, 0x40, 0xcf,
    0x10, 0x12, 0x9e, 0x20, 0x3f, 0x8a, 0xac, 0x92,
    0xba, 0x10, 0x23, 0xaa, 0x24, 0xed, 0x32, 0x7,
    0xf0,

    /* U+00BC "¼" */
    0x3, 0xc5, 0xdd, 0xfe, 0xac, 0xf, 0xfe, 0x19,
    0x9b, 0xfb, 0x42, 0x7, 0xff, 0x4, 0xbb, 0xb2,
    0x22, 0x7, 0xff, 0x21, 0xf6, 0x40, 0x39, 0x4,
    0xf, 0xfe, 0x1, 0x59, 0x7, 0x69, 0x81, 0xff,
    0xc6, 0x56, 0x10, 0xa, 0xc4, 0x7, 0xff, 0x8,
    0xbb, 0xf4, 0x4c, 0xf, 0xfe, 0x2a, 0x95, 0x0,
    0x32, 0xa0, 0x3f, 0xf9, 0x6c, 0xf, 0xfe, 0x19,
    0x90, 0xc0, 0x19, 0xd8, 0x1f, 0xfd, 0xb2, 0xfb,
    0x20, 0x1f, 0x64, 0x8, 0xa9, 0x39, 0x10, 0x3f,
    0xf9, 0xea, 0x41, 0x0, 0xac, 0x20, 0x45, 0xfa,
    0xdf, 0x60, 0x3f, 0xf9, 0xca, 0x54, 0x1, 0x4a,
    0x80, 0x8c, 0xf0, 0x81, 0xff, 0xca, 0x7a, 0x37,
    0x64, 0xc, 0x86, 0x0, 0xc8, 0x60, 0x46, 0x76,
    0x54, 0x64, 0xf, 0xfe, 0x41, 0x4e, 0x49, 0x87,
    0xd9, 0x5, 0xf6, 0x40, 0x19, 0xd9, 0x56, 0x97,
    0x3, 0xff, 0x9e, 0xa4, 0x10, 0xa, 0x41, 0x0,
    0xa7, 0x64, 0xa4, 0x32, 0x38, 0x1e, 0x64, 0xf,
    0xfe, 0x2a, 0xb4, 0x80, 0x29, 0x50, 0x12, 0xcc,
    0x80, 0x33, 0x6c, 0xc8, 0x19, 0xdd, 0x8c, 0xf,
    0xfe, 0x9, 0x90, 0x80, 0x19, 0xc, 0xe, 0x56,
    0xff, 0xa2, 0x20, 0x65, 0x2c, 0x40, 0x7f, 0xc5,
    0xf6, 0x41, 0x7d, 0x90, 0x3e, 0x29, 0x7f, 0xb0,
    0x1c, 0x52, 0x88, 0x10,

    /* U+00BD "½" */
    0x3, 0xc5, 0xdd, 0xfe, 0xa8, 0xf, 0xfe, 0x11,
    0x77, 0xfd, 0x50, 0x1f, 0xfc, 0x22, 0xef, 0xd1,
    0x10, 0x3f, 0xf8, 0xea, 0x42, 0x0, 0xad, 0x20,
    0x3f, 0xf8, 0x26, 0xd2, 0x2e, 0xc4, 0x7, 0xff,
    0x15, 0x4a, 0x80, 0x19, 0x8, 0xf, 0xfe, 0x19,
    0x9b, 0xe8, 0x88, 0x1f, 0xfc, 0x43, 0x21, 0x80,
    0x2f, 0xb2, 0x7, 0xff, 0x68, 0xbe, 0xc8, 0x7,
    0x20, 0x81, 0xff, 0xdb, 0x52, 0x8, 0x5, 0x62,
    0x5, 0x39, 0x39, 0xb1, 0x3, 0xff, 0x9e, 0xa5,
    0x40, 0xc, 0x86, 0xdb, 0xeb, 0x1b, 0xe9, 0x1b,
    0xd4, 0x7, 0xff, 0x28, 0xc8, 0x60, 0xb, 0xec,
    0x92, 0xa9, 0x25, 0xdf, 0xb4, 0x40, 0x4b, 0xb0,
    0x3f, 0xe7, 0xdb, 0xa7, 0x65, 0xf6, 0x40, 0x39,
    0x4, 0x8, 0xbb, 0x4d, 0x10, 0x4, 0x80, 0xf1,
    0x3, 0xfe, 0x2a, 0x49, 0xa4, 0x90, 0x40, 0x2b,
    0x10, 0x1f, 0xfc, 0x15, 0x69, 0x0, 0x32, 0x10,
    0x1f, 0xfc, 0x45, 0x21, 0x0, 0x32, 0xa0, 0x3f,
    0xf8, 0xa, 0x6a, 0x81, 0x77, 0x32, 0x7, 0xff,
    0xc, 0xc8, 0x60, 0xc, 0xec, 0xf, 0xf1, 0x57,
    0x56, 0x49, 0xdd, 0x10, 0x1f, 0xfc, 0x42, 0xfb,
    0x20, 0x1c, 0x64, 0xf, 0xe5, 0x75, 0x44, 0x1,
    0x67, 0xdb, 0xd1, 0x90, 0x3f, 0xce, 0x41, 0x0,
    0xac, 0x40, 0x7f, 0x89, 0x30, 0x3c, 0x52, 0xfc,
    0xfb, 0x0,

    /* U+00BE "¾" */
    0x3, 0xff, 0xb2, 0x4c, 0x7, 0xff, 0x4, 0xb9,
    0x7f, 0xfe, 0xd5, 0x90, 0x3f, 0xf8, 0x45, 0xef,
    0xb3, 0xc2, 0x7, 0xff, 0x4, 0x84, 0xe4, 0x58,
    0xd1, 0x25, 0x3b, 0x20, 0x7f, 0xce, 0x41, 0x0,
    0xe4, 0x10, 0x3f, 0xe2, 0xed, 0xa3, 0x72, 0xc4,
    0xc, 0xc9, 0x1, 0xfc, 0xac, 0x40, 0x15, 0x88,
    0xf, 0xfe, 0x22, 0xbf, 0xdb, 0x2b, 0x2a, 0x6a,
    0x80, 0xfc, 0x65, 0x40, 0xc, 0x84, 0x7, 0xff,
    0x19, 0x4b, 0x74, 0x68, 0x29, 0xab, 0x20, 0x71,
    0x7d, 0x80, 0x2f, 0xb2, 0x7, 0xff, 0x20, 0xa5,
    0x9c, 0x91, 0x0, 0xaa, 0x3, 0x39, 0x4, 0x2,
    0x90, 0x40, 0x93, 0x93, 0x32, 0x7, 0x93, 0xb1,
    0xa2, 0x79, 0x5a, 0x20, 0x48, 0x80, 0x56, 0x20,
    0xa, 0xd2, 0x2, 0x56, 0xa3, 0x7b, 0x30, 0x3e,
    0xed, 0xa5, 0xdb, 0xab, 0x20, 0xbb, 0x11, 0x90,
    0x80, 0x19, 0x8, 0x9, 0xda, 0x44, 0x80, 0xff,
    0xe0, 0x29, 0xbf, 0x6c, 0xb7, 0x6c, 0xfd, 0xa2,
    0x2f, 0xb2, 0xb, 0xec, 0x82, 0xec, 0x49, 0x2b,
    0x3, 0xff, 0x8a, 0x49, 0x2c, 0x48, 0xc, 0xe4,
    0x10, 0xa, 0x41, 0x5, 0xf8, 0x92, 0x43, 0x20,
    0x7f, 0xf4, 0x15, 0x88, 0x2, 0x95, 0x2, 0xfc,
    0x24, 0xfa, 0x4, 0x80, 0xf1, 0x30, 0x1f, 0xfc,
    0x53, 0x21, 0x0, 0x32, 0x18, 0x2, 0xa9, 0x0,
    0x5d, 0xda, 0x88, 0xc, 0xa6, 0xc8, 0x40, 0xff,
    0xe0, 0x97, 0xd9, 0x5, 0xf6, 0x40, 0x8a, 0x96,
    0xff, 0x32, 0x6, 0x2e, 0xd8, 0x81, 0xff, 0xc0,
    0x72, 0x8, 0x5, 0x20, 0x81, 0xe2, 0x97, 0xfb,
    0x30, 0x33, 0xc9, 0x8, 0x0,

    /* U+00BF "¿" */
    0x3, 0xfe, 0x2e, 0xff, 0xab, 0x20, 0x7f, 0xf1,
    0xca, 0xa8, 0xc, 0xad, 0x10, 0x3f, 0xf8, 0xc5,
    0x21, 0x3, 0x15, 0x48, 0x1f, 0xfc, 0x73, 0x37,
    0xfb, 0x42, 0x7, 0xff, 0x28, 0x92, 0x51, 0x20,
    0x3f, 0xf9, 0x4a, 0x6b, 0x6e, 0x88, 0x1f, 0xfc,
    0x85, 0xd0, 0x19, 0x92, 0x3, 0xff, 0x88, 0x55,
    0xd5, 0x1, 0x17, 0x10, 0x1f, 0xfc, 0x22, 0xee,
    0xa8, 0x80, 0x2a, 0xf8, 0x40, 0xff, 0xe0, 0xa9,
    0xa2, 0x2, 0x2f, 0x65, 0x44, 0xf, 0xfe, 0x12,
    0xec, 0xc, 0x66, 0x84, 0xf, 0xfe, 0x29, 0x26,
    0x7, 0x32, 0x7, 0xff, 0x20, 0x93, 0x3, 0x94,
    0x84, 0x48, 0x8, 0x92, 0x72, 0xea, 0xc8, 0x19,
    0x48, 0x20, 0x62, 0xee, 0xcf, 0xed, 0x96, 0x34,
    0x54, 0xa8, 0xc, 0x5e, 0xca, 0xd1, 0x20, 0x3f,
    0x14, 0x8e, 0x5d, 0x10, 0x0,

    /* U+00C0 "À" */
    0x3, 0xff, 0x80, 0x53, 0x93, 0x9a, 0x20, 0x7f,
    0xf5, 0x8a, 0x40, 0x9b, 0xa5, 0xf0, 0x81, 0xff,
    0xd6, 0x33, 0x65, 0x64, 0x17, 0xaa, 0x3, 0xff,
    0xae, 0x54, 0xd9, 0x64, 0x12, 0x44, 0xf, 0xfe,
    0xc9, 0x4d, 0xa3, 0x44, 0xf, 0xfe, 0xaa, 0xbf,
    0xfe, 0xa8, 0xf, 0xfe, 0xa2, 0xe8, 0xf, 0xcb,
    0xb0, 0x3f, 0xfa, 0x4f, 0xa0, 0x32, 0x42, 0x4,
    0xab, 0x3, 0xff, 0xa0, 0xf2, 0x3, 0x3f, 0x11,
    0x2, 0x35, 0x90, 0x3f, 0xf9, 0x85, 0xd4, 0x6,
    0x79, 0x1a, 0x88, 0x11, 0xb4, 0x40, 0xff, 0xe5,
    0x15, 0x48, 0x19, 0xe4, 0x0, 0xda, 0x20, 0x45,
    0xd2, 0x7, 0xff, 0x20, 0xda, 0x20, 0x67, 0x50,
    0x18, 0xaa, 0x40, 0xce, 0xa0, 0x3f, 0xf8, 0xc6,
    0xb2, 0x6, 0x74, 0x81, 0xe2, 0xa9, 0x3, 0x3e,
    0x80, 0xff, 0xe2, 0x2a, 0xc0, 0xf3, 0xdf, 0xfe,
    0xd0, 0x81, 0xcb, 0xa0, 0x3f, 0xf8, 0x4b, 0xb0,
    0x3f, 0xf9, 0xcb, 0xb0, 0x3f, 0xf8, 0xb, 0xa0,
    0x39, 0xdd, 0xbf, 0xf8, 0x55, 0x90, 0x32, 0xac,
    0xf, 0xf3, 0xe8, 0xe, 0x75, 0x13, 0xff, 0xc2,
    0x55, 0x10, 0x31, 0xac, 0x81, 0xf3, 0xa8, 0xe,
    0x74, 0x81, 0xff, 0xc4, 0x35, 0x10, 0x31, 0xb4,
    0x40, 0xc5, 0xd2, 0x7, 0x3a, 0x40, 0xff, 0xe3,
    0x1b, 0x44, 0xc, 0x5d, 0x20,

    /* U+00C1 "Á" */
    0x3, 0xff, 0x98, 0x9c, 0x9c, 0xd1, 0x3, 0xff,
    0xa8, 0x5e, 0xb1, 0xb9, 0x2, 0x88, 0x1f, 0xfd,
    0x25, 0x3c, 0x20, 0x14, 0xd9, 0x10, 0x1f, 0xfd,
    0x32, 0x5d, 0x48, 0xde, 0xb2, 0x7, 0xff, 0x58,
    0xb6, 0x8d, 0x88, 0x1f, 0xfd, 0x95, 0x7f, 0xfd,
    0x50, 0x1f, 0xfd, 0x45, 0xd0, 0x1f, 0x97, 0x60,
    0x7f, 0xf4, 0x9f, 0x40, 0x64, 0x84, 0x9, 0x56,
    0x7, 0xff, 0x41, 0xe4, 0x6, 0x7e, 0x22, 0x4,
    0x6b, 0x20, 0x7f, 0xf3, 0xb, 0xa8, 0xc, 0xf2,
    0x35, 0x10, 0x23, 0x68, 0x81, 0xff, 0xca, 0x2a,
    0x90, 0x33, 0xc8, 0x1, 0xb4, 0x40, 0x8b, 0xa4,
    0xf, 0xfe, 0x41, 0xb4, 0x40, 0xce, 0xa0, 0x31,
    0x54, 0x81, 0x9d, 0x40, 0x7f, 0xf1, 0x8d, 0x64,
    0xc, 0xe9, 0x3, 0xc5, 0x52, 0x6, 0x7d, 0x1,
    0xff, 0xc4, 0x55, 0x81, 0xe7, 0xbf, 0xfd, 0xa1,
    0x3, 0x97, 0x40, 0x7f, 0xf0, 0x97, 0x60, 0x7f,
    0xf3, 0x97, 0x60, 0x7f, 0xf0, 0x17, 0x40, 0x73,
    0xbb, 0x7f, 0xf0, 0xab, 0x20, 0x65, 0x58, 0x1f,
    0xe7, 0xd0, 0x1c, 0xea, 0x27, 0xff, 0x84, 0xaa,
    0x20, 0x63, 0x59, 0x3, 0xe7, 0x50, 0x1c, 0xe9,
    0x3, 0xff, 0x88, 0x6a, 0x20, 0x63, 0x68, 0x81,
    0x8b, 0xa4, 0xe, 0x74, 0x81, 0xff, 0xc6, 0x36,
    0x88, 0x18, 0xba, 0x40,

    /* U+00C2 "Â" */
    0x3, 0xff, 0x8c, 0x9c, 0x9e, 0x68, 0x81, 0xff,
    0xd3, 0x33, 0x58, 0xdf, 0xa5, 0xf1, 0x1, 0xff,
    0xce, 0x2e, 0xe6, 0x41, 0x77, 0xf5, 0x64, 0x17,
    0x74, 0x20, 0x7f, 0xf2, 0x8a, 0x6, 0x45, 0xfa,
    0x20, 0xa, 0x6f, 0xa4, 0x20, 0x90, 0xf, 0xfe,
    0x49, 0x6d, 0x1b, 0x20, 0x3f, 0xc5, 0xb4, 0x86,
    0x80, 0xff, 0xe7, 0xab, 0xff, 0xea, 0x80, 0xff,
    0xea, 0x2e, 0x80, 0xfc, 0xbb, 0x3, 0xff, 0xa4,
    0xfa, 0x3, 0x24, 0x20, 0x4a, 0xb0, 0x3f, 0xfa,
    0xf, 0x20, 0x33, 0xf1, 0x10, 0x23, 0x59, 0x3,
    0xff, 0x98, 0x5d, 0x40, 0x67, 0x91, 0xa8, 0x81,
    0x1b, 0x44, 0xf, 0xfe, 0x51, 0x54, 0x81, 0x9e,
    0x40, 0xd, 0xa2, 0x4, 0x5d, 0x20, 0x7f, 0xf2,
    0xd, 0xa2, 0x6, 0x75, 0x1, 0x8a, 0xa4, 0xc,
    0xea, 0x3, 0xff, 0x8c, 0x6b, 0x20, 0x67, 0x48,
    0x1e, 0x2a, 0x90, 0x33, 0xe8, 0xf, 0xfe, 0x22,
    0xac, 0xf, 0x3d, 0xff, 0xed, 0x8, 0x1c, 0xba,
    0x3, 0xff, 0x84, 0xbb, 0x3, 0xff, 0x9c, 0xbb,
    0x3, 0xff, 0x80, 0xba, 0x3, 0x9d, 0xdb, 0xff,
    0x85, 0x59, 0x3, 0x2a, 0xc0, 0xff, 0x3e, 0x80,
    0xe7, 0x51, 0x3f, 0xfc, 0x25, 0x51, 0x3, 0x1a,
    0xc8, 0x1f, 0x3a, 0x80, 0xe7, 0x48, 0x1f, 0xfc,
    0x43, 0x51, 0x3, 0x1b, 0x44, 0xc, 0x5d, 0x20,
    0x73, 0xa4, 0xf, 0xfe, 0x31, 0xb4, 0x40, 0xc5,
    0xd2, 0x0,

    /* U+00C3 "Ã" */
    0x3, 0xff, 0x82, 0x5d, 0xdf, 0xdb, 0x2b, 0x44,
    0x9, 0x5f, 0xd9, 0x90, 0x3f, 0xf9, 0x6, 0x68,
    0x88, 0x20, 0x92, 0x97, 0x7f, 0x54, 0xd, 0x44,
    0xf, 0xfe, 0x43, 0x5, 0x4d, 0xf7, 0xf6, 0x8d,
    0x92, 0x9c, 0xb9, 0x90, 0x3f, 0xf9, 0x2a, 0x6a,
    0xc8, 0x1c, 0x5c, 0x8b, 0x68, 0xd0, 0x1f, 0xfd,
    0x25, 0x7f, 0xfd, 0x50, 0x1f, 0xfd, 0x45, 0xd0,
    0x1f, 0x97, 0x60, 0x7f, 0xf4, 0x9f, 0x40, 0x64,
    0x84, 0x9, 0x56, 0x7, 0xff, 0x41, 0xe4, 0x6,
    0x7e, 0x22, 0x4, 0x6b, 0x20, 0x7f, 0xf3, 0xb,
    0xa8, 0xc, 0xf2, 0x35, 0x10, 0x23, 0x68, 0x81,
    0xff, 0xca, 0x2a, 0x90, 0x33, 0xc8, 0x1, 0xb4,
    0x40, 0x8b, 0xa4, 0xf, 0xfe, 0x41, 0xb4, 0x40,
    0xce, 0xa0, 0x31, 0x54, 0x81, 0x9d, 0x40, 0x7f,
    0xf1, 0x8d, 0x64, 0xc, 0xe9, 0x3, 0xc5, 0x52,
    0x6, 0x7d, 0x1, 0xff, 0xc4, 0x55, 0x81, 0xe7,
    0xbf, 0xfd, 0xa1, 0x3, 0x97, 0x40, 0x7f, 0xf0,
    0x97, 0x60, 0x7f, 0xf3, 0x97, 0x60, 0x7f, 0xf0,
    0x17, 0x40, 0x73, 0xbb, 0x7f, 0xf0, 0xab, 0x20,
    0x65, 0x58, 0x1f, 0xe7, 0xd0, 0x1c, 0xea, 0x27,
    0xff, 0x84, 0xaa, 0x20, 0x63, 0x59, 0x3, 0xe7,
    0x50, 0x1c, 0xe9, 0x3, 0xff, 0x88, 0x6a, 0x20,
    0x63, 0x68, 0x81, 0x8b, 0xa4, 0xe, 0x74, 0x81,
    0xff, 0xc6, 0x36, 0x88, 0x18, 0xba, 0x40,

    /* U+00C4 "Ä" */
    0x3, 0xff, 0x86, 0x52, 0x88, 0x1e, 0x29, 0x44,
    0xf, 0xfe, 0x7b, 0xba, 0xdb, 0xc2, 0x0, 0xcf,
    0x6d, 0xb1, 0x81, 0xff, 0xcd, 0x44, 0x80, 0x9e,
    0x20, 0xe, 0x60, 0x45, 0x10, 0x3f, 0xf9, 0xa6,
    0x6f, 0xea, 0x80, 0xca, 0xff, 0x68, 0x80, 0xff,
    0xff, 0x2b, 0xff, 0xea, 0x80, 0xff, 0xea, 0x2e,
    0x80, 0xfc, 0xbb, 0x3, 0xff, 0xa4, 0xfa, 0x3,
    0x24, 0x20, 0x4a, 0xb0, 0x3f, 0xfa, 0xf, 0x20,
    0x33, 0xf1, 0x10, 0x23, 0x59, 0x3, 0xff, 0x98,
    0x5d, 0x40, 0x67, 0x91, 0xa8, 0x81, 0x1b, 0x44,
    0xf, 0xfe, 0x51, 0x54, 0x81, 0x9e, 0x40, 0xd,
    0xa2, 0x4, 0x5d, 0x20, 0x7f, 0xf2, 0xd, 0xa2,
    0x6, 0x75, 0x1, 0x8a, 0xa4, 0xc, 0xea, 0x3,
    0xff, 0x8c, 0x6b, 0x20, 0x67, 0x48, 0x1e, 0x2a,
    0x90, 0x33, 0xe8, 0xf, 0xfe, 0x22, 0xac, 0xf,
    0x3d, 0xff, 0xed, 0x8, 0x1c, 0xba, 0x3, 0xff,
    0x84, 0xbb, 0x3, 0xff, 0x9c, 0xbb, 0x3, 0xff,
    0x80, 0xba, 0x3, 0x9d, 0xdb, 0xff, 0x85, 0x59,
    0x3, 0x2a, 0xc0, 0xff, 0x3e, 0x80, 0xe7, 0x51,
    0x3f, 0xfc, 0x25, 0x51, 0x3, 0x1a, 0xc8, 0x1f,
    0x3a, 0x80, 0xe7, 0x48, 0x1f, 0xfc, 0x43, 0x51,
    0x3, 0x1b, 0x44, 0xc, 0x5d, 0x20, 0x73, 0xa4,
    0xf, 0xfe, 0x31, 0xb4, 0x40, 0xc5, 0xd2, 0x0,

    /* U+00C5 "Å" */
    0x3, 0xff, 0x8a, 0xa5, 0xdf, 0xed, 0x62, 0x3,
    0xff, 0xa6, 0x64, 0x37, 0x4b, 0x51, 0xba, 0xc4,
    0x7, 0xff, 0x45, 0x82, 0x0, 0xa5, 0x88, 0x11,
    0x3, 0xff, 0xa4, 0xaa, 0x5, 0xef, 0xd9, 0x90,
    0x7a, 0x3, 0xff, 0xa4, 0xc0, 0xff, 0x99, 0x3,
    0xff, 0xa4, 0xfa, 0x3, 0x24, 0x20, 0x4a, 0xb0,
    0x3f, 0xfa, 0xf, 0x20, 0x33, 0xf1, 0x10, 0x23,
    0x59, 0x3, 0xff, 0x98, 0x5d, 0x40, 0x67, 0x91,
    0xa8, 0x81, 0x1b, 0x44, 0xf, 0xfe, 0x51, 0x54,
    0x81, 0x9e, 0x40, 0xd, 0xa2, 0x4, 0x5d, 0x20,
    0x7f, 0xf2, 0xd, 0xa2, 0x6, 0x75, 0x1, 0x8a,
    0xa4, 0xc, 0xea, 0x3, 0xff, 0x8c, 0x6b, 0x20,
    0x67, 0x48, 0x1e, 0x2a, 0x90, 0x33, 0xe8, 0xf,
    0xfe, 0x22, 0xac, 0xf, 0x3d, 0xff, 0xed, 0x8,
    0x1c, 0xba, 0x3, 0xff, 0x84, 0xbb, 0x3, 0xff,
    0x9c, 0xbb, 0x3, 0xff, 0x80, 0xba, 0x3, 0x9d,
    0xdb, 0xff, 0x85, 0x59, 0x3, 0x2a, 0xc0, 0xff,
    0x3e, 0x80, 0xe7, 0x51, 0x3f, 0xfc, 0x25, 0x51,
    0x3, 0x1a, 0xc8, 0x1f, 0x3a, 0x80, 0xe7, 0x48,
    0x1f, 0xfc, 0x43, 0x51, 0x3, 0x1b, 0x44, 0xc,
    0x5d, 0x20, 0x73, 0xa4, 0xf, 0xfe, 0x31, 0xb4,
    0x40, 0xc5, 0xd2, 0x0,

    /* U+00C6 "Æ" */
    0x3, 0xff, 0x92, 0xaf, 0xff, 0xfd, 0x3a, 0x80,
    0xff, 0xe4, 0x17, 0x10, 0x1f, 0xfe, 0x85, 0x20,
    0x81, 0x17, 0xb4, 0xc8, 0x1c, 0x5e, 0xdf, 0xfc,
    0x2f, 0x50, 0x1f, 0xfc, 0x67, 0x10, 0x19, 0x48,
    0x24, 0x38, 0x1f, 0x72, 0x7f, 0xf8, 0x40, 0x7f,
    0xf1, 0xcc, 0xa4, 0xc, 0xe2, 0x3, 0xff, 0xc2,
    0xa3, 0x20, 0x46, 0x52, 0x7, 0xff, 0x7, 0x93,
    0xff, 0xc2, 0x3, 0xff, 0x88, 0x5c, 0x40, 0x65,
    0x19, 0x3, 0xff, 0x82, 0x5e, 0xdf, 0xfc, 0x28,
    0x80, 0xff, 0xe0, 0xa9, 0x4, 0x8, 0xb8, 0x80,
    0xff, 0xf0, 0xb8, 0x80, 0xe2, 0xf7, 0xff, 0xb4,
    0x20, 0x71, 0x9f, 0xff, 0xf0, 0xa2, 0x3, 0xfc,
    0x64, 0x10, 0x3f, 0xfd, 0xa, 0x30, 0x31, 0x77,
    0x6f, 0xfe, 0x5, 0x64, 0xf, 0xfe, 0x91, 0x90,
    0x80, 0xca, 0xc4, 0x4f, 0xff, 0x1, 0xf0, 0x3e,
    0xe4, 0xff, 0xf0, 0xc0, 0xf9, 0x46, 0x40, 0xcf,
    0xb0, 0x3f, 0xf9, 0x45, 0xed, 0xff, 0xc3, 0xa8,
    0xc, 0xe2, 0x3, 0x17, 0x50, 0x1f, 0xfd, 0xf0,

    /* U+00C7 "Ç" */
    0x3, 0xff, 0x82, 0x53, 0x97, 0x6b, 0xff, 0x6d,
    0x58, 0xd2, 0x10, 0x3f, 0xf8, 0x5, 0xdf, 0xac,
    0x68, 0x98, 0xf, 0x13, 0x27, 0x2c, 0x44, 0xf,
    0xc5, 0xec, 0x88, 0xc, 0x53, 0x97, 0x6e, 0xb5,
    0x1b, 0x22, 0xa3, 0x20, 0x7c, 0xe4, 0x10, 0x31,
    0x77, 0x58, 0xd1, 0x3c, 0x91, 0xc8, 0xba, 0xa0,
    0x3f, 0x3a, 0x80, 0xe5, 0x21, 0x1, 0xff, 0xce,
    0x58, 0x81, 0xcb, 0xa0, 0x3f, 0xfa, 0x5, 0x81,
    0xe2, 0xc0, 0xff, 0xfc, 0x16, 0x7, 0x8b, 0x3,
    0xff, 0xa2, 0xf1, 0x3, 0x97, 0x40, 0x7f, 0xf4,
    0xa, 0xa4, 0xe, 0x52, 0x8, 0x1f, 0xfc, 0xf2,
    0xe3, 0x3, 0x8b, 0xd9, 0x5a, 0x42, 0x7c, 0x91,
    0xb4, 0xb1, 0x1, 0xfe, 0x53, 0x44, 0x7, 0x15,
    0x2d, 0x6d, 0xeb, 0x52, 0x1a, 0x42, 0x40, 0x7f,
    0xc5, 0xdf, 0xac, 0x68, 0x90, 0x1f, 0xc4, 0x93,
    0x68, 0x88, 0x1f, 0xfc, 0x32, 0x9c, 0xba, 0x30,
    0x22, 0xf7, 0xed, 0x96, 0x42, 0x20, 0x7f, 0xf2,
    0x49, 0xc0, 0xb, 0xd9, 0x8, 0x1f, 0xfc, 0xf2,
    0xee, 0xc8, 0x40, 0x17, 0x50, 0x1f, 0xfc, 0xc2,
    0xa3, 0x75, 0xa2, 0x4, 0x7a, 0x3, 0xff, 0x98,
    0xf3, 0x92, 0x64, 0x93, 0xbd, 0x81, 0xfe,

    /* U+00C8 "È" */
    0x3, 0x93, 0x93, 0x9a, 0x20, 0x7f, 0xf2, 0x12,
    0x72, 0xdd, 0x2f, 0x88, 0xf, 0xfe, 0x39, 0x77,
    0x56, 0x41, 0x76, 0x99, 0x3, 0xff, 0x8e, 0x54,
    0xd9, 0x64, 0x10, 0xc8, 0x1f, 0xfc, 0xa2, 0x9b,
    0x46, 0x88, 0x1f, 0xe2, 0xf7, 0xff, 0xfc, 0xaa,
    0x80, 0xff, 0xee, 0x99, 0xb7, 0xff, 0xb, 0xd4,
    0x7, 0xff, 0x4, 0x9f, 0xfe, 0x10, 0x1f, 0xfe,
    0x1e, 0x4f, 0xff, 0x8, 0xf, 0xfe, 0x11, 0x7b,
    0x7f, 0xf0, 0xaa, 0x3, 0xff, 0xbc, 0x67, 0xff,
    0xfc, 0x2a, 0x80, 0xff, 0xfe, 0xf2, 0x7f, 0xf8,
    0x60, 0x7f, 0xf0, 0x4b, 0xdb, 0xff, 0x87, 0x50,
    0x1f, 0xfd, 0x40,

    /* U+00C9 "É" */
    0x3, 0xff, 0x88, 0x9c, 0x9c, 0xd1, 0x3, 0xff,
    0x8a, 0x5d, 0xa8, 0xdc, 0x81, 0x44, 0xf, 0xfe,
    0x19, 0x9e, 0x20, 0xa, 0x6c, 0x88, 0xf, 0xfe,
    0x21, 0x5d, 0x48, 0xde, 0xb2, 0x7, 0xff, 0x1c,
    0xb6, 0x8d, 0x88, 0x1f, 0xfc, 0x22, 0xf7, 0xff,
    0xfc, 0xaa, 0x80, 0xff, 0xee, 0x99, 0xb7, 0xff,
    0xb, 0xd4, 0x7, 0xff, 0x4, 0x9f, 0xfe, 0x10,
    0x1f, 0xfe, 0x1e, 0x4f, 0xff, 0x8, 0xf, 0xfe,
    0x11, 0x7b, 0x7f, 0xf0, 0xaa, 0x3, 0xff, 0xbc,
    0x67, 0xff, 0xfc, 0x2a, 0x80, 0xff, 0xfe, 0xf2,
    0x7f, 0xf8, 0x60, 0x7f, 0xf0, 0x4b, 0xdb, 0xff,
    0x87, 0x50, 0x1f, 0xfd, 0x40,

    /* U+00CA "Ê" */
    0x3, 0xfc, 0x9c, 0x9e, 0x68, 0x81, 0xff, 0xc4,
    0x2f, 0x58, 0xdf, 0xa5, 0xf1, 0x1, 0xff, 0x17,
    0x74, 0x20, 0xbb, 0xfb, 0x44, 0xb, 0xba, 0x10,
    0x3e, 0x28, 0x19, 0x17, 0xe8, 0x80, 0x17, 0x7e,
    0x90, 0x82, 0x40, 0x3c, 0x5b, 0x46, 0xc8, 0xf,
    0xf1, 0x6d, 0x21, 0xa0, 0x31, 0x7b, 0xff, 0xfe,
    0x55, 0x40, 0x7f, 0xf7, 0x4c, 0xdb, 0xff, 0x85,
    0xea, 0x3, 0xff, 0x82, 0x4f, 0xff, 0x8, 0xf,
    0xff, 0xf, 0x27, 0xff, 0x84, 0x7, 0xff, 0x8,
    0xbd, 0xbf, 0xf8, 0x55, 0x1, 0xff, 0xde, 0x33,
    0xff, 0xfe, 0x15, 0x40, 0x7f, 0xff, 0x79, 0x3f,
    0xfc, 0x30, 0x3f, 0xf8, 0x25, 0xed, 0xff, 0xc3,
    0xa8, 0xf, 0xfe, 0xa0,

    /* U+00CB "Ë" */
    0x3, 0xe2, 0x94, 0x40, 0xf1, 0x24, 0x84, 0xf,
    0xfe, 0x2, 0xba, 0xdb, 0x42, 0x0, 0xbf, 0xad,
    0x6c, 0x64, 0xf, 0xe7, 0x88, 0x12, 0xc4, 0x1,
    0x24, 0x40, 0x14, 0x48, 0xf, 0xe2, 0xf7, 0xf5,
    0x40, 0x65, 0x37, 0xed, 0x10, 0x1f, 0xfd, 0x82,
    0xf7, 0xff, 0xfc, 0xaa, 0x80, 0xff, 0xee, 0x99,
    0xb7, 0xff, 0xb, 0xd4, 0x7, 0xff, 0x4, 0x9f,
    0xfe, 0x10, 0x1f, 0xfe, 0x1e, 0x4f, 0xff, 0x8,
    0xf, 0xfe, 0x11, 0x7b, 0x7f, 0xf0, 0xaa, 0x3,
    0xff, 0xbc, 0x67, 0xff, 0xfc, 0x2a, 0x80, 0xff,
    0xfe, 0xf2, 0x7f, 0xf8, 0x60, 0x7f, 0xf0, 0x4b,
    0xdb, 0xff, 0x87, 0x50, 0x1f, 0xfd, 0x40,

    /* U+00CC "Ì" */
    0x9, 0xc9, 0xcd, 0x10, 0x3f, 0xf8, 0x49, 0x3a,
    0x6e, 0x97, 0xc4, 0x7, 0xff, 0x4, 0xbd, 0x95,
    0x90, 0x5d, 0xa6, 0x7, 0xff, 0x8, 0xa9, 0xb2,
    0xc8, 0x21, 0x10, 0x3f, 0xf8, 0x85, 0x36, 0x8d,
    0x10, 0x3f, 0x2b, 0xff, 0xff, 0x12, 0xb0, 0x33,
    0xed, 0x10, 0x3f, 0xe2, 0xb2, 0x3, 0x15, 0x2e,
    0xac, 0xf, 0x2b, 0xf5, 0x64, 0xf, 0xff, 0xf8,
    0x1f, 0xff, 0xf0, 0x3f, 0xff, 0x45, 0x4b, 0xab,
    0x3, 0xca, 0xec, 0xac, 0x81, 0x9f, 0x68, 0x81,
    0xfe, 0x24, 0xb2, 0x2,

    /* U+00CD "Í" */
    0x3, 0xff, 0x80, 0x9c, 0x9c, 0xd1, 0x3, 0xfe,
    0x2e, 0xd4, 0x6e, 0x40, 0xa2, 0x7, 0xf1, 0x9e,
    0x20, 0xa, 0x6c, 0x88, 0xf, 0xf1, 0x5d, 0x48,
    0xde, 0xb2, 0x7, 0xff, 0x4, 0xb6, 0x8d, 0x88,
    0x1f, 0xfc, 0x5, 0x7f, 0xff, 0xe2, 0x56, 0x6,
    0x7d, 0xa2, 0x7, 0xfc, 0x56, 0x40, 0x62, 0xa5,
    0xd5, 0x81, 0xe5, 0x7e, 0xac, 0x81, 0xff, 0xff,
    0x3, 0xff, 0xfe, 0x7, 0xff, 0xe8, 0xa9, 0x75,
    0x60, 0x79, 0x5d, 0x95, 0x90, 0x33, 0xed, 0x10,
    0x3f, 0xc4, 0x96, 0x40, 0x40,

    /* U+00CE "Î" */
    0x3, 0xf9, 0x39, 0x3c, 0xd1, 0x3, 0xff, 0x82,
    0x5e, 0xb1, 0xbf, 0x4b, 0xe2, 0x3, 0xf1, 0x77,
    0x42, 0xb, 0xbf, 0xab, 0x40, 0xbb, 0xa1, 0x3,
    0x14, 0xc, 0x8b, 0xf4, 0x40, 0x14, 0xbf, 0x48,
    0x41, 0x20, 0x11, 0x6d, 0x1b, 0x20, 0x3f, 0xc5,
    0xb4, 0x86, 0x80, 0xe5, 0x7f, 0xff, 0xe2, 0x56,
    0x7, 0xcf, 0xb4, 0x40, 0xff, 0x8a, 0xc8, 0xf,
    0x8a, 0x97, 0x56, 0x7, 0x95, 0xfa, 0xb2, 0x7,
    0xff, 0xfc, 0xf, 0xff, 0xf8, 0x1f, 0xff, 0xf0,
    0x3f, 0xf9, 0xa5, 0x4b, 0xab, 0x3, 0xca, 0xec,
    0xac, 0x81, 0xf3, 0xed, 0x10, 0x3f, 0xc4, 0x96,
    0x40, 0x40,

    /* U+00CF "Ï" */
    0x2, 0x29, 0x44, 0xf, 0x14, 0xa2, 0x7, 0x95,
    0xd6, 0xda, 0x10, 0x5, 0xfb, 0x6d, 0x8c, 0xc,
    0xf1, 0x2, 0x5c, 0x80, 0x24, 0x88, 0x2, 0x88,
    0x18, 0xbd, 0xfd, 0x58, 0x19, 0x4d, 0xfb, 0x44,
    0x7, 0xff, 0x41, 0x5f, 0xff, 0xf8, 0x95, 0x81,
    0x9f, 0x68, 0x81, 0xff, 0x15, 0x90, 0x18, 0xa9,
    0x75, 0x60, 0x79, 0x5f, 0xab, 0x20, 0x7f, 0xff,
    0xc0, 0xff, 0xff, 0x81, 0xff, 0xfa, 0x2a, 0x5d,
    0x58, 0x1e, 0x57, 0x65, 0x64, 0xc, 0xfb, 0x44,
    0xf, 0xf1, 0x25, 0x90, 0x10,

    /* U+00D0 "Ð" */
    0x3, 0x9e, 0xff, 0xff, 0x89, 0xb2, 0xd4, 0x68,
    0x81, 0xff, 0xd6, 0x24, 0x91, 0xcb, 0xbd, 0x88,
    0xf, 0xfe, 0x39, 0x7b, 0xfd, 0xb6, 0xb1, 0xa2,
    0x6, 0x4e, 0xe8, 0x40, 0xff, 0xe2, 0xf0, 0x38,
    0x9c, 0x9c, 0xbb, 0x19, 0x3, 0x17, 0xd9, 0x3,
    0xff, 0xa4, 0x67, 0x60, 0x71, 0xb4, 0x40, 0xe2,
    0x7, 0xee, 0x7, 0xff, 0x10, 0xe6, 0x7, 0x12,
    0x40, 0xbd, 0xf4, 0x20, 0x71, 0x7b, 0xff, 0x44,
    0x7, 0xe7, 0xc8, 0x1c, 0xf9, 0x3, 0xff, 0xa9,
    0xc0, 0xfb, 0x82, 0xf7, 0xe8, 0x40, 0xe3, 0x37,
    0xfe, 0x88, 0xf, 0xcc, 0x90, 0x1c, 0xc1, 0x3,
    0xff, 0xa4, 0xba, 0x3, 0x8e, 0x40, 0x7f, 0xf4,
    0x54, 0x84, 0x7, 0x1a, 0xc8, 0x1f, 0xfc, 0x2e,
    0x9, 0xf9, 0x36, 0x9b, 0xd6, 0x40, 0xc6, 0x76,
    0x7, 0xff, 0xc, 0xbd, 0xbf, 0x59, 0xc, 0x81,
    0x8a, 0x9b, 0x19, 0x3, 0xff, 0x9e, 0x49, 0x36,
    0x9b, 0xea, 0xc8, 0x1f, 0x0,

    /* U+00D1 "Ñ" */
    0x3, 0xfe, 0x52, 0xef, 0xed, 0x63, 0x44, 0x1,
    0x77, 0xf5, 0x60, 0x7f, 0xf1, 0x95, 0xa6, 0x89,
    0x81, 0x4e, 0x5d, 0xfb, 0x44, 0x16, 0x60, 0x7f,
    0xf1, 0x49, 0x4, 0x93, 0x6b, 0xf6, 0xb1, 0xa5,
    0x9c, 0xd5, 0x81, 0xff, 0xc6, 0x2e, 0xd9, 0x90,
    0x31, 0x4e, 0x5b, 0xa3, 0x20, 0x7f, 0xf0, 0x4b,
    0xdf, 0xfe, 0xa8, 0xf, 0xfe, 0x2a, 0xbf, 0xf5,
    0x40, 0x7f, 0xf0, 0x95, 0x88, 0xf, 0xfe, 0xe3,
    0x90, 0x40, 0xff, 0xea, 0x25, 0x1, 0x8b, 0xf0,
    0x81, 0xff, 0xd3, 0xf2, 0xa0, 0x31, 0x7d, 0x90,
    0x3f, 0xfa, 0xc, 0x92, 0xb1, 0x1, 0x8c, 0x86,
    0x40, 0xff, 0xe8, 0x10, 0xe, 0x41, 0x3, 0x29,
    0x8, 0xf, 0xfe, 0x99, 0x7d, 0x90, 0x32, 0xb4,
    0x80, 0xff, 0xe9, 0x99, 0xd9, 0x3, 0x2b, 0x10,
    0x11, 0x3, 0xff, 0x9e, 0x64, 0x20, 0x39, 0xc8,
    0x20, 0x7f, 0xf4, 0xd5, 0xa4, 0x6, 0x2f, 0xf1,
    0x3, 0xff, 0xa6, 0xac, 0x40, 0x62, 0x90, 0xf,
    0xfe, 0xab, 0x90, 0x40, 0xff, 0xed, 0x97, 0xe1,
    0x3, 0xff, 0x80,

    /* U+00D2 "Ò" */
    0x3, 0xff, 0x82, 0x66, 0xff, 0xd5, 0x81, 0xff,
    0xd6, 0x33, 0x56, 0x40, 0x94, 0xa8, 0xf, 0xfe,
    0xba, 0x9a, 0xb2, 0x1, 0x5a, 0x40, 0x7f, 0xf6,
    0x14, 0xd9, 0x63, 0x24, 0x80, 0xff, 0xed, 0x14,
    0xe4, 0x34, 0x7, 0xff, 0x40, 0xa7, 0x2d, 0x6c,
    0xff, 0xed, 0xab, 0x1a, 0x20, 0x7f, 0xf1, 0x8a,
    0x9b, 0x2c, 0x69, 0x9, 0x1, 0xf1, 0x32, 0x72,
    0xef, 0x59, 0x3, 0xff, 0x80, 0x67, 0xac, 0x81,
    0x8a, 0x96, 0xb6, 0xf5, 0x8d, 0x1, 0xca, 0x6a,
    0x80, 0xfc, 0x5f, 0x64, 0xc, 0x5e, 0xca, 0xd2,
    0x13, 0xe4, 0xe5, 0xf5, 0x1, 0xca, 0xc4, 0x7,
    0x15, 0x48, 0x1c, 0xa4, 0x10, 0x3f, 0xf8, 0x8a,
    0x32, 0x7, 0x3c, 0x80, 0xcf, 0x10, 0x39, 0x64,
    0x7, 0xff, 0x1c, 0xe4, 0x7, 0x91, 0x20, 0x22,
    0xc0, 0xf1, 0x20, 0x3f, 0xf9, 0x2f, 0x90, 0x38,
    0xf6, 0x7, 0xff, 0x81, 0x81, 0x16, 0x7, 0x89,
    0x1, 0xff, 0xc9, 0x7c, 0x81, 0xc7, 0x81, 0x9e,
    0x20, 0x72, 0xc8, 0xf, 0xfe, 0x39, 0xc8, 0xf,
    0x22, 0x40, 0x45, 0x52, 0x7, 0x29, 0x4, 0xf,
    0xfe, 0x23, 0x8c, 0x81, 0xcf, 0x20, 0x38, 0xbe,
    0xc8, 0x18, 0xbd, 0x95, 0xb2, 0x27, 0x92, 0x39,
    0x7c, 0x40, 0x72, 0xb1, 0x1, 0xf8, 0xcf, 0x59,
    0x3, 0x15, 0x22, 0xed, 0xd6, 0xa3, 0x40, 0x72,
    0x9a, 0xa0, 0x3f, 0xf8, 0x5, 0x4d, 0x96, 0x34,
    0x4c, 0x7, 0xc4, 0xc9, 0xcb, 0xbd, 0x64, 0xf,
    0x0,

    /* U+00D3 "Ó" */
    0x3, 0xff, 0x96, 0x5e, 0xff, 0xd5, 0x90, 0x3f,
    0xfa, 0x65, 0xf8, 0x40, 0x8c, 0xd5, 0x90, 0x3f,
    0xfa, 0x25, 0xf8, 0x40, 0x19, 0xb1, 0x90, 0x3f,
    0xfa, 0x65, 0x84, 0xe5, 0xd8, 0xc8, 0x1f, 0xfd,
    0x62, 0x9c, 0x86, 0x88, 0x1f, 0xfd, 0x32, 0x9c,
    0xb5, 0xb3, 0xff, 0xb6, 0xac, 0x68, 0x81, 0xff,
    0xc6, 0x2a, 0x6c, 0xb1, 0xa4, 0x24, 0x7, 0xc4,
    0xc9, 0xcb, 0xbd, 0x64, 0xf, 0xfe, 0x1, 0x9e,
    0xb2, 0x6, 0x2a, 0x5a, 0xdb, 0xd6, 0x34, 0x7,
    0x29, 0xaa, 0x3, 0xf1, 0x7d, 0x90, 0x31, 0x7b,
    0x2b, 0x48, 0x4f, 0x93, 0x97, 0xd4, 0x7, 0x2b,
    0x10, 0x1c, 0x55, 0x20, 0x72, 0x90, 0x40, 0xff,
    0xe2, 0x28, 0xc8, 0x1c, 0xf2, 0x3, 0x3c, 0x40,
    0xe5, 0x90, 0x1f, 0xfc, 0x73, 0x90, 0x1e, 0x44,
    0x80, 0x8b, 0x3, 0xc4, 0x80, 0xff, 0xe4, 0xbe,
    0x40, 0xe3, 0xd8, 0x1f, 0xfe, 0x6, 0x4, 0x58,
    0x1e, 0x24, 0x7, 0xff, 0x25, 0xf2, 0x7, 0x1e,
    0x6, 0x78, 0x81, 0xcb, 0x20, 0x3f, 0xf8, 0xe7,
    0x20, 0x3c, 0x89, 0x1, 0x15, 0x48, 0x1c, 0xa4,
    0x10, 0x3f, 0xf8, 0x8e, 0x32, 0x7, 0x3c, 0x80,
    0xe2, 0xfb, 0x20, 0x62, 0xf6, 0x56, 0xc8, 0x9e,
    0x48, 0xe5, 0xf1, 0x1, 0xca, 0xc4, 0x7, 0xe3,
    0x3d, 0x64, 0xc, 0x54, 0x8b, 0xb7, 0x5a, 0x8d,
    0x1, 0xca, 0x6a, 0x80, 0xff, 0xe0, 0x15, 0x36,
    0x58, 0xd1, 0x30, 0x1f, 0x13, 0x27, 0x2e, 0xf5,
    0x90, 0x3c,

    /* U+00D4 "Ô" */
    0x3, 0xff, 0x8a, 0x66, 0xff, 0xf5, 0x40, 0x7f,
    0xf4, 0x8c, 0xec, 0x80, 0x26, 0x2, 0x56, 0x99,
    0x3, 0xff, 0x9a, 0xae, 0x64, 0x17, 0x76, 0xd1,
    0x0, 0x53, 0xc2, 0x7, 0xff, 0x24, 0xa2, 0x4e,
    0x5d, 0x91, 0x1, 0x17, 0x7d, 0x90, 0xba, 0x20,
    0x7f, 0xf2, 0xa, 0x72, 0x1a, 0x20, 0x7f, 0x93,
    0x68, 0xd8, 0x81, 0xff, 0xc9, 0x29, 0xcb, 0x5b,
    0x3f, 0xfb, 0x6a, 0xc6, 0x88, 0x1f, 0xfc, 0x62,
    0xa6, 0xcb, 0x1a, 0x42, 0x40, 0x7c, 0x4c, 0x9c,
    0xbb, 0xd6, 0x40, 0xff, 0xe0, 0x19, 0xeb, 0x20,
    0x62, 0xa5, 0xad, 0xbd, 0x63, 0x40, 0x72, 0x9a,
    0xa0, 0x3f, 0x17, 0xd9, 0x3, 0x17, 0xb2, 0xb4,
    0x84, 0xf9, 0x39, 0x7d, 0x40, 0x72, 0xb1, 0x1,
    0xc5, 0x52, 0x7, 0x29, 0x4, 0xf, 0xfe, 0x22,
    0x8c, 0x81, 0xcf, 0x20, 0x33, 0xc4, 0xe, 0x59,
    0x1, 0xff, 0xc7, 0x39, 0x1, 0xe4, 0x48, 0x8,
    0xb0, 0x3c, 0x48, 0xf, 0xfe, 0x4b, 0xe4, 0xe,
    0x3d, 0x81, 0xff, 0xe0, 0x60, 0x45, 0x81, 0xe2,
    0x40, 0x7f, 0xf2, 0x5f, 0x20, 0x71, 0xe0, 0x67,
    0x88, 0x1c, 0xb2, 0x3, 0xff, 0x8e, 0x72, 0x3,
    0xc8, 0x90, 0x11, 0x54, 0x81, 0xca, 0x41, 0x3,
    0xff, 0x88, 0xe3, 0x20, 0x73, 0xc8, 0xe, 0x2f,
    0xb2, 0x6, 0x2f, 0x65, 0x6c, 0x89, 0xe4, 0x8e,
    0x5f, 0x10, 0x1c, 0xac, 0x40, 0x7e, 0x33, 0xd6,
    0x40, 0xc5, 0x48, 0xbb, 0x75, 0xa8, 0xd0, 0x1c,
    0xa6, 0xa8, 0xf, 0xfe, 0x1, 0x53, 0x65, 0x8d,
    0x13, 0x1, 0xf1, 0x32, 0x72, 0xef, 0x59, 0x3,
    0xc0,

    /* U+00D5 "Õ" */
    0x3, 0xff, 0x84, 0x53, 0xb7, 0xa2, 0x20, 0x71,
    0x77, 0x44, 0x7, 0xff, 0x24, 0xcf, 0x62, 0x5c,
    0xee, 0xfd, 0xb6, 0x88, 0x76, 0x7, 0xff, 0x20,
    0xd6, 0x49, 0xdf, 0xdb, 0x2b, 0x44, 0x13, 0x94,
    0xec, 0x81, 0xff, 0xc8, 0x33, 0xf6, 0x88, 0x1,
    0x25, 0x2e, 0xff, 0x6a, 0xc8, 0x1f, 0xff, 0x82,
    0x9c, 0xb5, 0xb3, 0xff, 0xb6, 0xac, 0x68, 0x81,
    0xff, 0xc6, 0x2a, 0x6c, 0xb1, 0xa4, 0x24, 0x7,
    0xc4, 0xc9, 0xcb, 0xbd, 0x64, 0xf, 0xfe, 0x1,
    0x9e, 0xb2, 0x6, 0x2a, 0x5a, 0xdb, 0xd6, 0x34,
    0x7, 0x29, 0xaa, 0x3, 0xf1, 0x7d, 0x90, 0x31,
    0x7b, 0x2b, 0x48, 0x4f, 0x93, 0x97, 0xd4, 0x7,
    0x2b, 0x10, 0x1c, 0x55, 0x20, 0x72, 0x90, 0x40,
    0xff, 0xe2, 0x28, 0xc8, 0x1c, 0xf2, 0x3, 0x3c,
    0x40, 0xe5, 0x90, 0x1f, 0xfc, 0x73, 0x90, 0x1e,
    0x44, 0x80, 0x8b, 0x3, 0xc4, 0x80, 0xff, 0xe4,
    0xbe, 0x40, 0xe3, 0xd8, 0x1f, 0xfe, 0x6, 0x4,
    0x58, 0x1e, 0x24, 0x7, 0xff, 0x25, 0xf2, 0x7,
    0x1e, 0x6, 0x78, 0x81, 0xcb, 0x20, 0x3f, 0xf8,
    0xe7, 0x20, 0x3c, 0x89, 0x1, 0x15, 0x48, 0x1c,
    0xa4, 0x10, 0x3f, 0xf8, 0x8e, 0x32, 0x7, 0x3c,
    0x80, 0xe2, 0xfb, 0x20, 0x62, 0xf6, 0x56, 0xc8,
    0x9e, 0x48, 0xe5, 0xf1, 0x1, 0xca, 0xc4, 0x7,
    0xe3, 0x3d, 0x64, 0xc, 0x54, 0x8b, 0xb7, 0x5a,
    0x8d, 0x1, 0xca, 0x6a, 0x80, 0xff, 0xe0, 0x15,
    0x36, 0x58, 0xd1, 0x30, 0x1f, 0x13, 0x27, 0x2e,
    0xf5, 0x90, 0x3c,

    /* U+00D6 "Ö" */
    0x3, 0xff, 0x86, 0x52, 0x88, 0x1f, 0x14, 0xa2,
    0x7, 0xff, 0x38, 0xbf, 0x6d, 0xb1, 0x81, 0x29,
    0xad, 0xb5, 0x40, 0x7f, 0xf3, 0x9, 0x30, 0x22,
    0x88, 0x13, 0xe4, 0x8, 0xe6, 0x7, 0xff, 0x35,
    0x5f, 0xed, 0x10, 0x11, 0x7b, 0xfb, 0x32, 0x7,
    0xff, 0xe0, 0xa7, 0x2d, 0x6c, 0xff, 0xed, 0xab,
    0x1a, 0x20, 0x7f, 0xf1, 0x8a, 0x9b, 0x2c, 0x69,
    0x9, 0x1, 0xf1, 0x32, 0x72, 0xef, 0x59, 0x3,
    0xff, 0x80, 0x67, 0xac, 0x81, 0x8a, 0x96, 0xb6,
    0xf5, 0x8d, 0x1, 0xca, 0x6a, 0x80, 0xfc, 0x5f,
    0x64, 0xc, 0x5e, 0xca, 0xd2, 0x13, 0xe4, 0xe5,
    0xf5, 0x1, 0xca, 0xc4, 0x7, 0x15, 0x48, 0x1c,
    0xa4, 0x10, 0x3f, 0xf8, 0x8a, 0x32, 0x7, 0x3c,
    0x80, 0xcf, 0x10, 0x39, 0x64, 0x7, 0xff, 0x1c,
    0xe4, 0x7, 0x91, 0x20, 0x22, 0xc0, 0xf1, 0x20,
    0x3f, 0xf9, 0x2f, 0x90, 0x38, 0xf6, 0x7, 0xff,
    0x81, 0x81, 0x16, 0x7, 0x89, 0x1, 0xff, 0xc9,
    0x7c, 0x81, 0xc7, 0x81, 0x9e, 0x20, 0x72, 0xc8,
    0xf, 0xfe, 0x39, 0xc8, 0xf, 0x22, 0x40, 0x45,
    0x52, 0x7, 0x29, 0x4, 0xf, 0xfe, 0x23, 0x8c,
    0x81, 0xcf, 0x20, 0x38, 0xbe, 0xc8, 0x18, 0xbd,
    0x95, 0xb2, 0x27, 0x92, 0x39, 0x7c, 0x40, 0x72,
    0xb1, 0x1, 0xf8, 0xcf, 0x59, 0x3, 0x15, 0x22,
    0xed, 0xd6, 0xa3, 0x40, 0x72, 0x9a, 0xa0, 0x3f,
    0xf8, 0x5, 0x4d, 0x96, 0x34, 0x4c, 0x7, 0xc4,
    0xc9, 0xcb, 0xbd, 0x64, 0xf, 0x0,

    /* U+00D7 "×" */
    0x3, 0xc4, 0xc0, 0x7f, 0xf1, 0x9, 0x80, 0xfe,
    0x57, 0x6d, 0x8, 0x1f, 0xe2, 0xf6, 0xd5, 0x90,
    0x3c, 0xf1, 0x0, 0x5e, 0xc8, 0x40, 0xc5, 0xec,
    0x84, 0x1, 0xc8, 0x81, 0xe2, 0xf6, 0x44, 0x0,
    0xbd, 0x96, 0x6c, 0x84, 0x1, 0x9b, 0x19, 0x3,
    0xfc, 0x5d, 0xd1, 0x0, 0x29, 0x90, 0x6, 0x6c,
    0x64, 0xf, 0xfe, 0x33, 0x3, 0xfb, 0x81, 0xff,
    0xc5, 0x2f, 0x64, 0x20, 0xb, 0x64, 0x0, 0xbd,
    0x91, 0x1, 0xfe, 0x2f, 0x64, 0x20, 0x14, 0xd9,
    0x22, 0xe8, 0x80, 0x17, 0x74, 0x40, 0x7c, 0xf8,
    0x12, 0x9a, 0xb2, 0x6, 0x2e, 0xe8, 0x80, 0x13,
    0x80, 0xf2, 0x9b, 0x55, 0x90, 0x3f, 0xc5, 0xdd,
    0x9e, 0xb2, 0x0,

    /* U+00D8 "Ø" */
    0x3, 0xff, 0xae, 0x49, 0x10, 0x3f, 0xf8, 0xc5,
    0x39, 0x76, 0xbf, 0xfb, 0x6a, 0xc6, 0xd3, 0xeb,
    0xab, 0x3, 0xff, 0x80, 0x5d, 0xd9, 0x63, 0x44,
    0xc0, 0x7c, 0x4c, 0x9c, 0x86, 0x40, 0x2e, 0xc0,
    0xff, 0x29, 0xe2, 0x20, 0x62, 0xa5, 0xad, 0xba,
    0xd4, 0x40, 0x7e, 0x5d, 0x1, 0xf8, 0xb8, 0xc8,
    0x18, 0xbd, 0x95, 0xa4, 0x27, 0x93, 0xec, 0xf,
    0xe5, 0x61, 0x3, 0x8a, 0xa4, 0xe, 0x52, 0x8,
    0x1f, 0xca, 0x66, 0x41, 0x95, 0x90, 0x39, 0xd4,
    0x6, 0x78, 0x81, 0xcb, 0x20, 0x3f, 0x95, 0xa6,
    0x1, 0x4c, 0xd5, 0x40, 0x79, 0x12, 0x2, 0x2c,
    0xf, 0x12, 0x3, 0xe2, 0xed, 0x20, 0xa, 0xd3,
    0x3, 0x72, 0x7, 0x1e, 0xc0, 0xff, 0xe3, 0x17,
    0xe2, 0x5, 0xda, 0x40, 0x7f, 0xf1, 0xcb, 0x3,
    0xc4, 0xc, 0x67, 0x84, 0x17, 0xe2, 0x3, 0xe7,
    0xc8, 0x1c, 0x7b, 0x2, 0x78, 0x81, 0xcb, 0xb5,
    0x73, 0x20, 0xcf, 0x8, 0x1f, 0x8e, 0x40, 0x79,
    0x12, 0x2, 0x2a, 0x90, 0x39, 0x4a, 0x80, 0x29,
    0xd9, 0x3, 0xf9, 0xc6, 0x40, 0xe7, 0x90, 0x1c,
    0x5f, 0x64, 0xf, 0xc4, 0x83, 0x27, 0x92, 0x39,
    0x7c, 0x40, 0x72, 0xb1, 0x1, 0xf8, 0xda, 0x20,
    0x7c, 0x5c, 0xbb, 0x75, 0xa8, 0xd0, 0x1c, 0xa6,
    0xa8, 0xf, 0xf2, 0x90, 0x40, 0x29, 0xd, 0x21,
    0x20, 0x3e, 0x26, 0x4e, 0x5d, 0xeb, 0x20, 0x7f,
    0xf0, 0x15, 0xd6, 0xb5, 0x6d, 0x2d, 0x6c, 0xff,
    0xed, 0xab, 0x1a, 0x20, 0x7f, 0x80,

    /* U+00D9 "Ù" */
    0x3, 0xf9, 0x5f, 0xfe, 0x88, 0xf, 0xfe, 0x82,
    0xba, 0x20, 0x33, 0x90, 0x40, 0xff, 0xe8, 0x17,
    0x74, 0x40, 0xb, 0xf1, 0x1, 0xff, 0xd1, 0x2e,
    0xfb, 0x21, 0x72, 0x40, 0x7f, 0xf5, 0x13, 0x68,
    0xd8, 0x81, 0xff, 0xc3, 0x53, 0xff, 0x54, 0x7,
    0xff, 0x15, 0x5f, 0xfb, 0x42, 0x7, 0xff, 0xfc,
    0xf, 0xff, 0xf8, 0x1f, 0xff, 0xf0, 0x3f, 0xff,
    0xe0, 0x7f, 0xf0, 0x98, 0x1f, 0x88, 0x1f, 0xfc,
    0x42, 0x4c, 0xf, 0x72, 0x0, 0xe4, 0x7, 0x2c,
    0xc0, 0xff, 0xe1, 0x1b, 0x44, 0xe, 0x44, 0xc,
    0xba, 0x3, 0x94, 0xd6, 0x34, 0x84, 0xc9, 0x1c,
    0xb9, 0x90, 0x31, 0x75, 0x1, 0xca, 0xe6, 0x40,
    0xc5, 0x39, 0x6b, 0x6a, 0xd4, 0x68, 0xe, 0x53,
    0xc2, 0x7, 0xe3, 0x36, 0x58, 0xd1, 0x20, 0x3f,
    0x12, 0x4d, 0xae, 0xf5, 0x90, 0x38,

    /* U+00DA "Ú" */
    0x3, 0xff, 0x8e, 0xa7, 0xff, 0x54, 0x7, 0xff,
    0x38, 0xc8, 0x60, 0x65, 0x35, 0x40, 0x7f, 0xf3,
    0x14, 0xec, 0x80, 0x53, 0x56, 0x40, 0xff, 0xe6,
    0x91, 0xd4, 0x8b, 0xeb, 0x20, 0x7f, 0xf4, 0xa,
    0x71, 0xb2, 0x3, 0xff, 0x8e, 0xa7, 0xfe, 0xa8,
    0xf, 0xfe, 0x2a, 0xbf, 0xf6, 0x84, 0xf, 0xff,
    0xf8, 0x1f, 0xff, 0xf0, 0x3f, 0xff, 0xe0, 0x7f,
    0xff, 0xc0, 0xff, 0xe1, 0x30, 0x3f, 0x10, 0x3f,
    0xf8, 0x84, 0x98, 0x1e, 0xe4, 0x1, 0xc8, 0xe,
    0x59, 0x81, 0xff, 0xc2, 0x36, 0x88, 0x1c, 0x88,
    0x19, 0x74, 0x7, 0x29, 0xac, 0x69, 0x9, 0x92,
    0x39, 0x73, 0x20, 0x62, 0xea, 0x3, 0x95, 0xcc,
    0x81, 0x8a, 0x72, 0xd6, 0xd5, 0xa8, 0xd0, 0x1c,
    0xa7, 0x84, 0xf, 0xc6, 0x6c, 0xb1, 0xa2, 0x40,
    0x7e, 0x24, 0x9b, 0x5d, 0xeb, 0x20, 0x70,

    /* U+00DB "Û" */
    0x3, 0xff, 0x82, 0xa7, 0xff, 0xb4, 0x20, 0x7f,
    0xf3, 0x15, 0xa6, 0x4, 0x4c, 0x0, 0xbf, 0x10,
    0x1f, 0xfc, 0x72, 0xf5, 0x40, 0xb, 0xdb, 0x56,
    0x41, 0x76, 0x99, 0x3, 0xff, 0x86, 0x58, 0x52,
    0x2e, 0xc8, 0x40, 0x94, 0xd9, 0x64, 0x10, 0xc8,
    0x1f, 0xfc, 0x22, 0x9c, 0x6c, 0x88, 0x1f, 0xc5,
    0x36, 0x8d, 0x10, 0x3f, 0x29, 0xff, 0xaa, 0x3,
    0xff, 0x8a, 0xaf, 0xfd, 0xa1, 0x3, 0xff, 0xfe,
    0x7, 0xff, 0xfc, 0xf, 0xff, 0xf8, 0x1f, 0xff,
    0xf0, 0x3f, 0xf8, 0x4c, 0xf, 0xc4, 0xf, 0xfe,
    0x21, 0x26, 0x7, 0xb9, 0x0, 0x72, 0x3, 0x96,
    0x60, 0x7f, 0xf0, 0x8d, 0xa2, 0x7, 0x22, 0x6,
    0x5d, 0x1, 0xca, 0x6b, 0x1a, 0x42, 0x64, 0x8e,
    0x5c, 0xc8, 0x18, 0xba, 0x80, 0xe5, 0x73, 0x20,
    0x62, 0x9c, 0xb5, 0xb5, 0x6a, 0x34, 0x7, 0x29,
    0xe1, 0x3, 0xf1, 0x9b, 0x2c, 0x68, 0x90, 0x1f,
    0x89, 0x26, 0xd7, 0x7a, 0xc8, 0x1c,

    /* U+00DC "Ü" */
    0x3, 0xfe, 0x29, 0x44, 0xf, 0x8a, 0x51, 0x3,
    0xff, 0x90, 0xa6, 0xb6, 0xd5, 0x1, 0x3b, 0xad,
    0xbc, 0x20, 0x7f, 0xf1, 0x9f, 0x40, 0x47, 0x30,
    0x24, 0x48, 0x9, 0xe2, 0x7, 0xff, 0x18, 0xbb,
    0xfd, 0x99, 0x2, 0x33, 0x7f, 0x54, 0x7, 0xff,
    0x99, 0x4f, 0xfd, 0x50, 0x1f, 0xfc, 0x55, 0x7f,
    0xed, 0x8, 0x1f, 0xff, 0xf0, 0x3f, 0xff, 0xe0,
    0x7f, 0xff, 0xc0, 0xff, 0xff, 0x81, 0xff, 0xc2,
    0x60, 0x7e, 0x20, 0x7f, 0xf1, 0x9, 0x30, 0x3d,
    0xc8, 0x3, 0x90, 0x1c, 0xb3, 0x3, 0xff, 0x84,
    0x6d, 0x10, 0x39, 0x10, 0x32, 0xe8, 0xe, 0x53,
    0x58, 0xd2, 0x13, 0x24, 0x72, 0xe6, 0x40, 0xc5,
    0xd4, 0x7, 0x2b, 0x99, 0x3, 0x14, 0xe5, 0xad,
    0xab, 0x51, 0xa0, 0x39, 0x4f, 0x8, 0x1f, 0x8c,
    0xd9, 0x63, 0x44, 0x80, 0xfc, 0x49, 0x36, 0xbb,
    0xd6, 0x40, 0xe0,

    /* U+00DD "Ý" */
    0x3, 0xff, 0x92, 0x5d, 0xbf, 0x32, 0x7, 0xff,
    0x44, 0xbf, 0x12, 0xcc, 0xc6, 0x40, 0xff, 0xe7,
    0x99, 0xe1, 0x0, 0xa6, 0xc8, 0x40, 0xff, 0xe8,
    0x2a, 0x5a, 0x77, 0x56, 0x40, 0xff, 0xe9, 0xa9,
    0x6d, 0x11, 0x3, 0xff, 0x92, 0xef, 0xfe, 0xa8,
    0xf, 0xfe, 0x22, 0xbf, 0xfb, 0x32, 0x7, 0x38,
    0xc8, 0x19, 0x48, 0x20, 0x7f, 0xf0, 0xc, 0x84,
    0x6, 0x2f, 0xb2, 0x7, 0x8c, 0x84, 0x6, 0x2e,
    0x30, 0x3f, 0xca, 0x32, 0x6, 0x52, 0x8, 0x1f,
    0xe5, 0x61, 0x3, 0x29, 0x8, 0xf, 0x19, 0x8,
    0xc, 0x64, 0x20, 0x3f, 0xf8, 0x4f, 0xb2, 0x6,
    0x71, 0x90, 0x27, 0x19, 0x2, 0x2f, 0xb2, 0x7,
    0xff, 0x10, 0xc8, 0x40, 0x63, 0x2a, 0x49, 0x8,
    0xc, 0xa4, 0x10, 0x3f, 0xf9, 0xa, 0x41, 0x3,
    0x3b, 0x4c, 0xc, 0x64, 0x20, 0x3f, 0xf9, 0x65,
    0xf6, 0x40, 0xfc, 0x5f, 0x64, 0xf, 0xfe, 0x71,
    0x95, 0x1, 0xe5, 0x61, 0x3, 0xff, 0xa4, 0x48,
    0xf, 0x88, 0x1f, 0xff, 0xf0, 0x3f, 0xff, 0xe0,
    0x7f, 0xf5, 0x80,

    /* U+00DE "Þ" */
    0x5, 0xef, 0xfb, 0x30, 0x3f, 0xfe, 0x86, 0x7f,
    0xfd, 0xb2, 0xc6, 0x88, 0x1f, 0xfc, 0xe2, 0x49,
    0xcb, 0xab, 0x20, 0x7f, 0xf0, 0xc, 0xdf, 0xdb,
    0x56, 0x32, 0x7, 0x29, 0xc, 0xf, 0xfe, 0x9,
    0x2, 0x26, 0x4e, 0x6a, 0x80, 0xe5, 0x90, 0x1f,
    0xfc, 0xb6, 0x48, 0xf, 0x10, 0x3f, 0xf9, 0x68,
    0x90, 0x1e, 0x20, 0x7f, 0xf1, 0x89, 0x29, 0xa2,
    0x3, 0x97, 0x40, 0x7f, 0x8c, 0xff, 0xdb, 0x2b,
    0x20, 0x72, 0xb4, 0x80, 0xff, 0xe5, 0x12, 0x4e,
    0x6f, 0x50, 0x1f, 0xfc, 0x13, 0x37, 0xff, 0xb6,
    0x58, 0xc8, 0x1f, 0xfc, 0x62, 0x7, 0xff, 0xa8,

    /* U+00DF "ß" */
    0x3, 0xc5, 0x39, 0x76, 0x7f, 0xfb, 0x65, 0xa8,
    0x88, 0x1f, 0xfc, 0x23, 0x36, 0x58, 0xd1, 0x20,
    0x3f, 0x12, 0x48, 0xee, 0xf5, 0x1, 0xfc, 0x5f,
    0x64, 0xc, 0x5d, 0xdf, 0xfb, 0x56, 0x40, 0xe5,
    0x19, 0x3, 0xe7, 0x88, 0x1c, 0xfc, 0x44, 0xf,
    0x15, 0x2a, 0x3, 0xff, 0x86, 0x40, 0xf1, 0xe0,
    0x7f, 0xca, 0x54, 0x6, 0x51, 0x90, 0x3f, 0xf9,
    0x65, 0xdf, 0x59, 0x0, 0xa6, 0xa8, 0xf, 0xfe,
    0x59, 0x9a, 0x20, 0x25, 0x7d, 0x64, 0xf, 0xfe,
    0x6b, 0x20, 0x79, 0x92, 0x3, 0xff, 0xa0, 0xbb,
    0x20, 0x63, 0x37, 0xb1, 0x1, 0xff, 0xcd, 0x53,
    0x64, 0x64, 0xc, 0x9d, 0xfa, 0x10, 0x3f, 0xf9,
    0x85, 0xcd, 0xf4, 0x20, 0x62, 0xf4, 0x20, 0x7f,
    0xf3, 0xcb, 0xf0, 0x81, 0xc9, 0x8, 0x1f, 0xfc,
    0x32, 0x9a, 0x20, 0x7e, 0x78, 0x81, 0xf1, 0x3,
    0xff, 0x86, 0xfc, 0xbb, 0xff, 0xd5, 0x1, 0xca,
    0x30, 0x3f, 0xf8, 0x8b, 0xb4, 0x48, 0xf, 0x89,
    0x27, 0x2e, 0xa8, 0xc,

    /* U+00E0 "à" */
    0x3, 0xe2, 0xf7, 0xfe, 0xac, 0x81, 0xff, 0xc9,
    0x2f, 0x64, 0x40, 0x4a, 0x76, 0x40, 0xff, 0xe5,
    0x17, 0x7e, 0x88, 0x19, 0xaa, 0x3, 0xff, 0x98,
    0x5d, 0xff, 0x54, 0x7, 0xff, 0x10, 0xa7, 0x2d,
    0x6c, 0xff, 0xf6, 0xb1, 0xa0, 0x3f, 0xe2, 0xa4,
    0x34, 0x84, 0x80, 0xfc, 0x53, 0x97, 0x44, 0x7,
    0xe2, 0xe4, 0x39, 0x77, 0xff, 0x68, 0x80, 0xc5,
    0xf6, 0x7, 0xf2, 0x71, 0xa2, 0x7, 0xc5, 0xf4,
    0x7, 0x3e, 0x40, 0xff, 0x14, 0x8d, 0xd2, 0x7d,
    0xd8, 0x1c, 0x40, 0xf8, 0xbb, 0xfb, 0x5a, 0x92,
    0x6f, 0xe4, 0x40, 0xff, 0x8c, 0xf1, 0x1, 0x8b,
    0xbb, 0xff, 0xab, 0x3, 0xfe, 0x48, 0x40, 0xc5,
    0xf8, 0x88, 0x1f, 0x12, 0x3, 0xfe, 0x2c, 0xe,
    0x21, 0x81, 0xf9, 0x4a, 0x80, 0xff, 0x97, 0x40,
    0x73, 0xbf, 0x5b, 0x6f, 0xd5, 0x82, 0x40, 0x7f,
    0xca, 0xe8, 0xd1, 0x2, 0x29, 0x41, 0x3b, 0xb5,
    0x50, 0x1f, 0x0,

    /* U+00E1 "á" */
    0x3, 0xff, 0x8a, 0x66, 0xff, 0xb5, 0x40, 0x7f,
    0xf2, 0x15, 0xcc, 0x80, 0x2e, 0xea, 0x80, 0xff,
    0xe2, 0x97, 0xaa, 0x5, 0xdd, 0x91, 0x1, 0xff,
    0xc8, 0x2f, 0x7f, 0x68, 0x88, 0x1f, 0xfc, 0x52,
    0x9c, 0xb5, 0xb3, 0xff, 0xda, 0xc6, 0x80, 0xff,
    0x8a, 0x90, 0xd2, 0x12, 0x3, 0xf1, 0x4e, 0x5d,
    0x10, 0x1f, 0x8b, 0x90, 0xe5, 0xdf, 0xfd, 0xa2,
    0x3, 0x17, 0xd8, 0x1f, 0xc9, 0xc6, 0x88, 0x1f,
    0x17, 0xd0, 0x1c, 0xf9, 0x3, 0xfc, 0x52, 0x37,
    0x49, 0xf7, 0x60, 0x71, 0x3, 0xe2, 0xef, 0xed,
    0x6a, 0x49, 0xbf, 0x91, 0x3, 0xfe, 0x33, 0xc4,
    0x6, 0x2e, 0xef, 0xfe, 0xac, 0xf, 0xf9, 0x21,
    0x3, 0x17, 0xe2, 0x20, 0x7c, 0x48, 0xf, 0xf8,
    0xb0, 0x38, 0x86, 0x7, 0xe5, 0x2a, 0x3, 0xfe,
    0x5d, 0x1, 0xce, 0xfd, 0x6d, 0xbf, 0x56, 0x9,
    0x1, 0xff, 0x2b, 0xa3, 0x44, 0x8, 0xa5, 0x4,
    0xee, 0xd5, 0x40, 0x7c,

    /* U+00E2 "â" */
    0x3, 0xfe, 0x53, 0x7f, 0xfa, 0xb0, 0x3f, 0xf8,
    0xa5, 0xda, 0x64, 0x14, 0xd8, 0x80, 0x53, 0x44,
    0x7, 0xfc, 0x5d, 0xd1, 0x15, 0x36, 0x59, 0x1b,
    0x2b, 0x24, 0xee, 0x84, 0xf, 0xc5, 0xdf, 0xed,
    0x59, 0x3, 0x8a, 0x9b, 0xfb, 0x42, 0x7, 0xf1,
    0x4e, 0x5a, 0xd9, 0xff, 0xed, 0x63, 0x40, 0x7f,
    0xc5, 0x48, 0x69, 0x9, 0x1, 0xf8, 0xa7, 0x2e,
    0x88, 0xf, 0xc5, 0xc8, 0x72, 0xef, 0xfe, 0xd1,
    0x1, 0x8b, 0xec, 0xf, 0xe4, 0xe3, 0x44, 0xf,
    0x8b, 0xe8, 0xe, 0x7c, 0x81, 0xfe, 0x29, 0x1b,
    0xa4, 0xfb, 0xb0, 0x38, 0x81, 0xf1, 0x77, 0xf6,
    0xb5, 0x24, 0xdf, 0xc8, 0x81, 0xff, 0x19, 0xe2,
    0x3, 0x17, 0x77, 0xff, 0x56, 0x7, 0xfc, 0x90,
    0x81, 0x8b, 0xf1, 0x10, 0x3e, 0x24, 0x7, 0xfc,
    0x58, 0x1c, 0x43, 0x3, 0xf2, 0x95, 0x1, 0xff,
    0x2e, 0x80, 0xe7, 0x7e, 0xb6, 0xdf, 0xab, 0x4,
    0x80, 0xff, 0x95, 0xd1, 0xa2, 0x4, 0x52, 0x82,
    0x77, 0x6a, 0xa0, 0x3e,

    /* U+00E3 "ã" */
    0x3, 0xe2, 0xa6, 0xff, 0x6b, 0x1a, 0x20, 0xb,
    0xdf, 0xaa, 0x3, 0xf9, 0xca, 0xc8, 0x24, 0xa,
    0x72, 0xef, 0xda, 0x10, 0xba, 0x3, 0xf1, 0x0,
    0x5d, 0xfb, 0x3f, 0x6b, 0x1a, 0x59, 0xcd, 0x50,
    0x1f, 0xc5, 0xdd, 0x10, 0x1c, 0x53, 0x96, 0xe8,
    0xc8, 0x1f, 0xfc, 0x2, 0x9c, 0xb5, 0xb3, 0xff,
    0xda, 0xc6, 0x80, 0xff, 0x8a, 0x90, 0xd2, 0x12,
    0x3, 0xf1, 0x4e, 0x5d, 0x10, 0x1f, 0x8b, 0x90,
    0xe5, 0xdf, 0xfd, 0xa2, 0x3, 0x17, 0xd8, 0x1f,
    0xc9, 0xc6, 0x88, 0x1f, 0x17, 0xd0, 0x1c, 0xf9,
    0x3, 0xfc, 0x52, 0x37, 0x49, 0xf7, 0x60, 0x71,
    0x3, 0xe2, 0xef, 0xed, 0x6a, 0x49, 0xbf, 0x91,
    0x3, 0xfe, 0x33, 0xc4, 0x6, 0x2e, 0xef, 0xfe,
    0xac, 0xf, 0xf9, 0x21, 0x3, 0x17, 0xe2, 0x20,
    0x7c, 0x48, 0xf, 0xf8, 0xb0, 0x38, 0x86, 0x7,
    0xe5, 0x2a, 0x3, 0xfe, 0x5d, 0x1, 0xce, 0xfd,
    0x6d, 0xbf, 0x56, 0x9, 0x1, 0xff, 0x2b, 0xa3,
    0x44, 0x8, 0xa5, 0x4, 0xee, 0xd5, 0x40, 0x7c,

    /* U+00E4 "ä" */
    0x3, 0xf2, 0xbf, 0xda, 0x10, 0x22, 0xf7, 0xf5,
    0x64, 0xf, 0xfe, 0x1, 0xcc, 0x8, 0x92, 0x2,
    0x78, 0x81, 0x2e, 0xc0, 0xff, 0xe0, 0x19, 0xed,
    0xb5, 0x60, 0x4a, 0xeb, 0x6d, 0x10, 0x1f, 0xfc,
    0x22, 0x94, 0x40, 0xf8, 0xa5, 0x10, 0x3f, 0xf8,
    0x25, 0x39, 0x6b, 0x67, 0xff, 0xb5, 0x8d, 0x1,
    0xff, 0x15, 0x21, 0xa4, 0x24, 0x7, 0xe2, 0x9c,
    0xba, 0x20, 0x3f, 0x17, 0x21, 0xcb, 0xbf, 0xfb,
    0x44, 0x6, 0x2f, 0xb0, 0x3f, 0x93, 0x8d, 0x10,
    0x3e, 0x2f, 0xa0, 0x39, 0xf2, 0x7, 0xf8, 0xa4,
    0x6e, 0x93, 0xee, 0xc0, 0xe2, 0x7, 0xc5, 0xdf,
    0xda, 0xd4, 0x93, 0x7f, 0x22, 0x7, 0xfc, 0x67,
    0x88, 0xc, 0x5d, 0xdf, 0xfd, 0x58, 0x1f, 0xf2,
    0x42, 0x6, 0x2f, 0xc4, 0x40, 0xf8, 0x90, 0x1f,
    0xf1, 0x60, 0x71, 0xc, 0xf, 0xca, 0x54, 0x7,
    0xfc, 0xba, 0x3, 0x9d, 0xfa, 0xdb, 0x7e, 0xac,
    0x12, 0x3, 0xfe, 0x57, 0x46, 0x88, 0x11, 0x4a,
    0x9, 0xdd, 0xaa, 0x80, 0xf8,

    /* U+00E5 "å" */
    0x3, 0xff, 0xc2, 0x5d, 0xdf, 0xed, 0x11, 0x3,
    0xff, 0x8e, 0x66, 0x89, 0xcb, 0x4c, 0x3b, 0x18,
    0x1f, 0xfc, 0x64, 0x40, 0x3e, 0xd2, 0x4a, 0x42,
    0xe8, 0xf, 0xfe, 0x29, 0x20, 0x8, 0x90, 0x2f,
    0x10, 0x7b, 0x3, 0xff, 0x8a, 0xad, 0x21, 0x37,
    0xd1, 0x17, 0xd9, 0x3, 0xff, 0x8c, 0x55, 0xdf,
    0x6b, 0xf6, 0x84, 0xf, 0xfe, 0x19, 0x4e, 0x5a,
    0xd9, 0xfb, 0x6b, 0xfb, 0x58, 0xd0, 0x1f, 0xf1,
    0x52, 0x1a, 0x42, 0x40, 0x7e, 0x29, 0xcb, 0xa2,
    0x3, 0xf1, 0x72, 0x1c, 0xbb, 0xff, 0xb4, 0x40,
    0x62, 0xfb, 0x3, 0xf9, 0x38, 0xd1, 0x3, 0xe2,
    0xfa, 0x3, 0x9f, 0x20, 0x7f, 0x8a, 0x46, 0xe9,
    0x3e, 0xec, 0xe, 0x20, 0x7c, 0x5d, 0xfd, 0xad,
    0x49, 0x37, 0xf2, 0x20, 0x7f, 0xc6, 0x78, 0x80,
    0xc5, 0xdd, 0xff, 0xd5, 0x81, 0xff, 0x24, 0x20,
    0x62, 0xfc, 0x44, 0xf, 0x89, 0x1, 0xff, 0x16,
    0x7, 0x10, 0xc0, 0xfc, 0xa5, 0x40, 0x7f, 0xcb,
    0xa0, 0x39, 0xdf, 0xad, 0xb7, 0xea, 0xc1, 0x20,
    0x3f, 0xe5, 0x74, 0x68, 0x81, 0x14, 0xa0, 0x9d,
    0xda, 0xa8, 0xf, 0x80,

    /* U+00E6 "æ" */
    0x3, 0xc5, 0x39, 0x76, 0x7f, 0xfb, 0x58, 0xc8,
    0x11, 0x72, 0xef, 0xfe, 0xd6, 0x32, 0x7, 0xff,
    0x4, 0xd9, 0xd, 0x12, 0x3, 0xf1, 0x4e, 0x6d,
    0xd1, 0xa2, 0x7, 0xc5, 0x39, 0xb2, 0x20, 0x3f,
    0xc6, 0x4d, 0x77, 0xff, 0xab, 0x20, 0x44, 0xc0,
    0xb, 0xbb, 0xfe, 0xd1, 0x1, 0x17, 0x61, 0x3,
    0xfc, 0x9b, 0x22, 0x7, 0xe5, 0x51, 0x3, 0xce,
    0x42, 0x20, 0x71, 0x71, 0x81, 0xce, 0x90, 0x3f,
    0x8a, 0x72, 0x2d, 0xdb, 0x77, 0x64, 0xf, 0x29,
    0xb7, 0xfb, 0xa0, 0x3c, 0x58, 0x1e, 0x57, 0xeb,
    0x1b, 0x25, 0x89, 0xf0, 0x1f, 0x89, 0xff, 0xe1,
    0x1, 0xff, 0xc0, 0x52, 0xa0, 0x39, 0x4b, 0xbf,
    0xf6, 0x64, 0xe, 0x33, 0xff, 0xfe, 0x3d, 0x40,
    0x62, 0x80, 0xe2, 0xe3, 0x44, 0xf, 0x32, 0x40,
    0x71, 0xcc, 0xf, 0xfe, 0x61, 0x60, 0x71, 0x24,
    0x40, 0xe2, 0xec, 0x40, 0x7c, 0xa5, 0x68, 0x81,
    0xf8, 0xa7, 0x1a, 0x3, 0xcb, 0xa0, 0x39, 0x4d,
    0xff, 0x68, 0x88, 0x57, 0x56, 0x40, 0x94, 0xbb,
    0xff, 0xda, 0xc7, 0x49, 0x1, 0xe5, 0x75, 0x68,
    0x81, 0xf1, 0x4e, 0x6f, 0x51, 0x53, 0x65, 0x89,
    0x8, 0x1f, 0x89, 0x27, 0x21, 0x10, 0x20,

    /* U+00E7 "ç" */
    0x3, 0xf8, 0xa9, 0x6b, 0x7f, 0xf6, 0xcb, 0x51,
    0x10, 0x3e, 0x57, 0xea, 0xd2, 0x10, 0x3e, 0x24,
    0x90, 0x98, 0xe, 0x56, 0x90, 0x1c, 0xa5, 0xd9,
    0xf6, 0xac, 0x97, 0x60, 0x73, 0xe8, 0xe, 0x56,
    0x9a, 0x24, 0x9, 0x93, 0x72, 0x3, 0x8f, 0x40,
    0x72, 0xe8, 0xf, 0xfe, 0x3b, 0x20, 0x78, 0x81,
    0xff, 0xd1, 0x20, 0x7f, 0xf2, 0x56, 0x20, 0x72,
    0xe8, 0xf, 0xfe, 0x42, 0xa4, 0xe, 0x56, 0x9a,
    0x24, 0x0, 0x92, 0x47, 0x21, 0x1, 0xc5, 0xf8,
    0x40, 0xe5, 0x2e, 0xcf, 0xdb, 0x2d, 0x46, 0x88,
    0x1f, 0x17, 0xb2, 0xc6, 0x88, 0x1f, 0x89, 0x27,
    0x10, 0x1f, 0xe2, 0x9c, 0xb1, 0x81, 0x17, 0xbe,
    0xcb, 0x11, 0x3, 0xff, 0x84, 0x4e, 0x0, 0x5e,
    0xc8, 0x40, 0xff, 0xe3, 0x17, 0x76, 0x42, 0x0,
    0xba, 0x40, 0xff, 0xe1, 0x95, 0x1b, 0xad, 0x10,
    0x23, 0xc8, 0x1f, 0xfc, 0x37, 0x9c, 0x93, 0x24,
    0x9d, 0xec, 0xf, 0x0,

    /* U+00E8 "è" */
    0x3, 0xe5, 0x37, 0xfe, 0xa8, 0xf, 0xfe, 0x6a,
    0x9b, 0x22, 0x2, 0x56, 0x99, 0x3, 0xff, 0x9a,
    0x5d, 0xf5, 0x90, 0xa7, 0x88, 0xf, 0xfe, 0x7a,
    0x9b, 0xfb, 0x44, 0x7, 0xff, 0x28, 0xb9, 0x76,
    0x7f, 0xed, 0x96, 0x32, 0x7, 0xff, 0xd, 0x5f,
    0xa3, 0x44, 0x80, 0xf1, 0x24, 0xe6, 0xc8, 0x80,
    0xff, 0x2b, 0x48, 0xc, 0xa6, 0xff, 0xda, 0x20,
    0x22, 0xec, 0x20, 0x7c, 0xfa, 0x3, 0x19, 0x59,
    0x3, 0xc5, 0xc6, 0x40, 0xce, 0x90, 0x39, 0x74,
    0x7, 0x1b, 0xb7, 0xfd, 0xd1, 0x3, 0x8b, 0x3,
    0xc4, 0xf, 0x89, 0xff, 0xe1, 0x1, 0xf1, 0x3,
    0xc4, 0xf, 0x2b, 0xff, 0xff, 0x1e, 0xb0, 0x39,
    0x74, 0x7, 0x2c, 0x40, 0xff, 0xe7, 0x3e, 0x80,
    0xe7, 0xeb, 0x20, 0x7e, 0x24, 0x9c, 0x68, 0xf,
    0xe5, 0x69, 0x90, 0x22, 0xa6, 0xff, 0xf6, 0xcb,
    0x1d, 0x24, 0x7, 0xf9, 0x4d, 0x96, 0x34, 0x48,
    0xf, 0xc4, 0x93, 0x90, 0x88, 0x18,

    /* U+00E9 "é" */
    0x3, 0xff, 0x8a, 0xa7, 0xfe, 0xd1, 0x1, 0xff,
    0xcb, 0x56, 0x98, 0x11, 0x7b, 0x22, 0x3, 0xff,
    0x90, 0x5e, 0xa8, 0x17, 0x76, 0x42, 0x7, 0xff,
    0x2c, 0xbd, 0xfd, 0xa2, 0x20, 0x7f, 0xf2, 0xcb,
    0x97, 0x67, 0xfe, 0xd9, 0x63, 0x20, 0x7f, 0xf0,
    0xd5, 0xfa, 0x34, 0x48, 0xf, 0x12, 0x4e, 0x6c,
    0x88, 0xf, 0xf2, 0xb4, 0x80, 0xca, 0x6f, 0xfd,
    0xa2, 0x2, 0x2e, 0xc2, 0x7, 0xcf, 0xa0, 0x31,
    0x95, 0x90, 0x3c, 0x5c, 0x64, 0xc, 0xe9, 0x3,
    0x97, 0x40, 0x71, 0xbb, 0x7f, 0xdd, 0x10, 0x38,
    0xb0, 0x3c, 0x40, 0xf8, 0x9f, 0xfe, 0x10, 0x1f,
    0x10, 0x3c, 0x40, 0xf2, 0xbf, 0xff, 0xf1, 0xeb,
    0x3, 0x97, 0x40, 0x72, 0xc4, 0xf, 0xfe, 0x73,
    0xe8, 0xe, 0x7e, 0xb2, 0x7, 0xe2, 0x49, 0xc6,
    0x80, 0xfe, 0x56, 0x99, 0x2, 0x2a, 0x6f, 0xff,
    0x6c, 0xb1, 0xd2, 0x40, 0x7f, 0x94, 0xd9, 0x63,
    0x44, 0x80, 0xfc, 0x49, 0x39, 0x8, 0x81, 0x80,

    /* U+00EA "ê" */
    0x3, 0xfe, 0x57, 0xff, 0xea, 0x80, 0xff, 0xe4,
    0x17, 0xaa, 0x0, 0x53, 0x44, 0x2, 0xba, 0x10,
    0x3f, 0xf8, 0x45, 0xdd, 0x9, 0x29, 0xb2, 0xcb,
    0xb2, 0x22, 0x4f, 0x63, 0x20, 0x7f, 0xc5, 0xdf,
    0xed, 0x59, 0x3, 0x8b, 0xbb, 0xfb, 0x32, 0x7,
    0xff, 0xc, 0xb9, 0x76, 0x7f, 0xed, 0x96, 0x32,
    0x7, 0xff, 0xd, 0x5f, 0xa3, 0x44, 0x80, 0xf1,
    0x24, 0xe6, 0xc8, 0x80, 0xff, 0x2b, 0x48, 0xc,
    0xa6, 0xff, 0xda, 0x20, 0x22, 0xec, 0x20, 0x7c,
    0xfa, 0x3, 0x19, 0x59, 0x3, 0xc5, 0xc6, 0x40,
    0xce, 0x90, 0x39, 0x74, 0x7, 0x1b, 0xb7, 0xfd,
    0xd1, 0x3, 0x8b, 0x3, 0xc4, 0xf, 0x89, 0xff,
    0xe1, 0x1, 0xf1, 0x3, 0xc4, 0xf, 0x2b, 0xff,
    0xff, 0x1e, 0xb0, 0x39, 0x74, 0x7, 0x2c, 0x40,
    0xff, 0xe7, 0x3e, 0x80, 0xe7, 0xeb, 0x20, 0x7e,
    0x24, 0x9c, 0x68, 0xf, 0xe5, 0x69, 0x90, 0x22,
    0xa6, 0xff, 0xf6, 0xcb, 0x1d, 0x24, 0x7, 0xf9,
    0x4d, 0x96, 0x34, 0x48, 0xf, 0xc4, 0x93, 0x90,
    0x88, 0x18,

    /* U+00EB "ë" */
    0x3, 0xe2, 0xef, 0xf6, 0x64, 0x8, 0xcd, 0xfd,
    0x58, 0x1f, 0xfc, 0x5e, 0x80, 0x8e, 0x60, 0x4c,
    0x90, 0x12, 0xe4, 0xf, 0xfe, 0x19, 0x9a, 0xdb,
    0x54, 0x4, 0xae, 0xb6, 0xd0, 0x81, 0xff, 0xc5,
    0x29, 0x44, 0xf, 0x8a, 0x51, 0x3, 0xff, 0x8e,
    0x5c, 0xbb, 0x3f, 0xf6, 0xcb, 0x19, 0x3, 0xff,
    0x86, 0xaf, 0xd1, 0xa2, 0x40, 0x78, 0x92, 0x73,
    0x64, 0x40, 0x7f, 0x95, 0xa4, 0x6, 0x53, 0x7f,
    0xed, 0x10, 0x11, 0x76, 0x10, 0x3e, 0x7d, 0x1,
    0x8c, 0xac, 0x81, 0xe2, 0xe3, 0x20, 0x67, 0x48,
    0x1c, 0xba, 0x3, 0x8d, 0xdb, 0xfe, 0xe8, 0x81,
    0xc5, 0x81, 0xe2, 0x7, 0xc4, 0xff, 0xf0, 0x80,
    0xf8, 0x81, 0xe2, 0x7, 0x95, 0xff, 0xff, 0x8f,
    0x58, 0x1c, 0xba, 0x3, 0x96, 0x20, 0x7f, 0xf3,
    0x9f, 0x40, 0x73, 0xf5, 0x90, 0x3f, 0x12, 0x4e,
    0x34, 0x7, 0xf2, 0xb4, 0xc8, 0x11, 0x53, 0x7f,
    0xfb, 0x65, 0x8e, 0x92, 0x3, 0xfc, 0xa6, 0xcb,
    0x1a, 0x24, 0x7, 0xe2, 0x49, 0xc8, 0x44, 0xc,

    /* U+00EC "ì" */
    0x5, 0xef, 0xfd, 0x59, 0x3, 0xc5, 0xec, 0xac,
    0x80, 0x53, 0xc2, 0x7, 0xc5, 0x4d, 0x95, 0x90,
    0xbc, 0x40, 0x7f, 0x15, 0x36, 0xd1, 0x1, 0xf9,
    0xdf, 0xfb, 0x32, 0x7, 0xff, 0xfc, 0xf, 0xff,
    0xf8, 0x1f, 0xfd, 0x30,

    /* U+00ED "í" */
    0x3, 0xf2, 0x9b, 0xfe, 0xd1, 0x1, 0xf1, 0x76,
    0x99, 0x0, 0xa6, 0xc8, 0x80, 0xe2, 0xe5, 0x65,
    0x4b, 0xeb, 0x20, 0x7e, 0x2e, 0xed, 0x56, 0x80,
    0xff, 0xe0, 0xbb, 0xff, 0x66, 0x40, 0xff, 0xff,
    0x81, 0xff, 0xff, 0x3, 0xff, 0xee,

    /* U+00EE "î" */
    0x3, 0xf2, 0x9b, 0xff, 0xd5, 0x90, 0x3f, 0xf8,
    0x26, 0x6a, 0xc8, 0x2e, 0x32, 0x1, 0x4f, 0x50,
    0x1f, 0xca, 0xf4, 0x13, 0xbb, 0x23, 0x9b, 0xd8,
    0x83, 0x96, 0x10, 0x3c, 0xae, 0xd5, 0x88, 0x81,
    0xe4, 0xee, 0xd5, 0x84, 0xf, 0xfe, 0xb, 0xbf,
    0xf6, 0x64, 0xf, 0xff, 0xf8, 0x1f, 0xff, 0xf0,
    0x3f, 0xff, 0xe0, 0x7f, 0xff, 0xc0, 0xff, 0x0,

    /* U+00EF "ï" */
    0x0, 0xaf, 0xf6, 0x84, 0x8, 0xbd, 0xfd, 0x59,
    0x2, 0x39, 0x81, 0x12, 0x40, 0x4f, 0x10, 0x25,
    0xd8, 0x11, 0x9e, 0xdb, 0x56, 0x4, 0xae, 0xb6,
    0xd1, 0x1, 0xc5, 0x28, 0x81, 0xf1, 0x4a, 0x20,
    0x7f, 0xce, 0xff, 0xd9, 0x90, 0x3f, 0xff, 0xe0,
    0x7f, 0xff, 0xc0, 0xff, 0xff, 0x81, 0xff, 0xca,

    /* U+00F0 "ð" */
    0x3, 0xff, 0x80, 0x52, 0x10, 0x3f, 0xc8, 0x90,
    0x1f, 0xfc, 0x53, 0x3d, 0xad, 0xf4, 0x69, 0x1d,
    0xde, 0xee, 0xc8, 0x1f, 0xfc, 0x33, 0x63, 0x40,
    0xb, 0x96, 0xa2, 0x24, 0xe7, 0x64, 0xf, 0xfe,
    0x19, 0x78, 0xb0, 0x3f, 0xee, 0x88, 0x1f, 0xfc,
    0x42, 0xa3, 0x44, 0x9c, 0xd9, 0x10, 0x11, 0x9a,
    0xa0, 0x3f, 0xf8, 0x65, 0xfd, 0x9f, 0x46, 0x49,
    0xda, 0x60, 0x65, 0x20, 0x81, 0xff, 0xc1, 0x2e,
    0xc8, 0xdb, 0xeb, 0xbb, 0x20, 0x45, 0xc4, 0x7,
    0xe2, 0xef, 0xd1, 0xa4, 0x27, 0xe4, 0xe3, 0x20,
    0x72, 0xe8, 0xe, 0x2f, 0xc4, 0x6, 0x2e, 0xef,
    0xfb, 0x56, 0x40, 0xf9, 0x92, 0x2, 0x2a, 0x90,
    0x31, 0x9e, 0x22, 0x7, 0x15, 0x3b, 0x20, 0x71,
    0xe0, 0x67, 0x88, 0x1c, 0x89, 0x1, 0xff, 0x1c,
    0xc0, 0xf9, 0x81, 0xff, 0xd5, 0x21, 0x81, 0x3c,
    0x40, 0xe4, 0x48, 0xf, 0xf8, 0xe4, 0x7, 0x3c,
    0x40, 0x8b, 0xa4, 0xc, 0x67, 0x88, 0xf, 0x15,
    0x3b, 0x3, 0x9c, 0x40, 0x79, 0xf8, 0x80, 0xc5,
    0xdf, 0xfd, 0xab, 0x20, 0x45, 0xe8, 0x40, 0xfc,
    0x5d, 0xfa, 0x34, 0x48, 0xf, 0x8a, 0x49, 0x76,
    0x42, 0x7, 0x0,

    /* U+00F1 "ñ" */
    0x3, 0xc5, 0xdd, 0xfe, 0xd6, 0x32, 0x40, 0x14,
    0xdf, 0xa1, 0x3, 0xf1, 0x7e, 0x22, 0x70, 0x29,
    0xcd, 0x9f, 0xab, 0x24, 0xe9, 0x3, 0xf3, 0xe1,
    0x4d, 0xb7, 0xed, 0x63, 0x4b, 0x3b, 0xe1, 0x3,
    0xf9, 0x4d, 0x59, 0x3, 0x8a, 0x72, 0xdd, 0x11,
    0x3, 0xf3, 0xbf, 0xea, 0x80, 0x17, 0x2e, 0xff,
    0xdb, 0x2b, 0x44, 0xf, 0xfe, 0x2, 0x97, 0x64,
    0x68, 0x81, 0xe2, 0x4a, 0x5d, 0x50, 0x1f, 0xf1,
    0x44, 0x9d, 0xd9, 0xfd, 0xab, 0x20, 0x72, 0x8c,
    0xf, 0xf8, 0xbf, 0x11, 0x20, 0x22, 0xa4, 0x20,
    0x38, 0xf4, 0x7, 0xf9, 0x62, 0x7, 0xf9, 0x90,
    0x3c, 0x40, 0xff, 0x1e, 0xc0, 0xff, 0xff, 0x81,
    0xff, 0xff, 0x3, 0xff, 0xb2,

    /* U+00F2 "ò" */
    0x3, 0xf2, 0x9b, 0xff, 0x54, 0x7, 0xff, 0x35,
    0x4d, 0x91, 0x1, 0x2b, 0x4c, 0x81, 0xff, 0xcd,
    0x2e, 0xfa, 0xc8, 0x53, 0xc2, 0x7, 0xff, 0x3d,
    0x4d, 0xfd, 0xa1, 0x3, 0xff, 0x92, 0x5c, 0xbb,
    0x3f, 0xfb, 0x58, 0xd1, 0x3, 0xff, 0x84, 0xae,
    0xc8, 0xd1, 0x20, 0x3e, 0x29, 0xcb, 0xb2, 0x10,
    0x3f, 0x95, 0xa4, 0x40, 0x8a, 0x9b, 0x3f, 0xb5,
    0x88, 0xc, 0x5e, 0x88, 0xf, 0x38, 0x80, 0xe7,
    0x2b, 0x24, 0x4, 0x53, 0xb4, 0x80, 0xe7, 0xd0,
    0x19, 0x72, 0x7, 0x2c, 0x80, 0xff, 0x96, 0x40,
    0x73, 0xc4, 0xc, 0x40, 0xf1, 0x3, 0xff, 0x84,
    0x40, 0xf1, 0xc, 0x9, 0x90, 0x3c, 0x40, 0xff,
    0xe1, 0x10, 0x3f, 0x30, 0x23, 0xd0, 0x1c, 0xb2,
    0x3, 0xfe, 0x59, 0x1, 0xcb, 0x10, 0x33, 0xe8,
    0xe, 0x72, 0xb2, 0x40, 0x45, 0x3b, 0x48, 0xe,
    0x7d, 0x1, 0xe5, 0x69, 0x90, 0x22, 0xa6, 0xcf,
    0xed, 0x62, 0x3, 0x17, 0x62, 0x3, 0xf9, 0x4d,
    0x95, 0xa2, 0x40, 0x7c, 0x49, 0x3b, 0xb2, 0x20,
    0x38,

    /* U+00F3 "ó" */
    0x3, 0xff, 0x8c, 0xaf, 0xfe, 0xd1, 0x1, 0xff,
    0xcb, 0x56, 0x90, 0x11, 0x9b, 0x22, 0x3, 0xff,
    0x90, 0x66, 0xa8, 0x17, 0x76, 0x32, 0x7, 0xff,
    0x2c, 0xcd, 0xfd, 0xa2, 0x20, 0x7f, 0xf2, 0x8b,
    0x97, 0x67, 0xff, 0x6b, 0x1a, 0x20, 0x7f, 0xf0,
    0x95, 0xd9, 0x1a, 0x24, 0x7, 0xc5, 0x39, 0x76,
    0x42, 0x7, 0xf2, 0xb4, 0x88, 0x11, 0x53, 0x67,
    0xf6, 0xb1, 0x1, 0x8b, 0xd1, 0x1, 0xe7, 0x10,
    0x1c, 0xe5, 0x64, 0x80, 0x8a, 0x76, 0x90, 0x1c,
    0xfa, 0x3, 0x2e, 0x40, 0xe5, 0x90, 0x1f, 0xf2,
    0xc8, 0xe, 0x78, 0x81, 0x88, 0x1e, 0x20, 0x7f,
    0xf0, 0x88, 0x1e, 0x21, 0x81, 0x32, 0x7, 0x88,
    0x1f, 0xfc, 0x22, 0x7, 0xe6, 0x4, 0x7a, 0x3,
    0x96, 0x40, 0x7f, 0xcb, 0x20, 0x39, 0x62, 0x6,
    0x7d, 0x1, 0xce, 0x56, 0x48, 0x8, 0xa7, 0x69,
    0x1, 0xcf, 0xa0, 0x3c, 0xad, 0x32, 0x4, 0x54,
    0xd9, 0xfd, 0xac, 0x40, 0x62, 0xec, 0x40, 0x7f,
    0x29, 0xb2, 0xb4, 0x48, 0xf, 0x89, 0x27, 0x76,
    0x44, 0x7, 0x0,

    /* U+00F4 "ô" */
    0x3, 0xff, 0x80, 0xaf, 0xff, 0xd5, 0x1, 0xff,
    0xc8, 0x33, 0x54, 0x0, 0xa6, 0x88, 0x5, 0x74,
    0x20, 0x7f, 0xf0, 0x8b, 0xb9, 0x92, 0x53, 0x65,
    0x97, 0x64, 0x44, 0x9e, 0xc6, 0x40, 0xff, 0x8b,
    0xbf, 0xda, 0xb2, 0x7, 0x17, 0x77, 0xf6, 0x64,
    0xf, 0xfe, 0x11, 0x72, 0xec, 0xff, 0xed, 0x63,
    0x44, 0xf, 0xfe, 0x12, 0xbb, 0x23, 0x44, 0x80,
    0xf8, 0xa7, 0x2e, 0xc8, 0x40, 0xfe, 0x56, 0x91,
    0x2, 0x2a, 0x6c, 0xfe, 0xd6, 0x20, 0x31, 0x7a,
    0x20, 0x3c, 0xe2, 0x3, 0x9c, 0xac, 0x90, 0x11,
    0x4e, 0xd2, 0x3, 0x9f, 0x40, 0x65, 0xc8, 0x1c,
    0xb2, 0x3, 0xfe, 0x59, 0x1, 0xcf, 0x10, 0x31,
    0x3, 0xc4, 0xf, 0xfe, 0x11, 0x3, 0xc4, 0x30,
    0x26, 0x40, 0xf1, 0x3, 0xff, 0x84, 0x40, 0xfc,
    0xc0, 0x8f, 0x40, 0x72, 0xc8, 0xf, 0xf9, 0x64,
    0x7, 0x2c, 0x40, 0xcf, 0xa0, 0x39, 0xca, 0xc9,
    0x1, 0x14, 0xed, 0x20, 0x39, 0xf4, 0x7, 0x95,
    0xa6, 0x40, 0x8a, 0x9b, 0x3f, 0xb5, 0x88, 0xc,
    0x5d, 0x88, 0xf, 0xe5, 0x36, 0x56, 0x89, 0x1,
    0xf1, 0x24, 0xee, 0xc8, 0x80, 0xe0,

    /* U+00F5 "õ" */
    0x3, 0xf1, 0x53, 0x7f, 0xb5, 0x8d, 0x10, 0x6,
    0x6f, 0xd1, 0x1, 0xff, 0x17, 0xeb, 0x27, 0x2,
    0x9c, 0xbb, 0xf6, 0x64, 0x3c, 0x80, 0xff, 0x9f,
    0x9, 0xdd, 0xaf, 0xda, 0xc6, 0x96, 0x77, 0x44,
    0x7, 0xff, 0x1, 0x4d, 0x62, 0x3, 0x8a, 0x72,
    0xdd, 0x11, 0x3, 0xff, 0x8a, 0x5c, 0xbb, 0x3f,
    0xfb, 0x58, 0xd1, 0x3, 0xff, 0x84, 0xae, 0xc8,
    0xd1, 0x20, 0x3e, 0x29, 0xcb, 0xb2, 0x10, 0x3f,
    0x95, 0xa4, 0x40, 0x8a, 0x9b, 0x3f, 0xb5, 0x88,
    0xc, 0x5e, 0x88, 0xf, 0x38, 0x80, 0xe7, 0x2b,
    0x24, 0x4, 0x53, 0xb4, 0x80, 0xe7, 0xd0, 0x19,
    0x72, 0x7, 0x2c, 0x80, 0xff, 0x96, 0x40, 0x73,
    0xc4, 0xc, 0x40, 0xf1, 0x3, 0xff, 0x84, 0x40,
    0xf1, 0xc, 0x9, 0x90, 0x3c, 0x40, 0xff, 0xe1,
    0x10, 0x3f, 0x30, 0x23, 0xd0, 0x1c, 0xb2, 0x3,
    0xfe, 0x59, 0x1, 0xcb, 0x10, 0x33, 0xe8, 0xe,
    0x72, 0xb2, 0x40, 0x45, 0x3b, 0x48, 0xe, 0x7d,
    0x1, 0xe5, 0x69, 0x90, 0x22, 0xa6, 0xcf, 0xed,
    0x62, 0x3, 0x17, 0x62, 0x3, 0xf9, 0x4d, 0x95,
    0xa2, 0x40, 0x7c, 0x49, 0x3b, 0xb2, 0x20, 0x38,

    /* U+00F6 "ö" */
    0x3, 0xf1, 0x77, 0xfb, 0x32, 0x4, 0x66, 0xfe,
    0xa8, 0xf, 0xfe, 0x2f, 0x40, 0x47, 0x30, 0x26,
    0x48, 0x9, 0x62, 0x7, 0xff, 0xc, 0xcd, 0x6d,
    0xaa, 0x2, 0x57, 0x5a, 0xd9, 0x8, 0x1f, 0xfc,
    0x52, 0x94, 0x40, 0xf8, 0xa4, 0x24, 0x7, 0xff,
    0x18, 0xb9, 0x76, 0x7f, 0xf6, 0xb1, 0xa2, 0x7,
    0xff, 0x9, 0x5d, 0x91, 0xa2, 0x40, 0x7c, 0x53,
    0x97, 0x64, 0x20, 0x7f, 0x2b, 0x48, 0x81, 0x15,
    0x36, 0x7f, 0x6b, 0x10, 0x18, 0xbd, 0x10, 0x1e,
    0x71, 0x1, 0xce, 0x56, 0x48, 0x8, 0xa7, 0x69,
    0x1, 0xcf, 0xa0, 0x32, 0xe4, 0xe, 0x59, 0x1,
    0xff, 0x2c, 0x80, 0xe7, 0x88, 0x18, 0x81, 0xe2,
    0x7, 0xff, 0x8, 0x81, 0xe2, 0x18, 0x13, 0x20,
    0x78, 0x81, 0xff, 0xc2, 0x20, 0x7e, 0x60, 0x47,
    0xa0, 0x39, 0x64, 0x7, 0xfc, 0xb2, 0x3, 0x96,
    0x20, 0x67, 0xd0, 0x1c, 0xe5, 0x64, 0x80, 0x8a,
    0x76, 0x90, 0x1c, 0xfa, 0x3, 0xca, 0xd3, 0x20,
    0x45, 0x4d, 0x9f, 0xda, 0xc4, 0x6, 0x2e, 0xc4,
    0x7, 0xf2, 0x9b, 0x2b, 0x44, 0x80, 0xf8, 0x92,
    0x77, 0x64, 0x40, 0x70,

    /* U+00F7 "÷" */
    0x3, 0xff, 0x82, 0x54, 0xb5, 0x19, 0x3, 0xff,
    0x98, 0x6c, 0x69, 0x1c, 0xa4, 0xf, 0xfe, 0x59,
    0xc8, 0x80, 0x2b, 0x10, 0x3f, 0xf9, 0x8a, 0x6f,
    0xda, 0xa0, 0x3f, 0xf8, 0x4a, 0xed, 0xff, 0xce,
    0xac, 0x80, 0x2c, 0x9f, 0xfe, 0x73, 0xe0, 0x4f,
    0x7f, 0xff, 0xce, 0xd0, 0x81, 0xff, 0xc1, 0x2a,
    0x5a, 0x8c, 0x81, 0xff, 0xcc, 0x36, 0x34, 0x8e,
    0x52, 0x7, 0xff, 0x2c, 0xe4, 0x40, 0x15, 0x88,
    0x1f, 0xf0,

    /* U+00F8 "ø" */
    0x3, 0xff, 0xc2, 0x5c, 0xbb, 0x3f, 0xfb, 0x59,
    0x17, 0xfa, 0xa0, 0x3f, 0xca, 0xec, 0x8d, 0x12,
    0x3, 0xe2, 0x9b, 0x20, 0x7, 0x30, 0x3f, 0x2b,
    0x48, 0x81, 0x15, 0x36, 0x7f, 0x66, 0x40, 0xf1,
    0x94, 0x81, 0xe7, 0x10, 0x1c, 0xe5, 0x64, 0x80,
    0x38, 0xc8, 0x1f, 0x9c, 0x40, 0x65, 0xc8, 0x1c,
    0xb2, 0x2, 0x2f, 0x44, 0x1, 0xd8, 0x80, 0xe5,
    0x88, 0x18, 0x81, 0xe2, 0x4, 0x5f, 0x84, 0x17,
    0xa2, 0x20, 0x7e, 0x60, 0x62, 0x7, 0x88, 0x33,
    0xc2, 0xb, 0xf0, 0x80, 0x20, 0x7e, 0x60, 0x4b,
    0xa0, 0x39, 0x5c, 0xc8, 0x33, 0xc2, 0x4, 0xb2,
    0x3, 0x96, 0x20, 0x67, 0xd0, 0x1f, 0xce, 0x32,
    0xa, 0x76, 0x90, 0x1c, 0xfa, 0x3, 0xca, 0x41,
    0x3, 0xe7, 0x7f, 0xb5, 0x88, 0xc, 0x5d, 0x88,
    0xf, 0x8a, 0xa4, 0x1, 0x4a, 0x20, 0x7c, 0x49,
    0x3b, 0xb2, 0x20, 0x3f, 0x8b, 0xd9, 0x76, 0x5b,
    0x6f, 0xfe, 0xd9, 0x62, 0x20, 0x7e,

    /* U+00F9 "ù" */
    0x3, 0xca, 0x6f, 0xfd, 0x10, 0x1f, 0xfc, 0xa5,
    0x36, 0x44, 0x4, 0xed, 0x32, 0x7, 0xff, 0x28,
    0xbb, 0xf4, 0x45, 0xd8, 0xc8, 0x1f, 0xfc, 0xc2,
    0xee, 0xd5, 0x64, 0xf, 0xf8, 0xbd, 0xff, 0x56,
    0x7, 0xff, 0x1, 0x4f, 0xfd, 0x8, 0x1f, 0xff,
    0xf0, 0x3f, 0xff, 0xe0, 0x78, 0x81, 0xff, 0xd3,
    0x20, 0x7f, 0x88, 0x1f, 0x30, 0x40, 0xff, 0x2e,
    0x80, 0xff, 0x14, 0x7, 0x1b, 0x48, 0xf, 0x94,
    0x86, 0x7, 0xfc, 0xab, 0x20, 0x62, 0xef, 0xff,
    0x56, 0x4c, 0x7, 0xfc, 0x66, 0xc8, 0xd1, 0x20,
    0x3c, 0x53, 0x9b, 0x3b, 0x20, 0x7c,

    /* U+00FA "ú" */
    0x3, 0xff, 0x88, 0xaf, 0xfe, 0xd0, 0x81, 0xff,
    0xc7, 0x2f, 0x54, 0x0, 0xab, 0xb2, 0x10, 0x3f,
    0xf8, 0xa6, 0x7a, 0xa, 0x9b, 0x2a, 0x20, 0x7f,
    0xf2, 0xc, 0xdb, 0x56, 0x40, 0xff, 0xe0, 0x97,
    0xbf, 0xea, 0xc0, 0xff, 0xe0, 0x29, 0xff, 0xa1,
    0x3, 0xff, 0xfe, 0x7, 0xff, 0xfc, 0xf, 0x10,
    0x3f, 0xfa, 0x64, 0xf, 0xf1, 0x3, 0xe6, 0x8,
    0x1f, 0xe5, 0xd0, 0x1f, 0xe2, 0x80, 0xe3, 0x69,
    0x1, 0xf2, 0x90, 0xc0, 0xff, 0x95, 0x64, 0xc,
    0x5d, 0xff, 0xea, 0xc9, 0x80, 0xff, 0x8c, 0xd9,
    0x1a, 0x24, 0x7, 0x8a, 0x73, 0x67, 0x64, 0xf,
    0x80,

    /* U+00FB "û" */
    0x3, 0xf8, 0xbb, 0xff, 0xed, 0x10, 0x1f, 0xfc,
    0x55, 0x3c, 0x40, 0x13, 0x8c, 0x82, 0xee, 0x84,
    0xf, 0xf8, 0xbb, 0x10, 0x52, 0xfb, 0x1c, 0xd9,
    0x5a, 0xb, 0xd6, 0x40, 0xfc, 0x5d, 0xda, 0xad,
    0x1, 0xe2, 0xa5, 0xda, 0xac, 0x81, 0x8b, 0xdf,
    0xf5, 0x60, 0x7f, 0xf0, 0x14, 0xff, 0xd0, 0x81,
    0xff, 0xff, 0x3, 0xff, 0xfe, 0x7, 0x88, 0x1f,
    0xfd, 0x32, 0x7, 0xf8, 0x81, 0xf3, 0x4, 0xf,
    0xf2, 0xe8, 0xf, 0xf1, 0x40, 0x71, 0xb4, 0x80,
    0xf9, 0x48, 0x60, 0x7f, 0xca, 0xb2, 0x6, 0x2e,
    0xff, 0xf5, 0x64, 0xc0, 0x7f, 0xc6, 0x6c, 0x8d,
    0x12, 0x3, 0xc5, 0x39, 0xb3, 0xb2, 0x7, 0xc0,

    /* U+00FC "ü" */
    0x3, 0xc5, 0xef, 0xea, 0xc8, 0x12, 0x9b, 0xf6,
    0x88, 0xf, 0xfe, 0xb, 0xc4, 0x9, 0x76, 0x4,
    0x51, 0x0, 0x51, 0x20, 0x3f, 0xf8, 0xa, 0xeb,
    0x6d, 0x10, 0x13, 0xd9, 0x6b, 0x63, 0x20, 0x7f,
    0xf0, 0x8a, 0x51, 0x3, 0xe2, 0x90, 0x81, 0xfc,
    0x5e, 0xff, 0xab, 0x3, 0xff, 0x80, 0xa7, 0xfe,
    0x84, 0xf, 0xff, 0xf8, 0x1f, 0xff, 0xf0, 0x3c,
    0x40, 0xff, 0xe9, 0x90, 0x3f, 0xc4, 0xf, 0x98,
    0x20, 0x7f, 0x97, 0x40, 0x7f, 0x8a, 0x3, 0x8d,
    0xa4, 0x7, 0xca, 0x43, 0x3, 0xfe, 0x55, 0x90,
    0x31, 0x77, 0xff, 0xab, 0x26, 0x3, 0xfe, 0x33,
    0x64, 0x68, 0x90, 0x1e, 0x29, 0xcd, 0x9d, 0x90,
    0x3e,

    /* U+00FD "ý" */
    0x3, 0xff, 0x8e, 0xaf, 0xfe, 0xd1, 0x1, 0xff,
    0xcd, 0x2f, 0x54, 0x0, 0xa9, 0xb2, 0x20, 0x3f,
    0xf9, 0x65, 0xca, 0xa, 0x9b, 0x2b, 0x20, 0x7f,
    0xf3, 0x8b, 0xbb, 0x55, 0x90, 0x3f, 0xf8, 0xc5,
    0xef, 0xfd, 0x8, 0x1f, 0xfc, 0x15, 0x3f, 0xf6,
    0x60, 0x71, 0x75, 0x1, 0xce, 0xa0, 0x3f, 0xe5,
    0x98, 0x1c, 0xab, 0x3, 0xe7, 0xd0, 0x1c, 0xf2,
    0x3, 0xf9, 0x66, 0x7, 0x2e, 0xc0, 0xfe, 0x5d,
    0x1, 0xcf, 0x20, 0x3e, 0x59, 0x81, 0xcb, 0xa0,
    0x3f, 0xe5, 0x18, 0x1c, 0xf2, 0x3, 0x96, 0x60,
    0x73, 0xe8, 0xf, 0xfe, 0x9, 0xac, 0x81, 0x9f,
    0x40, 0x4b, 0x30, 0x39, 0xd4, 0x7, 0xff, 0xc,
    0xda, 0x20, 0x65, 0xd0, 0x59, 0x81, 0x8b, 0xa4,
    0xf, 0xfe, 0x29, 0x75, 0x1, 0x96, 0x79, 0x81,
    0x8a, 0xa4, 0xf, 0xfe, 0x43, 0xe8, 0xc, 0xaa,
    0x3, 0x1b, 0x44, 0xf, 0xfe, 0x52, 0xec, 0x8,
    0x98, 0x8, 0xd6, 0x40, 0xff, 0xe6, 0x2a, 0xc0,
    0xf9, 0x56, 0x7, 0xff, 0x43, 0x90, 0x39, 0x66,
    0x7, 0xff, 0x3c, 0xda, 0x20, 0x65, 0xd8, 0x1f,
    0xfc, 0xd2, 0xef, 0x64, 0x8, 0xb8, 0x80, 0xff,
    0xe3, 0x99, 0xbf, 0xda, 0x22, 0x4, 0x67, 0x84,
    0xf, 0xfe, 0x4f, 0x3, 0xc4, 0x93, 0xbb, 0x19,
    0x3, 0xff, 0x8e,

    /* U+00FE "þ" */
    0xe, 0xff, 0xd9, 0x90, 0x3f, 0xff, 0xe0, 0x7f,
    0xfb, 0x4b, 0x97, 0x7f, 0xed, 0x62, 0x20, 0x7f,
    0xf0, 0xef, 0xd1, 0xa2, 0x7, 0x8a, 0x77, 0x56,
    0x40, 0xff, 0x89, 0x94, 0xbb, 0xfb, 0x64, 0x40,
    0x72, 0x90, 0x80, 0xff, 0x94, 0xad, 0x10, 0x22,
    0x4e, 0xd2, 0x3, 0x97, 0x40, 0x7f, 0x8a, 0x3,
    0xfe, 0x78, 0x81, 0xcc, 0x90, 0x1f, 0x8f, 0x3,
    0xff, 0x80, 0x43, 0x3, 0xdc, 0xf, 0xe3, 0xc0,
    0xff, 0xe0, 0x10, 0xc0, 0xf7, 0x3, 0xfc, 0x90,
    0x81, 0xfe, 0x58, 0x81, 0xcc, 0x90, 0x1f, 0xc6,
    0x78, 0x89, 0x0, 0x29, 0xd8, 0x80, 0xe5, 0xd0,
    0x1f, 0xe2, 0x67, 0x76, 0x7e, 0xd6, 0x20, 0x39,
    0x48, 0x40, 0x7f, 0x8d, 0xfa, 0x32, 0x40, 0x78,
    0xa7, 0x75, 0x64, 0xf, 0xfe, 0x11, 0x73, 0x67,
    0xfe, 0xd6, 0x22, 0x7, 0xff, 0xfc, 0xf, 0xff,
    0x98,

    /* U+00FF "ÿ" */
    0x3, 0xf8, 0xbb, 0xfd, 0x99, 0x2, 0x33, 0x7f,
    0x54, 0x7, 0xff, 0x1d, 0xf4, 0x4, 0x73, 0x2,
    0x44, 0x80, 0x9e, 0x20, 0x7f, 0xf1, 0x94, 0xd6,
    0xda, 0xa0, 0x27, 0x75, 0xad, 0xe1, 0x3, 0xff,
    0x90, 0x52, 0x88, 0x1f, 0x14, 0x84, 0x80, 0xff,
    0xe0, 0x97, 0xbf, 0xf4, 0x20, 0x7f, 0xf0, 0x54,
    0xff, 0xd9, 0x81, 0xc5, 0xd4, 0x7, 0x3a, 0x80,
    0xff, 0x96, 0x60, 0x72, 0xac, 0xf, 0x9f, 0x40,
    0x73, 0xc8, 0xf, 0xe5, 0x98, 0x1c, 0xbb, 0x3,
    0xf9, 0x74, 0x7, 0x3c, 0x80, 0xf9, 0x66, 0x7,
    0x2e, 0x80, 0xff, 0x94, 0x60, 0x73, 0xc8, 0xe,
    0x59, 0x81, 0xcf, 0xa0, 0x3f, 0xf8, 0x26, 0xb2,
    0x6, 0x7d, 0x1, 0x2c, 0xc0, 0xe7, 0x50, 0x1f,
    0xfc, 0x33, 0x68, 0x81, 0x97, 0x41, 0x66, 0x6,
    0x2e, 0x90, 0x3f, 0xf8, 0xa5, 0xd4, 0x6, 0x59,
    0xe6, 0x6, 0x2a, 0x90, 0x3f, 0xf9, 0xf, 0xa0,
    0x32, 0xa8, 0xc, 0x6d, 0x10, 0x3f, 0xf9, 0x4b,
    0xb0, 0x22, 0x60, 0x23, 0x59, 0x3, 0xff, 0x98,
    0xab, 0x3, 0xe5, 0x58, 0x1f, 0xfd, 0xe, 0x40,
    0xe5, 0x98, 0x1f, 0xfc, 0xf3, 0x68, 0x81, 0x97,
    0x60, 0x7f, 0xf3, 0x4b, 0xbd, 0x90, 0x22, 0xe2,
    0x3, 0xff, 0x8e, 0x66, 0xff, 0x68, 0x88, 0x11,
    0x9e, 0x10, 0x3f, 0xf9, 0x3c, 0xf, 0x12, 0x4e,
    0xec, 0x64, 0xf, 0xfe, 0x38,

    /* U+010C "Č" */
    0x3, 0xfc, 0x5e, 0xfe, 0xd5, 0x10, 0x3c, 0xa6,
    0xff, 0x44, 0x7, 0xff, 0x8, 0xbd, 0x58, 0x2a,
    0xec, 0x69, 0xdd, 0x59, 0x6, 0x68, 0x80, 0xff,
    0xe2, 0xa9, 0x99, 0x0, 0x65, 0x88, 0x80, 0x57,
    0x32, 0x7, 0xff, 0x24, 0xcf, 0x63, 0x7e, 0x96,
    0x90, 0x1f, 0xfc, 0xe2, 0x9c, 0x9e, 0x68, 0xf,
    0xfe, 0x61, 0x4e, 0x5d, 0xaf, 0xfd, 0xb5, 0x63,
    0x48, 0x40, 0xff, 0xe0, 0x17, 0x7e, 0xb1, 0xa2,
    0x60, 0x3c, 0x4c, 0x9c, 0xb1, 0x10, 0x3f, 0x17,
    0xb2, 0x20, 0x31, 0x4e, 0x5d, 0xba, 0xd4, 0x6c,
    0x8a, 0x8c, 0x81, 0xf3, 0x90, 0x40, 0xc5, 0xdd,
    0x63, 0x44, 0xf2, 0x47, 0x22, 0xea, 0x80, 0xfc,
    0xea, 0x3, 0x94, 0x84, 0x7, 0xff, 0x39, 0x62,
    0x7, 0x2e, 0x80, 0xff, 0xe8, 0x16, 0x7, 0x8b,
    0x3, 0xff, 0xf0, 0x58, 0x1e, 0x2c, 0xf, 0xfe,
    0x8b, 0xc4, 0xe, 0x5d, 0x1, 0xff, 0xd0, 0x2a,
    0x90, 0x39, 0x48, 0x20, 0x7f, 0xf3, 0xcb, 0x8c,
    0xe, 0x2f, 0x65, 0x69, 0x9, 0xf2, 0x46, 0xd2,
    0xc4, 0x7, 0xf9, 0x4d, 0x10, 0x1c, 0x54, 0xb5,
    0xb7, 0xad, 0x48, 0x69, 0x9, 0x1, 0xff, 0x17,
    0x7e, 0xb1, 0xa2, 0x40, 0x7f, 0x12, 0x4d, 0xa2,
    0x20, 0x40,

    /* U+010D "č" */
    0x3, 0x94, 0xdf, 0xda, 0x22, 0x7, 0x27, 0x7f,
    0xd5, 0x10, 0x39, 0x4d, 0x59, 0x27, 0x76, 0x48,
    0xbe, 0xc4, 0x14, 0xd5, 0x10, 0x3f, 0x29, 0xe2,
    0x0, 0x5b, 0x20, 0x5, 0xea, 0xc8, 0x1f, 0xfc,
    0x12, 0xef, 0xff, 0xb4, 0x20, 0x7f, 0xf0, 0xca,
    0x96, 0xb7, 0xff, 0x6c, 0xb5, 0x11, 0x3, 0xe5,
    0x7e, 0xad, 0x21, 0x3, 0xe2, 0x49, 0x9, 0x80,
    0xe5, 0x69, 0x1, 0xca, 0x5d, 0x9f, 0x6a, 0xc9,
    0x76, 0x7, 0x3e, 0x80, 0xe5, 0x69, 0xa2, 0x40,
    0x99, 0x37, 0x20, 0x38, 0xf4, 0x7, 0x2e, 0x80,
    0xff, 0xe3, 0xb2, 0x7, 0x88, 0x1f, 0xfd, 0x12,
    0x7, 0xff, 0x25, 0x62, 0x7, 0x2e, 0x80, 0xff,
    0xe4, 0x2a, 0x40, 0xe5, 0x69, 0xa2, 0x40, 0x9,
    0x24, 0x72, 0x10, 0x1c, 0x5f, 0x84, 0xe, 0x52,
    0xec, 0xfd, 0xb2, 0xd4, 0x68, 0x81, 0xf1, 0x7b,
    0x2c, 0x68, 0x81, 0xf8, 0x92, 0x71, 0x0,

    /* U+010E "Ď" */
    0x3, 0xe4, 0xda, 0x36, 0x20, 0x7f, 0x8b, 0x69,
    0xd, 0x1, 0xff, 0xc3, 0x48, 0x14, 0x8d, 0xf4,
    0x40, 0x14, 0xdf, 0x48, 0x41, 0x20, 0x1f, 0xfc,
    0x42, 0xf6, 0x32, 0xb, 0xbf, 0xab, 0x20, 0xbb,
    0xa1, 0x3, 0xff, 0x90, 0x67, 0xb1, 0xbf, 0x4b,
    0xe2, 0x3, 0xff, 0x9a, 0x53, 0x93, 0xcd, 0x10,
    0x3f, 0xf8, 0x65, 0xef, 0xff, 0xf8, 0x9b, 0x2d,
    0x46, 0x88, 0x1f, 0xfd, 0x32, 0x49, 0x1c, 0xbb,
    0xd8, 0x80, 0xff, 0xe2, 0x19, 0xbf, 0xdb, 0x6b,
    0x1a, 0x20, 0x64, 0xee, 0x84, 0xf, 0xfe, 0x19,
    0x3, 0x13, 0x93, 0x97, 0x63, 0x20, 0x62, 0xfb,
    0x20, 0x7f, 0xf3, 0xcc, 0xec, 0xe, 0x36, 0x88,
    0x1f, 0xfd, 0x3, 0x98, 0x1c, 0x49, 0x1, 0xff,
    0xd1, 0x7c, 0x81, 0xcf, 0x90, 0x3f, 0xfa, 0x3c,
    0xf, 0xb8, 0x1f, 0xfd, 0x16, 0x48, 0xe, 0x60,
    0x81, 0xff, 0xcf, 0x5d, 0x1, 0xc7, 0x20, 0x3f,
    0xf9, 0xca, 0x42, 0x3, 0x8d, 0x64, 0xf, 0xfe,
    0x1, 0x3f, 0x92, 0x39, 0xbd, 0x64, 0xc, 0x67,
    0x60, 0x7f, 0xf0, 0xc, 0xdb, 0xf5, 0xa8, 0xc8,
    0x1c, 0xa6, 0xc6, 0x40, 0xff, 0xe6, 0x12, 0x4d,
    0xa6, 0xfd, 0x59, 0x3, 0xe0,

    /* U+010F "ď" */
    0x3, 0xff, 0x98, 0xa7, 0xfe, 0x88, 0x19, 0xbf,
    0xd9, 0x90, 0x3f, 0xfa, 0xec, 0x90, 0x12, 0x8c,
    0x81, 0xff, 0xd6, 0x59, 0x0, 0x32, 0x10, 0x1f,
    0xfd, 0x85, 0x76, 0xcc, 0x81, 0xff, 0x17, 0x2e,
    0xff, 0xda, 0xc4, 0x40, 0xff, 0x89, 0xc0, 0x7f,
    0xc6, 0x6c, 0x8d, 0x10, 0x3c, 0x53, 0xba, 0x20,
    0x3f, 0xf9, 0x45, 0xf6, 0x40, 0xc5, 0x4b, 0xbf,
    0x6c, 0xac, 0x98, 0xf, 0xfe, 0x49, 0x54, 0x81,
    0xce, 0x56, 0x88, 0x2, 0x4a, 0x76, 0x40, 0xff,
    0xe4, 0xbc, 0x40, 0xe5, 0x90, 0x1f, 0xe3, 0x90,
    0x1f, 0xfd, 0x12, 0xc0, 0xff, 0xe0, 0x3e, 0x40,
    0xff, 0xe8, 0x16, 0x7, 0xff, 0x7, 0x90, 0x3f,
    0xf9, 0xf, 0x10, 0x39, 0x62, 0x7, 0xfc, 0x90,
    0xf, 0xfe, 0x49, 0x54, 0x81, 0xcf, 0xc6, 0x48,
    0x8, 0xa7, 0x61, 0x3, 0xff, 0x94, 0x5c, 0x64,
    0xc, 0x5c, 0xd9, 0xfd, 0xac, 0x4a, 0x20, 0x7f,
    0xf2, 0xd4, 0xd9, 0x11, 0x20, 0x3c, 0x54, 0xbe,
    0xc4, 0x40, 0xff, 0xe2, 0x80,

    /* U+011A "Ě" */
    0x2, 0x2d, 0xa3, 0x64, 0x7, 0xf8, 0xa7, 0x21,
    0xa2, 0x7, 0x14, 0xc, 0x8b, 0xf4, 0x40, 0xb,
    0xbf, 0x58, 0x81, 0x44, 0xf, 0x17, 0x74, 0x20,
    0xbb, 0xfb, 0x44, 0xb, 0xba, 0x20, 0x3f, 0xe2,
    0xf5, 0x8d, 0xfa, 0x5f, 0x10, 0x1f, 0xfc, 0x54,
    0xe4, 0xf3, 0x44, 0xf, 0xf1, 0x7b, 0xff, 0xfe,
    0x55, 0x40, 0x7f, 0xf7, 0x4c, 0xdb, 0xff, 0x85,
    0xea, 0x3, 0xff, 0x82, 0x4f, 0xff, 0x8, 0xf,
    0xff, 0xf, 0x27, 0xff, 0x84, 0x7, 0xff, 0x8,
    0xbd, 0xbf, 0xf8, 0x55, 0x1, 0xff, 0xde, 0x33,
    0xff, 0xfe, 0x15, 0x40, 0x7f, 0xff, 0x79, 0x3f,
    0xfc, 0x30, 0x3f, 0xf8, 0x25, 0xed, 0xff, 0xc3,
    0xa8, 0xf, 0xfe, 0xa0,

    /* U+011B "ě" */
    0x3, 0x8b, 0xdf, 0xda, 0xb2, 0x7, 0x17, 0x77,
    0xf6, 0x64, 0xf, 0xf8, 0xbd, 0x8c, 0x92, 0x9b,
    0x2c, 0xbb, 0x22, 0x24, 0xf6, 0x32, 0x7, 0xff,
    0x8, 0xcd, 0x50, 0x2, 0x9a, 0x20, 0x15, 0xd0,
    0x81, 0xff, 0xc8, 0x57, 0xff, 0xea, 0x80, 0xff,
    0xe4, 0x97, 0x2e, 0xcf, 0xfd, 0xb2, 0xc6, 0x40,
    0xff, 0xe1, 0xab, 0xf4, 0x68, 0x90, 0x1e, 0x24,
    0x9c, 0xd9, 0x10, 0x1f, 0xe5, 0x69, 0x1, 0x94,
    0xdf, 0xfb, 0x44, 0x4, 0x5d, 0x84, 0xf, 0x9f,
    0x40, 0x63, 0x2b, 0x20, 0x78, 0xb8, 0xc8, 0x19,
    0xd2, 0x7, 0x2e, 0x80, 0xe3, 0x76, 0xff, 0xba,
    0x20, 0x71, 0x60, 0x78, 0x81, 0xf1, 0x3f, 0xfc,
    0x20, 0x3e, 0x20, 0x78, 0x81, 0xe5, 0x7f, 0xff,
    0xe3, 0xd6, 0x7, 0x2e, 0x80, 0xe5, 0x88, 0x1f,
    0xfc, 0xe7, 0xd0, 0x1c, 0xfd, 0x64, 0xf, 0xc4,
    0x93, 0x8d, 0x1, 0xfc, 0xad, 0x32, 0x4, 0x54,
    0xdf, 0xfe, 0xd9, 0x63, 0xa4, 0x80, 0xff, 0x29,
    0xb2, 0xc6, 0x89, 0x1, 0xf8, 0x92, 0x72, 0x11,
    0x3, 0x0,

    /* U+011E "Ğ" */
    0x3, 0xff, 0x82, 0xaf, 0xed, 0x8, 0x1f, 0x8b,
    0xbf, 0xb4, 0x20, 0x7f, 0xf1, 0xd7, 0x40, 0xbd,
    0xfb, 0x6d, 0xfb, 0x44, 0xd, 0xa2, 0x7, 0xff,
    0x21, 0x5d, 0x5a, 0x20, 0x9c, 0xa, 0x73, 0x63,
    0x20, 0x7f, 0xf2, 0xca, 0x97, 0x7f, 0xed, 0x63,
    0x20, 0x7f, 0xfd, 0x8a, 0x72, 0xed, 0x7f, 0xf6,
    0xd5, 0xa8, 0xd1, 0x3, 0xff, 0x82, 0x54, 0xdf,
    0x58, 0xd1, 0x30, 0x1f, 0x13, 0x24, 0x72, 0xd1,
    0x3, 0xfc, 0xae, 0xac, 0x81, 0x8a, 0x72, 0xd6,
    0xdd, 0x6d, 0x21, 0xa4, 0x94, 0x81, 0xf9, 0x5a,
    0x40, 0x71, 0x9b, 0x2c, 0x69, 0x9, 0xe4, 0xa6,
    0xd2, 0xd3, 0x20, 0x7e, 0x7d, 0x1, 0xc6, 0x66,
    0x40, 0xff, 0xe8, 0x2c, 0x80, 0xe5, 0x58, 0x1f,
    0xfd, 0x32, 0xc0, 0xf1, 0x40, 0x7f, 0x3d, 0xff,
    0xff, 0xa, 0xa0, 0x3f, 0xfc, 0x65, 0x81, 0xe2,
    0xc0, 0xfe, 0x7f, 0x6f, 0x54, 0x7, 0xff, 0x5,
    0xe2, 0x7, 0x2e, 0x80, 0xfe, 0x27, 0xe6, 0x40,
    0xff, 0xe0, 0x95, 0x48, 0x1c, 0xa4, 0x20, 0x3f,
    0xfa, 0x45, 0xc6, 0x40, 0xc5, 0xdd, 0x63, 0x48,
    0x4f, 0x92, 0x52, 0x7, 0xff, 0x11, 0x4f, 0x11,
    0x3, 0x14, 0xe5, 0xad, 0xbd, 0x69, 0xa0, 0x3f,
    0xf8, 0xc5, 0xdd, 0x96, 0x34, 0x84, 0xf, 0xf8,
    0x92, 0x47, 0x22, 0xc4, 0x0,

    /* U+011F "ğ" */
    0x3, 0xe3, 0x3f, 0xab, 0x20, 0x7c, 0x5d, 0xfe,
    0xa8, 0xf, 0xfe, 0x9, 0xb0, 0x85, 0x37, 0xff,
    0x68, 0x81, 0x90, 0x80, 0xff, 0xe1, 0x17, 0xb2,
    0xb4, 0x84, 0xf2, 0x47, 0x76, 0x32, 0x7, 0xff,
    0x18, 0xa9, 0x6b, 0x6e, 0xb5, 0x11, 0x3, 0xff,
    0x8c, 0x5c, 0xbb, 0xff, 0x6b, 0x11, 0xa, 0x7f,
    0xd1, 0x1, 0xf1, 0x9b, 0x23, 0x44, 0xf, 0x14,
    0xee, 0xc8, 0x80, 0xff, 0xe0, 0x17, 0xd9, 0x3,
    0x15, 0x36, 0x7e, 0xd9, 0x19, 0x38, 0xf, 0xfe,
    0x2, 0xa4, 0xe, 0x7e, 0xb2, 0x40, 0x9, 0x39,
    0xa1, 0x3, 0xff, 0x80, 0xb9, 0x3, 0x96, 0x20,
    0x7f, 0xc9, 0x8, 0x1f, 0xfc, 0x2, 0x7, 0x88,
    0x1f, 0xfc, 0x2e, 0x7, 0xff, 0x20, 0x81, 0xff,
    0xc2, 0xe0, 0x7f, 0xf0, 0x1e, 0x20, 0x72, 0xc4,
    0xf, 0xf9, 0x12, 0x3, 0xfe, 0x2a, 0x90, 0x39,
    0xf8, 0x88, 0x18, 0xa7, 0x62, 0x3, 0xff, 0x82,
    0x5f, 0x64, 0xc, 0x5d, 0xdf, 0xed, 0x62, 0x24,
    0x7, 0xff, 0xc, 0xcd, 0x62, 0x24, 0x7, 0x12,
    0x52, 0xf8, 0x80, 0xff, 0xe3, 0x27, 0x76, 0x7f,
    0xdb, 0x2b, 0x40, 0x8, 0x1f, 0x30, 0x3f, 0xf9,
    0xa7, 0x30, 0x38, 0xf2, 0x7, 0x8b, 0xb1, 0xa2,
    0x40, 0x7f, 0x29, 0xd9, 0x3, 0x1a, 0x80, 0xf9,
    0xe4, 0xe5, 0xd9, 0xff, 0xf5, 0x64, 0xc, 0x5f,
    0x64, 0xf, 0x97, 0x8d, 0x13, 0x1, 0xfc, 0x49,
    0x39, 0x76, 0x42, 0x7, 0x0,

    /* U+0130 "İ" */
    0x3, 0xe2, 0xa4, 0xcc, 0x81, 0xff, 0xc3, 0x56,
    0x9b, 0xd3, 0xb0, 0x3f, 0xf8, 0x4b, 0x22, 0x4,
    0x6a, 0x3, 0xff, 0x86, 0xae, 0xfe, 0xcc, 0x81,
    0xff, 0xd5, 0x57, 0xff, 0xfe, 0x25, 0x60, 0x67,
    0xda, 0x20, 0x7f, 0xc5, 0x64, 0x6, 0x2a, 0x5d,
    0x58, 0x1e, 0x57, 0xea, 0xc8, 0x1f, 0xff, 0xf0,
    0x3f, 0xff, 0xe0, 0x7f, 0xfe, 0x8a, 0x97, 0x56,
    0x7, 0x95, 0xd9, 0x59, 0x3, 0x3e, 0xd1, 0x3,
    0xfc, 0x49, 0x64, 0x4,

    /* U+0131 "ı" */
    0xe, 0xff, 0xd9, 0x90, 0x3f, 0xff, 0xe0, 0x7f,
    0xf8, 0x80,

    /* U+0141 "Ł" */
    0x3, 0xe2, 0xf7, 0xfd, 0x98, 0x1f, 0xff, 0xf0,
    0x3f, 0xff, 0x65, 0x34, 0x7, 0xff, 0x40, 0xdd,
    0xf5, 0x96, 0x90, 0x1f, 0xfc, 0xf2, 0x40, 0xa,
    0x9d, 0x1, 0xff, 0xc3, 0x2a, 0x78, 0x40, 0xf2,
    0x97, 0xea, 0xd0, 0x1f, 0xfc, 0x35, 0x69, 0x90,
    0x3e, 0x39, 0xa0, 0x3f, 0xf9, 0xa, 0x58, 0xd1,
    0x3, 0xff, 0xa6, 0x9d, 0xc0, 0x7f, 0xf7, 0xf9,
    0x3f, 0xfc, 0x40, 0x3f, 0xf8, 0xc5, 0xed, 0xff,
    0xc4, 0xac, 0xf, 0xfe, 0xc8,

    /* U+0142 "ł" */
    0x3, 0xe7, 0xbf, 0xec, 0xc0, 0xff, 0xff, 0x81,
    0xff, 0xe1, 0x20, 0x7f, 0xf2, 0x4c, 0xdf, 0x32,
    0x7, 0xf1, 0x3, 0xff, 0x81, 0xd8, 0x1c, 0x54,
    0xd9, 0x8, 0x1c, 0x5d, 0xfa, 0x20, 0x3d, 0x91,
    0x3, 0xfb, 0xa0, 0x3f, 0x8c, 0xf6, 0x99, 0x3,
    0xff, 0x8e, 0x52, 0x70, 0x3f, 0xff, 0xe0, 0x7f,
    0xf0, 0x40,

    /* U+0147 "Ň" */
    0x3, 0xf9, 0x39, 0xd, 0x88, 0x1f, 0xe4, 0xda,
    0x36, 0x20, 0x7f, 0xf1, 0x91, 0xa, 0x46, 0xf5,
    0x90, 0x54, 0xde, 0xc8, 0x41, 0x10, 0x3f, 0xf8,
    0xea, 0x6a, 0xc8, 0x53, 0x7d, 0x59, 0x5, 0xec,
    0x64, 0xf, 0xfe, 0x5a, 0x9e, 0xc6, 0xfd, 0x2e,
    0x84, 0xf, 0xfe, 0x81, 0x4e, 0x4f, 0x34, 0x7,
    0xff, 0x14, 0xbd, 0xff, 0xea, 0x80, 0xff, 0xe2,
    0xab, 0xff, 0x54, 0x7, 0xff, 0x9, 0x58, 0x80,
    0xff, 0xee, 0x39, 0x4, 0xf, 0xfe, 0xa2, 0x50,
    0x18, 0xbf, 0x8, 0x1f, 0xfd, 0x3f, 0x2a, 0x3,
    0x17, 0xd9, 0x3, 0xff, 0xa0, 0xc9, 0x2b, 0x10,
    0x18, 0xc8, 0x64, 0xf, 0xfe, 0x81, 0x0, 0xe4,
    0x10, 0x32, 0x90, 0x80, 0xff, 0xe9, 0x97, 0xd9,
    0x3, 0x2b, 0x48, 0xf, 0xfe, 0x99, 0x9d, 0x90,
    0x32, 0xb1, 0x1, 0x10, 0x3f, 0xf9, 0xe6, 0x42,
    0x3, 0x9c, 0x82, 0x7, 0xff, 0x4d, 0x5a, 0x40,
    0x62, 0xff, 0x10, 0x3f, 0xfa, 0x6a, 0xc4, 0x6,
    0x29, 0x0, 0xff, 0xea, 0xb9, 0x4, 0xf, 0xfe,
    0xd9, 0x7e, 0x10, 0x3f, 0xf8, 0x0,

    /* U+0148 "ň" */
    0x3, 0x19, 0xbf, 0xb4, 0x44, 0xe, 0x2e, 0xef,
    0xea, 0xc8, 0x1f, 0x8c, 0xd5, 0x92, 0x77, 0x64,
    0x8b, 0xf4, 0x44, 0xa6, 0xac, 0x81, 0xff, 0x29,
    0xa2, 0x0, 0x5b, 0x20, 0x5, 0xdc, 0xc8, 0x1f,
    0xfc, 0x57, 0x7f, 0xfd, 0xa2, 0x3, 0xfe, 0x77,
    0xfd, 0x50, 0x2, 0xe5, 0xdf, 0xfb, 0x65, 0x68,
    0x81, 0xff, 0xc0, 0x52, 0xec, 0x8d, 0x10, 0x3c,
    0x49, 0x4b, 0xaa, 0x3, 0xfe, 0x28, 0x93, 0xbb,
    0x3f, 0xb5, 0x64, 0xe, 0x51, 0x81, 0xff, 0x17,
    0xe2, 0x24, 0x4, 0x54, 0x84, 0x7, 0x1e, 0x80,
    0xff, 0x2c, 0x40, 0xff, 0x32, 0x7, 0x88, 0x1f,
    0xe3, 0xd8, 0x1f, 0xff, 0xf0, 0x3f, 0xff, 0xe0,
    0x7f, 0xf6, 0x40,

    /* U+0158 "Ř" */
    0x3, 0x17, 0x2d, 0xa2, 0x20, 0x7e, 0x2e, 0x5b,
    0x34, 0x7, 0xff, 0x8, 0xba, 0x5a, 0x77, 0x64,
    0x20, 0xbb, 0xf4, 0x68, 0x76, 0x80, 0xff, 0xe2,
    0x19, 0xaa, 0x0, 0x5e, 0xfa, 0x20, 0x6, 0x6a,
    0x80, 0xff, 0xe4, 0xab, 0x51, 0x2f, 0x9d, 0xec,
    0x81, 0xff, 0xcd, 0x4e, 0xdf, 0xa2, 0x20, 0x7f,
    0xf1, 0x4b, 0xdf, 0xff, 0xf1, 0x36, 0x58, 0xd1,
    0x3, 0xff, 0xa8, 0x49, 0x39, 0x76, 0x44, 0x7,
    0xff, 0x18, 0xcd, 0xbe, 0xb5, 0x11, 0x3, 0x17,
    0x20, 0x81, 0xff, 0xc6, 0x27, 0xe4, 0x8e, 0xc6,
    0x7, 0x12, 0x40, 0x7f, 0xf6, 0x88, 0x1f, 0xfc,
    0xd2, 0x4e, 0x43, 0x3, 0x97, 0x40, 0x7f, 0xf1,
    0xc, 0xff, 0xed, 0x91, 0x90, 0x22, 0xf5, 0x40,
    0x7f, 0xf4, 0xd5, 0xfa, 0x10, 0x3f, 0xf8, 0xe6,
    0x6f, 0xf5, 0x60, 0x72, 0xe8, 0xf, 0xfe, 0x61,
    0x3, 0x29, 0x50, 0x19, 0x5a, 0x40, 0x7f, 0xf4,
    0x54, 0x82, 0x6, 0x56, 0x20, 0x3f, 0xfa, 0x5,
    0xf6, 0x40, 0xce, 0x41, 0x3, 0xff, 0xa0, 0x64,
    0x30, 0x31, 0x7e, 0x10, 0x3f, 0xfa, 0xa, 0x54,
    0x6, 0x2f, 0xb2, 0x4,

    /* U+0159 "ř" */
    0x2, 0x57, 0x7f, 0x58, 0x80, 0xe2, 0xa5, 0xfe,
    0xd5, 0x1, 0xe5, 0x75, 0x41, 0x3b, 0xec, 0x8d,
    0x95, 0xa0, 0xae, 0xa8, 0xf, 0xe5, 0x74, 0x20,
    0x13, 0x62, 0x0, 0xcd, 0x50, 0x1f, 0xfc, 0x22,
    0xf7, 0xff, 0xb3, 0x20, 0x7f, 0xf0, 0x1d, 0xff,
    0x54, 0x4, 0x5d, 0xd9, 0xfe, 0xa8, 0xf, 0xfe,
    0x13, 0xce, 0x6c, 0x88, 0x90, 0x18, 0x81, 0xff,
    0xc3, 0x2e, 0x32, 0xa, 0x72, 0x2d, 0xc8, 0xf,
    0xfe, 0x2a, 0x9b, 0x2c, 0x6c, 0x94, 0x40, 0xff,
    0xe2, 0xbe, 0xc8, 0x1f, 0xfc, 0xd3, 0xd8, 0x1f,
    0xff, 0xf0, 0x3f, 0xff, 0xe0, 0x7f, 0xf1, 0x0,

    /* U+015E "Ş" */
    0x3, 0xf1, 0x72, 0xed, 0x7f, 0xed, 0xab, 0x1a,
    0x20, 0x7e, 0x2e, 0xfd, 0x1a, 0x26, 0x3, 0xc4,
    0xc9, 0xcb, 0x18, 0x1e, 0x52, 0x10, 0x18, 0xa9,
    0x76, 0xeb, 0x52, 0x1a, 0x2f, 0xb0, 0x38, 0xe6,
    0x7, 0x2b, 0x4d, 0x13, 0xc9, 0x1b, 0x4b, 0xa2,
    0x3, 0xc7, 0x81, 0xe7, 0xc8, 0x1f, 0xfc, 0xb7,
    0x50, 0x18, 0xbd, 0x95, 0xa2, 0x7, 0xff, 0x1d,
    0xda, 0x64, 0xc, 0x54, 0xbb, 0xeb, 0x19, 0x3,
    0xff, 0x86, 0xa6, 0xfa, 0xc4, 0x40, 0xc5, 0x39,
    0xbe, 0x88, 0xf, 0xfe, 0x19, 0x4e, 0xef, 0xd6,
    0x32, 0x6, 0x2e, 0xe6, 0x7, 0xff, 0x21, 0x39,
    0xab, 0x3, 0x8d, 0x60, 0x7f, 0xf2, 0xdf, 0x20,
    0x7f, 0xca, 0xfd, 0x63, 0x64, 0x84, 0xf9, 0x39,
    0xe1, 0x3, 0x14, 0x80, 0x62, 0x0, 0xa7, 0x22,
    0xd6, 0xde, 0xb1, 0x90, 0x31, 0x72, 0x8, 0x19,
    0xc9, 0x34, 0x4c, 0x7, 0xf1, 0x4e, 0x5d, 0x91,
    0x1, 0xf1, 0x6d, 0x2e, 0xd7, 0x88, 0x9, 0x4f,
    0xac, 0x68, 0x81, 0xff, 0xc6, 0x5d, 0x90, 0xa,
    0x7a, 0xc8, 0x1f, 0xfc, 0x95, 0x36, 0x54, 0x4,
    0xaa, 0x3, 0xff, 0x8e, 0x9c, 0x6d, 0x3b, 0x3,
    0x22, 0x7, 0xff, 0x1c, 0xe7, 0x21, 0xa2, 0x4a,
    0x58, 0x80, 0xff, 0x0,

    /* U+015F "ş" */
    0x3, 0xc9, 0xcb, 0xb3, 0xff, 0xb6, 0x5a, 0x8d,
    0x10, 0x3c, 0xaf, 0xb1, 0xa2, 0x40, 0x7c, 0x49,
    0x23, 0xb8, 0xf, 0x2e, 0x80, 0xc5, 0xdf, 0xfe,
    0xd9, 0x64, 0xc4, 0xf, 0xfe, 0x1, 0x58, 0x81,
    0xe2, 0x49, 0xb2, 0x3, 0xe5, 0xd9, 0x3, 0x17,
    0xbf, 0x6b, 0x11, 0x3, 0xff, 0x82, 0xa6, 0xc8,
    0xc8, 0x1c, 0x53, 0xbb, 0xea, 0xc8, 0x1f, 0xf1,
    0x73, 0x7e, 0xd6, 0x22, 0x6, 0x2a, 0x6a, 0x80,
    0xff, 0xe1, 0x94, 0xee, 0xf5, 0x1, 0xcb, 0xa0,
    0x32, 0x71, 0xa2, 0x40, 0x7e, 0x24, 0x7, 0xc5,
    0x81, 0x8e, 0x72, 0xec, 0xff, 0xf6, 0x88, 0xc,
    0x65, 0x20, 0x65, 0xdb, 0x22, 0x7, 0xf8, 0xa7,
    0x2e, 0xc6, 0x40, 0xe2, 0xa4, 0x5d, 0xfd, 0x8,
    0x12, 0x9a, 0xc6, 0x88, 0x1f, 0xfc, 0x45, 0xc0,
    0xca, 0x7a, 0xc8, 0x1f, 0xfc, 0x65, 0x37, 0xa8,
    0x9, 0x54, 0x7, 0xff, 0x11, 0x37, 0xa7, 0x60,
    0x64, 0x40, 0xff, 0xe2, 0x1d, 0x24, 0xd1, 0x25,
    0x2c, 0x40, 0x7e,

    /* U+0160 "Š" */
    0x3, 0x95, 0xff, 0x56, 0x40, 0xf1, 0x77, 0x7f,
    0x56, 0x40, 0xfc, 0xae, 0x84, 0x29, 0xb2, 0x24,
    0x9b, 0x22, 0x24, 0xed, 0x32, 0x7, 0xf8, 0xbf,
    0x10, 0x2, 0xed, 0x32, 0x0, 0xcf, 0x10, 0x1f,
    0xfc, 0x32, 0xed, 0x46, 0xfd, 0x2f, 0x64, 0xf,
    0xfe, 0x42, 0x72, 0x79, 0xa2, 0x7, 0xff, 0x18,
    0xb9, 0x76, 0xbf, 0xf6, 0xd5, 0x8d, 0x10, 0x3f,
    0x17, 0x7e, 0x8d, 0x13, 0x1, 0xe2, 0x64, 0xe5,
    0x8c, 0xf, 0x29, 0x8, 0xc, 0x54, 0xbb, 0x75,
    0xa9, 0xd, 0x17, 0xd8, 0x1c, 0x73, 0x3, 0x95,
    0xa6, 0x89, 0xe4, 0x8d, 0xa5, 0xd1, 0x1, 0xe3,
    0xc0, 0xf3, 0xe4, 0xf, 0xfe, 0x5b, 0xa8, 0xc,
    0x5e, 0xca, 0xd1, 0x3, 0xff, 0x8e, 0xed, 0x32,
    0x6, 0x2a, 0x5d, 0xf5, 0x8c, 0x81, 0xff, 0xc3,
    0x53, 0x7d, 0x62, 0x20, 0x62, 0x9c, 0xdf, 0x44,
    0x7, 0xff, 0xc, 0xa7, 0x77, 0xeb, 0x19, 0x3,
    0x17, 0x73, 0x3, 0xff, 0x90, 0x9c, 0xd5, 0x81,
    0xc6, 0xb0, 0x3f, 0xf9, 0x6f, 0x90, 0x3f, 0xe5,
    0x7e, 0xb1, 0xb2, 0x42, 0x7c, 0x9c, 0xf0, 0x81,
    0x8a, 0x40, 0x31, 0x0, 0x53, 0x91, 0x6b, 0x6f,
    0x58, 0xc8, 0x18, 0xb9, 0x4, 0xc, 0xe4, 0x9a,
    0x26, 0x3, 0xf1, 0x24, 0xe5, 0xd9, 0x10, 0x18,

    /* U+0161 "š" */
    0x0, 0x5d, 0xfe, 0xd5, 0x90, 0x38, 0xa9, 0xbf,
    0xb4, 0x40, 0x71, 0x77, 0x44, 0x54, 0xd9, 0x64,
    0x6c, 0xac, 0x93, 0xba, 0x20, 0x3f, 0x17, 0x73,
    0x20, 0xa6, 0xc4, 0x2, 0x9e, 0x20, 0x3f, 0xf8,
    0x46, 0x6f, 0xff, 0x56, 0x40, 0xff, 0xe1, 0x27,
    0x2e, 0xcf, 0xfe, 0xd9, 0x6a, 0x34, 0x40, 0xf2,
    0xbe, 0xc6, 0x89, 0x1, 0xf1, 0x24, 0x8e, 0xe0,
    0x3c, 0xba, 0x3, 0x17, 0x7f, 0xfb, 0x65, 0x93,
    0x10, 0x3f, 0xf8, 0x5, 0x62, 0x7, 0x89, 0x26,
    0xc8, 0xf, 0x97, 0x64, 0xc, 0x5e, 0xfd, 0xac,
    0x44, 0xf, 0xfe, 0xa, 0x9b, 0x23, 0x20, 0x71,
    0x4e, 0xef, 0xab, 0x20, 0x7f, 0xc5, 0xcd, 0xfb,
    0x58, 0x88, 0x18, 0xa9, 0xaa, 0x3, 0xff, 0x86,
    0x53, 0xbb, 0xd4, 0x7, 0x2e, 0x80, 0xc9, 0xc6,
    0x89, 0x1, 0xf8, 0x90, 0x1f, 0x16, 0x6, 0x39,
    0xcb, 0xb3, 0xff, 0xda, 0x20, 0x31, 0x94, 0x81,
    0x97, 0x6c, 0x88, 0x1f, 0xc4, 0x93, 0x97, 0x63,
    0x20, 0x40,

    /* U+0164 "Ť" */
    0x3, 0xf1, 0x6d, 0x1b, 0x20, 0x3f, 0xc5, 0x39,
    0xd, 0x10, 0x3f, 0xf8, 0x45, 0x3, 0x22, 0xfd,
    0x10, 0x2, 0xef, 0xd6, 0x20, 0x51, 0x3, 0xff,
    0x86, 0x5d, 0xcc, 0x82, 0xef, 0xed, 0x10, 0x2e,
    0xe8, 0x80, 0xff, 0xe4, 0x19, 0xac, 0x6f, 0xd2,
    0xf8, 0x80, 0xff, 0xe7, 0x27, 0x27, 0x9a, 0x20,
    0x7f, 0xf1, 0x15, 0xff, 0xff, 0xa5, 0x98, 0x1f,
    0xfe, 0x5, 0x76, 0xff, 0x54, 0x7, 0x94, 0xdb,
    0xfe, 0x60, 0x7c, 0x4f, 0xf8, 0x10, 0x3e, 0x27,
    0xfe, 0x3, 0xff, 0xfe, 0x7, 0xff, 0xfc, 0xf,
    0xff, 0xf8, 0x1f, 0xff, 0xf0, 0x3f, 0xff, 0xe0,
    0x7f, 0xf1, 0xc0,

    /* U+0165 "ť" */
    0x3, 0xff, 0x96, 0x5e, 0xff, 0x66, 0x40, 0xff,
    0xe5, 0xbc, 0x40, 0x94, 0x64, 0xf, 0x9d, 0xfe,
    0xac, 0xf, 0xc7, 0x20, 0x6, 0x42, 0x3, 0xe2,
    0xea, 0x3, 0xff, 0x82, 0x6e, 0xd9, 0x90, 0x31,
    0x72, 0xe8, 0x40, 0xca, 0x7f, 0xf6, 0x60, 0x98,
    0xf, 0x1b, 0x4d, 0x1, 0xff, 0xc4, 0x60, 0x81,
    0xfc, 0x66, 0xfa, 0x10, 0x39, 0x4f, 0xfe, 0xac,
    0xf, 0xff, 0xf8, 0x1f, 0xff, 0xf0, 0x3f, 0xfa,
    0x24, 0x98, 0x1c, 0xb3, 0x20, 0x62, 0x60, 0x3f,
    0xf8, 0x6b, 0x20, 0x39, 0x4d, 0xfe, 0xd9, 0x48,
    0x1f, 0xfc, 0x37, 0x69, 0xa2, 0x7, 0xc4, 0x9e,
    0x3, 0xfc,

    /* U+016E "Ů" */
    0x3, 0xff, 0xd0, 0x5d, 0xdf, 0xf6, 0xac, 0x81,
    0xff, 0xcd, 0x72, 0x10, 0x76, 0xcc, 0x29, 0xc,
    0xf, 0xfe, 0x6b, 0x0, 0xfa, 0x47, 0xd8, 0x6,
    0x7, 0xff, 0x35, 0xc6, 0x54, 0xfd, 0xa2, 0x2e,
    0x30, 0x3f, 0xf9, 0xaa, 0x6f, 0xdb, 0x5f, 0xb4,
    0x40, 0x7f, 0xf4, 0xc9, 0x80, 0xff, 0xe3, 0xa9,
    0xff, 0xaa, 0x3, 0xff, 0x8a, 0xaf, 0xfd, 0xa1,
    0x3, 0xff, 0xfe, 0x7, 0xff, 0xfc, 0xf, 0xff,
    0xf8, 0x1f, 0xff, 0xf0, 0x3f, 0xf8, 0x4c, 0xf,
    0xc4, 0xf, 0xfe, 0x21, 0x26, 0x7, 0xb9, 0x0,
    0x72, 0x3, 0x96, 0x60, 0x7f, 0xf0, 0x8d, 0xa2,
    0x7, 0x22, 0x6, 0x5d, 0x1, 0xca, 0x6b, 0x1a,
    0x42, 0x64, 0x8e, 0x5c, 0xc8, 0x18, 0xba, 0x80,
    0xe5, 0x73, 0x20, 0x62, 0x9c, 0xb5, 0xb5, 0x6a,
    0x34, 0x7, 0x29, 0xe1, 0x3, 0xf1, 0x9b, 0x2c,
    0x68, 0x90, 0x1f, 0x89, 0x26, 0xd7, 0x7a, 0xc8,
    0x1c,

    /* U+016F "ů" */
    0x3, 0xff, 0xc0, 0xa6, 0xff, 0x6b, 0x10, 0x1f,
    0xfc, 0x85, 0x69, 0x87, 0x6a, 0x34, 0xec, 0x40,
    0x7f, 0xf1, 0x4e, 0x60, 0xda, 0x48, 0xfb, 0x0,
    0x89, 0x1, 0xff, 0xc4, 0x3d, 0x83, 0x90, 0x3,
    0x90, 0x6, 0x48, 0xf, 0xfe, 0x2b, 0x90, 0x54,
    0xfd, 0x99, 0x52, 0x10, 0x1f, 0xfc, 0x72, 0xf7,
    0xed, 0xaf, 0xd5, 0x90, 0x3f, 0xc5, 0xef, 0xfa,
    0xb0, 0x38, 0x98, 0xc, 0xa7, 0xfe, 0x84, 0xf,
    0xff, 0xf8, 0x1f, 0xff, 0xf0, 0x3c, 0x40, 0xff,
    0xe9, 0x90, 0x3f, 0xc4, 0xf, 0x98, 0x20, 0x7f,
    0x97, 0x40, 0x7f, 0x8a, 0x3, 0x8d, 0xa4, 0x7,
    0xca, 0x43, 0x3, 0xfe, 0x55, 0x90, 0x31, 0x77,
    0xff, 0xab, 0x26, 0x3, 0xfe, 0x33, 0x64, 0x68,
    0x90, 0x1e, 0x29, 0xcd, 0x9d, 0x90, 0x3e,

    /* U+017D "Ž" */
    0x3, 0x8a, 0x71, 0xb2, 0x20, 0x7f, 0x14, 0xda,
    0x34, 0x40, 0xff, 0x8a, 0x22, 0xcb, 0xbd, 0x64,
    0x15, 0x76, 0x59, 0x4, 0x32, 0x7, 0xff, 0x5,
    0x4d, 0x50, 0x5, 0x37, 0xd5, 0x10, 0x66, 0xac,
    0x81, 0xff, 0xc5, 0x57, 0x58, 0xdf, 0x48, 0xb9,
    0x90, 0x3f, 0xf9, 0x45, 0x39, 0x39, 0xb2, 0x3,
    0xff, 0x84, 0x67, 0xff, 0xfd, 0xa, 0xc0, 0xff,
    0xee, 0x19, 0xb7, 0xff, 0x1a, 0x20, 0x3c, 0x5c,
    0x60, 0x78, 0x9f, 0xfe, 0x23, 0xb4, 0x80, 0xc6,
    0x78, 0x40, 0xff, 0xe4, 0xab, 0x4c, 0x81, 0x19,
    0xd9, 0x3, 0xff, 0x92, 0xad, 0x20, 0x31, 0x9d,
    0x90, 0x3f, 0xf9, 0x2a, 0xd2, 0x3, 0x29, 0xd9,
    0x3, 0xff, 0x90, 0x5d, 0xa4, 0x6, 0x56, 0x99,
    0x3, 0xff, 0x90, 0x5f, 0x88, 0xc, 0xad, 0x20,
    0x3f, 0xf9, 0x25, 0xf8, 0x40, 0xce, 0xd2, 0x3,
    0xff, 0x92, 0x67, 0x84, 0x8, 0xbb, 0x10, 0x1f,
    0xfc, 0x93, 0x3b, 0x20, 0x65, 0x69, 0x93, 0xff,
    0xc5, 0x3, 0x9c, 0x64, 0xf, 0x29, 0xb7, 0xff,
    0x1e, 0x20, 0x33, 0x3, 0xff, 0xaa,

    /* U+017E "ž" */
    0x0, 0x5e, 0xfe, 0xd5, 0x90, 0x38, 0xbb, 0xbf,
    0xb3, 0x20, 0x71, 0x7b, 0x21, 0x25, 0x36, 0x59,
    0x7e, 0x88, 0xa9, 0xb1, 0x90, 0x3f, 0x17, 0xb1,
    0x92, 0xd, 0x32, 0x67, 0xab, 0x20, 0x7f, 0xf0,
    0x8c, 0xdb, 0xfa, 0x10, 0x3f, 0xe7, 0x7f, 0xff,
    0xe4, 0xe6, 0x40, 0xc4, 0xf, 0xfe, 0x61, 0x3,
    0x2b, 0xff, 0xfd, 0xa1, 0x3, 0x8b, 0xec, 0xf,
    0xfe, 0x21, 0x7e, 0x10, 0x22, 0xfc, 0x20, 0x7f,
    0xf0, 0xcc, 0xf0, 0x81, 0x19, 0xe1, 0x3, 0xff,
    0x86, 0x67, 0x64, 0x8, 0xce, 0xc8, 0x1f, 0xfc,
    0x35, 0x33, 0x20, 0x4a, 0x66, 0x40, 0xff, 0xe1,
    0xab, 0x4c, 0xc, 0xad, 0x30, 0x3f, 0xf8, 0x8a,
    0xd2, 0x3, 0x2b, 0x48, 0xf, 0xfe, 0x22, 0x95,
    0x1, 0xe5, 0x7f, 0xff, 0xe0, 0xc4, 0x6, 0x20,
    0x7f, 0xf2, 0xc8, 0x10,

    /* U+0401 "Ё" */
    0x3, 0xe2, 0x94, 0x40, 0xf1, 0x24, 0x84, 0xf,
    0xfe, 0x2, 0xba, 0xdb, 0x42, 0x0, 0xbf, 0xad,
    0x6c, 0x64, 0xf, 0xe7, 0x88, 0x12, 0xc4, 0x1,
    0x24, 0x40, 0x14, 0x48, 0xf, 0xe2, 0xf7, 0xf5,
    0x40, 0x65, 0x37, 0xed, 0x10, 0x1f, 0xfd, 0x82,
    0xf7, 0xff, 0xfc, 0xaa, 0x80, 0xff, 0xee, 0x99,
    0xb7, 0xff, 0xb, 0xd4, 0x7, 0xff, 0x4, 0x9f,
    0xfe, 0x10, 0x1f, 0xfe, 0x1e, 0x4f, 0xff, 0x8,
    0xf, 0xfe, 0x11, 0x7b, 0x7f, 0xf0, 0xaa, 0x3,
    0xff, 0xbc, 0x67, 0xff, 0xfc, 0x2a, 0x80, 0xff,
    0xfe, 0xf2, 0x7f, 0xf8, 0x60, 0x7f, 0xf0, 0x4b,
    0xdb, 0xff, 0x87, 0x50, 0x1f, 0xfd, 0x40,

    /* U+0410 "А" */
    0x3, 0xff, 0x8a, 0xaf, 0xff, 0xaa, 0x3, 0xff,
    0xa8, 0xba, 0x3, 0xf2, 0xec, 0xf, 0xfe, 0x93,
    0xe8, 0xc, 0x90, 0x81, 0x2a, 0xc0, 0xff, 0xe8,
    0x3c, 0x80, 0xcf, 0xc4, 0x40, 0x8d, 0x64, 0xf,
    0xfe, 0x61, 0x75, 0x1, 0x9e, 0x46, 0xa2, 0x4,
    0x6d, 0x10, 0x3f, 0xf9, 0x45, 0x52, 0x6, 0x79,
    0x0, 0x36, 0x88, 0x11, 0x74, 0x81, 0xff, 0xc8,
    0x36, 0x88, 0x19, 0xd4, 0x6, 0x2a, 0x90, 0x33,
    0xa8, 0xf, 0xfe, 0x31, 0xac, 0x81, 0x9d, 0x20,
    0x78, 0xaa, 0x40, 0xcf, 0xa0, 0x3f, 0xf8, 0x8a,
    0xb0, 0x3c, 0xf7, 0xff, 0xb4, 0x20, 0x72, 0xe8,
    0xf, 0xfe, 0x12, 0xec, 0xf, 0xfe, 0x72, 0xec,
    0xf, 0xfe, 0x2, 0xe8, 0xe, 0x77, 0x6f, 0xfe,
    0x15, 0x64, 0xc, 0xab, 0x3, 0xfc, 0xfa, 0x3,
    0x9d, 0x44, 0xff, 0xf0, 0x95, 0x44, 0xc, 0x6b,
    0x20, 0x7c, 0xea, 0x3, 0x9d, 0x20, 0x7f, 0xf1,
    0xd, 0x44, 0xc, 0x6d, 0x10, 0x31, 0x74, 0x81,
    0xce, 0x90, 0x3f, 0xf8, 0xc6, 0xd1, 0x3, 0x17,
    0x48,

    /* U+0411 "Б" */
    0x5, 0xef, 0xff, 0xf9, 0x95, 0x1, 0xff, 0xe1,
    0x2f, 0x6f, 0xfe, 0x2d, 0x40, 0x7f, 0xf0, 0x79,
    0x3f, 0xfc, 0x50, 0x3f, 0xfc, 0xa4, 0xf, 0xfe,
    0x91, 0x9b, 0xff, 0xf6, 0xb1, 0xa0, 0x3f, 0xfa,
    0x5, 0x39, 0x7d, 0x64, 0xf, 0xf8, 0xcf, 0xfe,
    0xd9, 0x62, 0x20, 0x65, 0x21, 0x1, 0xff, 0xc7,
    0x24, 0x9d, 0x88, 0xe, 0x59, 0x1, 0xff, 0xcb,
    0x2c, 0xf, 0xfe, 0x39, 0x2, 0x27, 0x27, 0x34,
    0x20, 0x72, 0xc8, 0xf, 0xe3, 0x37, 0xf6, 0xda,
    0xc6, 0x40, 0xe5, 0x21, 0x1, 0xff, 0xc9, 0x24,
    0x91, 0xcd, 0xeb, 0x20, 0x0,

    /* U+0412 "В" */
    0x5, 0xef, 0xff, 0xf8, 0xbb, 0x2d, 0x46, 0x80,
    0xff, 0xe8, 0x92, 0x48, 0xe5, 0xf9, 0x90, 0x3f,
    0xf8, 0x26, 0x6f, 0xf6, 0xda, 0xc4, 0x40, 0xe3,
    0x2a, 0x3, 0xff, 0x84, 0x40, 0xc4, 0xe4, 0xec,
    0x60, 0x79, 0x10, 0x3f, 0xfa, 0xcc, 0x81, 0xff,
    0xc2, 0x20, 0x7c, 0x49, 0x48, 0x60, 0x73, 0xe8,
    0xf, 0xfe, 0x1, 0x9b, 0xff, 0xb6, 0x56, 0x41,
    0x4e, 0xe8, 0x80, 0xff, 0xe8, 0x94, 0x9e, 0xa0,
    0x3f, 0xf8, 0x46, 0x7f, 0xfe, 0xd5, 0x90, 0x5,
    0x3b, 0x99, 0x3, 0xff, 0x96, 0x54, 0xec, 0xe,
    0x35, 0x10, 0x3f, 0xf9, 0xac, 0x81, 0xff, 0xc9,
    0x27, 0xf9, 0x23, 0xb1, 0x1, 0xe4, 0x48, 0xf,
    0xf1, 0x9b, 0x7f, 0x5a, 0x88, 0x81, 0x8b, 0xb1,
    0x1, 0xff, 0xcd, 0x29, 0x1d, 0xd9, 0x10, 0x18,

    /* U+0413 "Г" */
    0x5, 0xef, 0xff, 0xf9, 0x7a, 0x10, 0x3f, 0xfb,
    0x65, 0xed, 0xff, 0xc4, 0xf0, 0x81, 0xfe, 0xe4,
    0xff, 0xf1, 0x40, 0xff, 0xff, 0x81, 0xff, 0xff,
    0x3, 0xff, 0xfe, 0x7, 0xff, 0xfc, 0x0,

    /* U+0414 "Д" */
    0x3, 0xff, 0x88, 0xaf, 0xff, 0xfc, 0x9c, 0xc0,
    0xff, 0xe5, 0x96, 0x7, 0xff, 0x85, 0x72, 0x6,
    0x2e, 0xed, 0xf3, 0x20, 0x7f, 0xf4, 0x4a, 0x3,
    0x9e, 0x44, 0xfd, 0xc0, 0xff, 0xe8, 0xac, 0x40,
    0xc7, 0x20, 0x3f, 0xfb, 0x2b, 0x20, 0x31, 0x48,
    0x7, 0xff, 0x64, 0xe6, 0x7, 0x2c, 0x40, 0xff,
    0xec, 0x2a, 0xc0, 0xe5, 0x90, 0x1f, 0xfd, 0x85,
    0x98, 0x1c, 0xfa, 0x3, 0xff, 0xb0, 0xbb, 0x3,
    0x9e, 0x40, 0x7f, 0xf5, 0xcb, 0x88, 0xc, 0x65,
    0x40, 0x7f, 0xf5, 0x49, 0x39, 0x4, 0xc, 0x51,
    0x4, 0xff, 0xf0, 0xb8, 0x1f, 0x74, 0x4c, 0x7,
    0x19, 0xb2, 0x20, 0x3c, 0x5d, 0xdb, 0xff, 0x86,
    0xc8, 0x1c, 0x5d, 0xda, 0xa8, 0xf, 0xff, 0x7b,
    0xbf, 0xff, 0xf3, 0x74, 0x20, 0x7f, 0xff, 0xc0,
    0xff, 0xee, 0x30, 0x3f, 0xfb, 0x0,

    /* U+0415 "Е" */
    0x5, 0xef, 0xff, 0xf9, 0x55, 0x1, 0xff, 0xdd,
    0x33, 0x6f, 0xfe, 0x17, 0xa8, 0xf, 0xfe, 0x9,
    0x3f, 0xfc, 0x20, 0x3f, 0xfc, 0x3c, 0x9f, 0xfe,
    0x10, 0x1f, 0xfc, 0x22, 0xf6, 0xff, 0xe1, 0x54,
    0x7, 0xff, 0x78, 0xcf, 0xff, 0xf8, 0x55, 0x1,
    0xff, 0xfd, 0xe4, 0xff, 0xf0, 0xc0, 0xff, 0xe0,
    0x97, 0xb7, 0xff, 0xe, 0xa0, 0x3f, 0xfa, 0x80,

    /* U+0416 "Ж" */
    0x3, 0x2b, 0xff, 0xaa, 0x3, 0xff, 0x80, 0xf7,
    0xfd, 0x50, 0x1f, 0xf1, 0x7b, 0xfe, 0xd0, 0x81,
    0xf2, 0xb4, 0xc8, 0x12, 0xb4, 0x80, 0xff, 0xe8,
    0x19, 0xe1, 0x2, 0x33, 0xc2, 0x7, 0xf2, 0x9d,
    0x90, 0x25, 0x73, 0x20, 0x7f, 0xf2, 0xd4, 0xec,
    0x81, 0x29, 0x99, 0x3, 0xff, 0x82, 0x67, 0x84,
    0x8, 0xcf, 0x8, 0x1f, 0xfc, 0x75, 0x69, 0x90,
    0x25, 0x69, 0x81, 0xff, 0xc6, 0x2f, 0x54, 0x4,
    0x5f, 0x84, 0xf, 0xfe, 0x1a, 0xb4, 0x80, 0x8b,
    0xd5, 0x1, 0xff, 0xcb, 0x56, 0x99, 0x0, 0x5e,
    0xa8, 0x81, 0xfc, 0x5e, 0xa8, 0x8, 0xcf, 0x8,
    0x1f, 0xfc, 0xf5, 0x3b, 0x20, 0x4a, 0xfa, 0x7,
    0x9c, 0xf0, 0x81, 0x19, 0x99, 0x3, 0xff, 0xa4,
    0x6a, 0x20, 0x62, 0x90, 0xf, 0x34, 0x80, 0x71,
    0xcc, 0x81, 0xff, 0xd1, 0x53, 0xb2, 0x4, 0xa7,
    0x9c, 0xf, 0xb4, 0xcc, 0x81, 0x29, 0xd9, 0x3,
    0xff, 0x9a, 0xad, 0x32, 0x4, 0xad, 0x32, 0x7,
    0xfc, 0x67, 0x64, 0x8, 0xcf, 0x8, 0x1f, 0xfc,
    0x82, 0xed, 0x20, 0x32, 0xb4, 0x80, 0xff, 0xe2,
    0x19, 0xe1, 0x2, 0x2f, 0x44, 0x7, 0xff, 0x10,
    0xbf, 0x10, 0x11, 0x76, 0x90, 0x1f, 0xfc, 0x82,
    0xfc, 0x40, 0x67, 0x69, 0x1, 0xff, 0xc0, 0x33,
    0xc2, 0x4, 0x5f, 0x88, 0xf, 0xfe, 0x61, 0x76,
    0x90, 0x19, 0x5a, 0x64, 0xf, 0x95, 0xcc, 0x81,
    0x19, 0xe1, 0x3, 0xff, 0xa2, 0xad, 0x20, 0x32,
    0x9d, 0x90, 0x0,

    /* U+0417 "З" */
    0x3, 0xc5, 0x39, 0x6b, 0x67, 0xff, 0xdb, 0x2c,
    0x68, 0x81, 0xf8, 0xbd, 0xf5, 0x8d, 0x21, 0x20,
    0x3f, 0x89, 0x27, 0x2e, 0xc8, 0x80, 0xe2, 0xe3,
    0x24, 0x9c, 0xbb, 0x3f, 0xf6, 0xcb, 0x11, 0x3,
    0x17, 0x18, 0x1e, 0x53, 0x65, 0x8d, 0x12, 0x3,
    0xc4, 0x93, 0xb4, 0x40, 0xe6, 0x7, 0xff, 0x28,
    0x92, 0x73, 0x42, 0x4, 0x5f, 0x60, 0x7f, 0x17,
    0xbf, 0xfe, 0xd9, 0x62, 0x9, 0xcb, 0xb2, 0x20,
    0x3f, 0xf9, 0xc4, 0x9a, 0xd8, 0xc8, 0x1f, 0xfc,
    0x2, 0xf7, 0xff, 0xb6, 0x58, 0xd1, 0x32, 0x77,
    0x64, 0x20, 0x7f, 0xf2, 0x9, 0x27, 0x2e, 0xac,
    0xc, 0x5c, 0x60, 0x7f, 0xf3, 0x97, 0x40, 0x73,
    0xe4, 0xf, 0xfe, 0x6a, 0xc8, 0xf, 0x72, 0x1,
    0xdd, 0x63, 0x64, 0x48, 0xf, 0x89, 0x27, 0x75,
    0x40, 0x72, 0xac, 0xe, 0x29, 0xc8, 0xbb, 0x3f,
    0xfb, 0x65, 0x88, 0x81, 0x8a, 0xb4, 0xc0, 0xcf,
    0xc6, 0xc8, 0x9c, 0x7, 0xf8, 0x92, 0x72, 0xec,
    0xa8, 0xc,

    /* U+0418 "И" */
    0x5, 0xef, 0xf6, 0x84, 0xf, 0xfe, 0x29, 0x7b,
    0xff, 0xd0, 0x81, 0xff, 0xd0, 0x72, 0x8, 0x1f,
    0xfd, 0x87, 0x62, 0x3, 0xff, 0xb0, 0xac, 0x40,
    0x45, 0xb2, 0x3, 0xff, 0xa2, 0xad, 0x20, 0x22,
    0xfc, 0xe0, 0x7f, 0xf4, 0x14, 0xa8, 0x8, 0xbf,
    0x8, 0x6, 0x7, 0xff, 0x35, 0x4a, 0xc0, 0xce,
    0x41, 0x3, 0xff, 0xa0, 0x64, 0x30, 0x32, 0xb1,
    0x1, 0x88, 0x1f, 0xfc, 0x7e, 0x4, 0x67, 0x64,
    0x9, 0x5a, 0x40, 0x7f, 0xf4, 0xb, 0xec, 0x81,
    0x29, 0x50, 0x1f, 0xfd, 0xf, 0x7c, 0x20, 0x46,
    0x43, 0x3, 0xff, 0xa2, 0x5b, 0x10, 0x23, 0x3b,
    0x20, 0x7f, 0xf5, 0xcc, 0xec, 0x81, 0xff, 0xd7,
    0x2f, 0xb2, 0x7, 0xff, 0x38,

    /* U+0419 "Й" */
    0x3, 0xf2, 0x9f, 0xf5, 0x40, 0x7f, 0x9d, 0xff,
    0xa2, 0x3, 0xff, 0x84, 0xb2, 0x3, 0x29, 0x9,
    0x9, 0xc9, 0xd8, 0x80, 0xcf, 0x20, 0x3f, 0xf8,
    0x6a, 0xd3, 0x20, 0xb, 0xb5, 0xb6, 0xb1, 0x0,
    0x2a, 0x68, 0x80, 0xff, 0xe3, 0x29, 0xbf, 0x6c,
    0xb7, 0xed, 0x9f, 0xb5, 0x64, 0xf, 0xfe, 0x69,
    0x24, 0xbe, 0x24, 0x7, 0xff, 0x10, 0xbd, 0xfe,
    0xd0, 0x81, 0xff, 0xc5, 0x2f, 0x7f, 0xfa, 0x10,
    0x3f, 0xfa, 0xe, 0x41, 0x3, 0xff, 0xb0, 0xec,
    0x40, 0x7f, 0xf6, 0x15, 0x88, 0x8, 0xb6, 0x40,
    0x7f, 0xf4, 0x55, 0xa4, 0x4, 0x5f, 0x9c, 0xf,
    0xfe, 0x82, 0x95, 0x1, 0x17, 0xe1, 0x0, 0xc0,
    0xff, 0xe6, 0xa9, 0x58, 0x19, 0xc8, 0x20, 0x7f,
    0xf4, 0xc, 0x86, 0x6, 0x56, 0x20, 0x31, 0x3,
    0xff, 0x8f, 0xc0, 0x8c, 0xec, 0x81, 0x2b, 0x48,
    0xf, 0xfe, 0x81, 0x7d, 0x90, 0x25, 0x2a, 0x3,
    0xff, 0xa1, 0xef, 0x84, 0x8, 0xc8, 0x60, 0x7f,
    0xf4, 0x4b, 0x62, 0x4, 0x67, 0x64, 0xf, 0xfe,
    0xb9, 0x9d, 0x90, 0x3f, 0xfa, 0xe5, 0xf6, 0x40,
    0xff, 0xe7, 0x0,

    /* U+041A "К" */
    0x5, 0xef, 0xfb, 0x30, 0x3f, 0xf8, 0x25, 0xdf,
    0xfd, 0x50, 0x1f, 0xfc, 0xe5, 0x3c, 0x40, 0x45,
    0xea, 0x80, 0xff, 0xe5, 0x97, 0x69, 0x90, 0x25,
    0x34, 0x20, 0x7f, 0xf2, 0xcc, 0xf1, 0x1, 0x17,
    0xab, 0x3, 0xff, 0x98, 0xee, 0x64, 0x9, 0x4f,
    0x8, 0x1f, 0xfc, 0xa2, 0x53, 0x44, 0x4, 0x5d,
    0xa6, 0x40, 0xff, 0xe5, 0xe9, 0x99, 0x2, 0x33,
    0xc4, 0x7, 0xff, 0x38, 0x98, 0xe, 0x35, 0x10,
    0x3f, 0xf9, 0xfe, 0x6a, 0x80, 0xc6, 0x78, 0x80,
    0xff, 0xe8, 0x2b, 0x99, 0x2, 0x2e, 0xd3, 0x20,
    0x7f, 0xf3, 0xcc, 0xd1, 0x1, 0x94, 0xf0, 0x81,
    0xff, 0xd0, 0x76, 0x99, 0x2, 0x2f, 0x54, 0x7,
    0xff, 0x41, 0x4f, 0x8, 0x19, 0x5d, 0x8, 0x1f,
    0xfc, 0xf2, 0xf5, 0x40, 0x62, 0xf5, 0x40, 0x40,

    /* U+041B "Л" */
    0x3, 0xff, 0x84, 0x66, 0xff, 0xff, 0x97, 0x98,
    0x1f, 0xfc, 0x56, 0x48, 0xf, 0xfe, 0xe9, 0x26,
    0x7, 0x29, 0xb7, 0xf5, 0x64, 0xf, 0xfe, 0x5b,
    0xe4, 0xc, 0x72, 0x27, 0xf9, 0xf0, 0x3f, 0xf9,
    0x84, 0x80, 0xe6, 0x48, 0xf, 0xfe, 0xb1, 0xe8,
    0xc, 0x49, 0x81, 0xff, 0xd7, 0x44, 0xe, 0x7c,
    0x81, 0xff, 0xd6, 0x3d, 0x1, 0xc5, 0x1, 0xff,
    0xd7, 0x44, 0xe, 0x5c, 0x81, 0xff, 0xd6, 0x5d,
    0x1, 0xc5, 0x1, 0xff, 0xd6, 0x39, 0x1, 0xcb,
    0x10, 0x3f, 0xfa, 0xaa, 0xb2, 0x6, 0x59, 0x1,
    0xff, 0xd0, 0x33, 0xfd, 0x58, 0x1c, 0xfb, 0x3,
    0xff, 0xb2, 0x49, 0xcd, 0x10, 0x1f, 0xfd, 0x0,

    /* U+041C "М" */
    0x5, 0xef, 0xff, 0xa2, 0x3, 0xff, 0x90, 0xaf,
    0xff, 0xd5, 0x81, 0xff, 0xc4, 0x79, 0x1, 0xff,
    0xc6, 0x5d, 0x1, 0xff, 0xd0, 0x79, 0x1, 0xff,
    0xc4, 0x7d, 0x1, 0xff, 0xcb, 0x4a, 0x3, 0x3c,
    0x80, 0xff, 0xe1, 0x3c, 0x80, 0x93, 0x40, 0x7f,
    0xf1, 0x9e, 0xec, 0xc, 0xfa, 0x3, 0xff, 0x80,
    0xf2, 0x2, 0x5f, 0x1, 0xff, 0xc9, 0x75, 0x81,
    0x97, 0x40, 0x7f, 0x9d, 0x40, 0x4b, 0xa0, 0x3f,
    0xf9, 0x66, 0xb0, 0x32, 0xe8, 0xf, 0x8b, 0xa4,
    0x9, 0xf4, 0x7, 0xff, 0x34, 0xd6, 0x6, 0x5d,
    0x1, 0xc5, 0x52, 0x4, 0xf2, 0x0, 0x40, 0xff,
    0xe6, 0x1a, 0xc0, 0xcb, 0xa0, 0x23, 0x68, 0x81,
    0x3a, 0x80, 0xff, 0xe8, 0x9a, 0xc8, 0x12, 0xe8,
    0x1a, 0x88, 0x13, 0xa4, 0xf, 0xfe, 0x99, 0xa8,
    0x81, 0x2f, 0x2b, 0x20, 0xb, 0xa4, 0xf, 0xfe,
    0xa9, 0xa8, 0x81, 0x26, 0xc0, 0x46, 0xd1, 0x3,
    0xff, 0xae, 0x6a, 0x20, 0x7c, 0x6a, 0x20, 0x7f,
    0xf6, 0x4d, 0x44, 0xe, 0x35, 0x10, 0x3f, 0xf9,
    0x0,

    /* U+041D "Н" */
    0x5, 0xef, 0xfb, 0x30, 0x3f, 0xf8, 0xaa, 0xff,
    0xe8, 0x80, 0xff, 0xff, 0x81, 0xff, 0xff, 0x3,
    0xff, 0x8b, 0xc9, 0xff, 0xe3, 0x1, 0xff, 0xc7,
    0x2f, 0x6f, 0xfe, 0x2c, 0x40, 0x7f, 0xfb, 0x4c,
    0xff, 0xff, 0x8b, 0x50, 0x1f, 0xff, 0xf0, 0x3f,
    0xff, 0xe0, 0x7f, 0xfa, 0x80,

    /* U+041E "О" */
    0x3, 0xff, 0x80, 0x53, 0x96, 0xb6, 0x7f, 0xf6,
    0xd5, 0x8d, 0x10, 0x3f, 0xf8, 0xc5, 0x4d, 0x96,
    0x34, 0x84, 0x80, 0xf8, 0x99, 0x39, 0x77, 0xac,
    0x81, 0xff, 0xc0, 0x33, 0xd6, 0x40, 0xc5, 0x4b,
    0x5b, 0x7a, 0xc6, 0x80, 0xe5, 0x35, 0x40, 0x7e,
    0x2f, 0xb2, 0x6, 0x2f, 0x65, 0x69, 0x9, 0xf2,
    0x72, 0xfa, 0x80, 0xe5, 0x62, 0x3, 0x8a, 0xa4,
    0xe, 0x52, 0x8, 0x1f, 0xfc, 0x45, 0x19, 0x3,
    0x9e, 0x40, 0x67, 0x88, 0x1c, 0xb2, 0x3, 0xff,
    0x8e, 0x72, 0x3, 0xc8, 0x90, 0x11, 0x60, 0x78,
    0x90, 0x1f, 0xfc, 0x97, 0xc8, 0x1c, 0x7b, 0x3,
    0xff, 0xc0, 0xc0, 0x8b, 0x3, 0xc4, 0x80, 0xff,
    0xe4, 0xbe, 0x40, 0xe3, 0xc0, 0xcf, 0x10, 0x39,
    0x64, 0x7, 0xff, 0x1c, 0xe4, 0x7, 0x91, 0x20,
    0x22, 0xa9, 0x3, 0x94, 0x82, 0x7, 0xff, 0x11,
    0xc6, 0x40, 0xe7, 0x90, 0x1c, 0x5f, 0x64, 0xc,
    0x5e, 0xca, 0xd9, 0x13, 0xc9, 0x1c, 0xbe, 0x20,
    0x39, 0x58, 0x80, 0xfc, 0x67, 0xac, 0x81, 0x8a,
    0x91, 0x76, 0xeb, 0x51, 0xa0, 0x39, 0x4d, 0x50,
    0x1f, 0xfc, 0x2, 0xa6, 0xcb, 0x1a, 0x26, 0x3,
    0xe2, 0x64, 0xe5, 0xde, 0xb2, 0x7, 0x80,

    /* U+041F "П" */
    0x5, 0xef, 0xff, 0xfa, 0x71, 0x1, 0xff, 0xe6,
    0x2f, 0x6f, 0xfe, 0x24, 0x40, 0x7f, 0xf2, 0x39,
    0x3f, 0xfc, 0x50, 0x3f, 0xff, 0xe0, 0x7f, 0xff,
    0xc0, 0xff, 0xff, 0x81, 0xff, 0xff, 0x3, 0xff,
    0xfe, 0x7, 0xff, 0x38,

    /* U+0420 "Р" */
    0x5, 0xef, 0xff, 0xf8, 0x9b, 0x2c, 0x68, 0x81,
    0xff, 0xce, 0x24, 0x9c, 0xbb, 0x19, 0x3, 0xff,
    0x80, 0x66, 0xfe, 0xda, 0xb1, 0x90, 0x38, 0xc8,
    0x60, 0x7f, 0xf0, 0x48, 0x11, 0x32, 0x73, 0x54,
    0x7, 0x2c, 0x80, 0xff, 0xe5, 0xb2, 0x7, 0xc4,
    0xf, 0xfe, 0x5a, 0x20, 0x78, 0x90, 0x1f, 0xfc,
    0x2, 0x0, 0x99, 0x23, 0xba, 0x20, 0x39, 0xe4,
    0x7, 0xf8, 0xcd, 0xfb, 0x6a, 0xd4, 0x44, 0xc,
    0x5d, 0x88, 0xf, 0xfe, 0x49, 0x24, 0xe5, 0xd9,
    0x10, 0x1f, 0xfc, 0x13, 0x3f, 0xfd, 0xb2, 0xc6,
    0x88, 0x1f, 0xff, 0xf0, 0x3f, 0xfe, 0x80,

    /* U+0421 "С" */
    0x3, 0xff, 0x82, 0x53, 0x97, 0x6b, 0xff, 0x6d,
    0x58, 0xd2, 0x10, 0x3f, 0xf8, 0x5, 0xdf, 0xac,
    0x68, 0x98, 0xf, 0x13, 0x27, 0x2c, 0x44, 0xf,
    0xc5, 0xec, 0x88, 0xc, 0x53, 0x97, 0x6e, 0xb5,
    0x1b, 0x22, 0xa3, 0x20, 0x7c, 0xe4, 0x10, 0x31,
    0x77, 0x58, 0xd1, 0x3c, 0x91, 0xc8, 0xba, 0xa0,
    0x3f, 0x3a, 0x80, 0xe5, 0x21, 0x1, 0xff, 0xce,
    0x58, 0x81, 0xcb, 0xa0, 0x3f, 0xfa, 0x5, 0x81,
    0xe2, 0xc0, 0xff, 0xfc, 0x16, 0x7, 0x8b, 0x3,
    0xff, 0xa2, 0xf1, 0x3, 0x97, 0x40, 0x7f, 0xf4,
    0xa, 0xa4, 0xe, 0x52, 0x8, 0x1f, 0xfc, 0xf2,
    0xe3, 0x3, 0x8b, 0xd9, 0x5a, 0x42, 0x7c, 0x91,
    0xb4, 0xb1, 0x1, 0xfe, 0x53, 0x44, 0x7, 0x15,
    0x2d, 0x6d, 0xeb, 0x52, 0x1a, 0x42, 0x40, 0x7f,
    0xc5, 0xdf, 0xac, 0x68, 0x90, 0x1f, 0xc4, 0x93,
    0x68, 0x88, 0x10,

    /* U+0422 "Т" */
    0x2, 0x57, 0xff, 0xfe, 0x96, 0x60, 0x7f, 0xf8,
    0x15, 0xdb, 0xfd, 0x50, 0x1e, 0x53, 0x6f, 0xf9,
    0x81, 0xf1, 0x3f, 0xe0, 0x40, 0xf8, 0x9f, 0xf8,
    0xf, 0xff, 0xf8, 0x1f, 0xff, 0xf0, 0x3f, 0xff,
    0xe0, 0x7f, 0xff, 0xc0, 0xff, 0xff, 0x81, 0xff,
    0xc7,

    /* U+0423 "У" */
    0x2, 0x33, 0x7f, 0xda, 0x10, 0x3f, 0xf8, 0xca,
    0x7f, 0xea, 0xc0, 0xf1, 0x90, 0x80, 0xc5, 0xc4,
    0x7, 0xff, 0x11, 0x76, 0x7, 0x3e, 0xc0, 0xfc,
    0xa3, 0x20, 0x65, 0x19, 0x3, 0xff, 0x80, 0x5c,
    0x40, 0x63, 0x2a, 0x3, 0xfc, 0x64, 0x20, 0x31,
    0x95, 0x1, 0xfe, 0x36, 0x10, 0x32, 0x8c, 0x81,
    0xff, 0xc1, 0x52, 0x8, 0x19, 0xc6, 0x7, 0xe5,
    0x18, 0x1c, 0xe2, 0x3, 0xff, 0x88, 0x5c, 0x40,
    0x63, 0x21, 0x1, 0x8b, 0x88, 0xc, 0x65, 0x20,
    0x7f, 0xf1, 0xd4, 0x82, 0x6, 0x7d, 0x80, 0x36,
    0x10, 0x32, 0x8c, 0x81, 0xff, 0xc9, 0x2e, 0x30,
    0x32, 0xb1, 0xc6, 0x6, 0x2e, 0x20, 0x3f, 0xf9,
    0xaa, 0x42, 0x2, 0x2e, 0x20, 0x31, 0xb0, 0x81,
    0xff, 0xd0, 0x71, 0x81, 0xfc, 0xa3, 0x3, 0xff,
    0xa6, 0xc0, 0xfc, 0x64, 0x20, 0x3f, 0xf9, 0x5,
    0x34, 0x84, 0x92, 0x39, 0xab, 0x3, 0x8b, 0x8c,
    0x81, 0xff, 0xc8, 0x2a, 0x45, 0xad, 0x96, 0xa3,
    0x20, 0x71, 0x7e, 0x20, 0x3f, 0xf9, 0x44, 0x99,
    0x3, 0xf1, 0x24, 0xee, 0xc8, 0x40, 0xff, 0xe4,
    0x0,

    /* U+0424 "Ф" */
    0x3, 0xff, 0x90, 0x5e, 0xff, 0xa1, 0x3, 0xff,
    0xa6, 0x53, 0x97, 0x6b, 0xf6, 0x84, 0xe, 0x7b,
    0xfb, 0x65, 0x90, 0xc8, 0x1f, 0xfc, 0x52, 0xef,
    0xd6, 0x34, 0x4c, 0x7, 0xff, 0xc, 0x92, 0x6d,
    0x37, 0xd1, 0x1, 0xff, 0x29, 0xa2, 0x3, 0x17,
    0x2e, 0xcf, 0xa1, 0x3, 0x9d, 0xfd, 0xad, 0x34,
    0x6, 0x2e, 0xd2, 0x3, 0xf3, 0xec, 0xe, 0x77,
    0x46, 0x89, 0x1, 0xfe, 0x60, 0xa, 0x49, 0x74,
    0x20, 0x65, 0x19, 0x3, 0x96, 0x40, 0x62, 0xea,
    0x3, 0xff, 0x98, 0x5d, 0x20, 0x63, 0x90, 0x1f,
    0xfc, 0x1e, 0x40, 0xff, 0xe7, 0x96, 0x7, 0x30,
    0x3f, 0xf8, 0x27, 0x90, 0x3f, 0xf9, 0xc4, 0x98,
    0x1c, 0xc8, 0x1c, 0xb2, 0x3, 0x9c, 0x40, 0x7f,
    0xf3, 0x15, 0x84, 0xc, 0x72, 0x3, 0xce, 0x32,
    0x6, 0x57, 0x46, 0x89, 0x1, 0xfe, 0x60, 0xa,
    0x73, 0x56, 0x7, 0x28, 0xc0, 0xfc, 0x67, 0x88,
    0xc, 0x5c, 0xbb, 0x3e, 0x84, 0xe, 0x77, 0xf6,
    0xb1, 0x90, 0x32, 0x9a, 0xa0, 0x3f, 0xe2, 0xef,
    0xd6, 0x34, 0x48, 0xf, 0xfe, 0x21, 0x24, 0xe5,
    0xde, 0xb2, 0x7, 0xff, 0x14, 0xa7, 0x2e, 0xcf,
    0xed, 0x8, 0x1c, 0xf7, 0xf6, 0xcb, 0x1a, 0x20,
    0x7f, 0xfc, 0x80,

    /* U+0425 "Х" */
    0x3, 0x2b, 0xff, 0xb3, 0x20, 0x7f, 0xf0, 0xd5,
    0xff, 0xd5, 0x1, 0xfc, 0xad, 0x20, 0x31, 0x9d,
    0x90, 0x3f, 0xe5, 0x69, 0x1, 0x94, 0xa8, 0xf,
    0xf9, 0x5a, 0x40, 0x63, 0x21, 0x81, 0xf8, 0xca,
    0x80, 0xca, 0x56, 0x7, 0xff, 0xd, 0x5a, 0x40,
    0x65, 0x2a, 0x3, 0x19, 0xd8, 0x19, 0x48, 0x60,
    0x7f, 0xf1, 0xd5, 0xa4, 0x6, 0x56, 0x91, 0x7d,
    0x90, 0x23, 0x21, 0x90, 0x3f, 0xf9, 0x4a, 0xd2,
    0x3, 0x2b, 0xa1, 0x2, 0x33, 0xb2, 0x7, 0xff,
    0x39, 0x58, 0x40, 0xfc, 0x67, 0x64, 0xf, 0xfe,
    0x8b, 0xc4, 0xf, 0xc7, 0x30, 0x3f, 0xfa, 0x2a,
    0xc4, 0x4, 0x4c, 0x6, 0x56, 0x90, 0x1f, 0xfc,
    0xd5, 0x69, 0x1, 0x9c, 0xd9, 0x50, 0x19, 0x5a,
    0x40, 0x7f, 0xf2, 0x55, 0xa4, 0x6, 0x56, 0x20,
    0xa, 0xc4, 0x6, 0x56, 0x90, 0x1f, 0xfc, 0x55,
    0x69, 0x1, 0x95, 0xa4, 0x7, 0x9c, 0x82, 0x6,
    0x56, 0x90, 0x1f, 0xfc, 0x15, 0x69, 0x1, 0x94,
    0xa8, 0xf, 0xe2, 0xfc, 0x20, 0x65, 0x69, 0x1,
    0xfc, 0xad, 0x20, 0x32, 0x95, 0x81, 0xff, 0xc1,
    0x2f, 0xb2, 0x6, 0x56, 0x90, 0x18,

    /* U+0426 "Ц" */
    0x5, 0xef, 0xfb, 0x30, 0x3f, 0xf8, 0x8a, 0xff,
    0xe8, 0x80, 0xff, 0xff, 0x81, 0xff, 0xff, 0x3,
    0xff, 0xfe, 0x7, 0xff, 0xfc, 0xf, 0xff, 0xf8,
    0x1f, 0xff, 0xf0, 0x3f, 0xf8, 0xdc, 0x9f, 0xfe,
    0x28, 0x1f, 0x13, 0xe0, 0x3f, 0xf8, 0x25, 0xed,
    0xff, 0xc4, 0x88, 0xf, 0x29, 0xb6, 0x88, 0xf,
    0xff, 0x21, 0x7b, 0xff, 0xfe, 0x8e, 0x60, 0x7f,
    0xff, 0xc0, 0xff, 0xfb, 0xb0, 0x0,

    /* U+0427 "Ч" */
    0x2, 0x77, 0xfe, 0xcc, 0x81, 0xff, 0xc4, 0x7b,
    0xfe, 0xcc, 0x81, 0xff, 0xff, 0x3, 0xff, 0xfe,
    0x7, 0xff, 0x10, 0xf0, 0x3f, 0xfa, 0x44, 0x80,
    0xf3, 0x8d, 0x10, 0x3c, 0x4c, 0x9c, 0x8a, 0x40,
    0xff, 0x95, 0x64, 0xe, 0x52, 0xef, 0xfd, 0xb5,
    0x63, 0x62, 0x7, 0xff, 0x4, 0xcd, 0x62, 0x20,
    0x7f, 0xf0, 0x9, 0x27, 0x21, 0x90, 0x3f, 0xf8,
    0x69, 0xdd, 0xff, 0x6f, 0xfd, 0xb2, 0xc6, 0xdc,
    0xf, 0xfe, 0x69, 0x3, 0xff, 0xfe, 0x7, 0xff,
    0xd0,

    /* U+0428 "Ш" */
    0x5, 0xef, 0xfb, 0x30, 0x3f, 0xf8, 0x2a, 0xff,
    0xe8, 0x40, 0xff, 0xe0, 0x19, 0xbf, 0xea, 0xc0,
    0xff, 0xff, 0x81, 0xff, 0xff, 0x3, 0xff, 0xfe,
    0x7, 0xff, 0xfc, 0xf, 0xff, 0xf8, 0x1f, 0xff,
    0xf0, 0x3f, 0xff, 0xe0, 0x7f, 0xfb, 0x39, 0x3f,
    0xfc, 0x20, 0x3e, 0x2c, 0x9f, 0xfe, 0x3, 0x4,
    0xf, 0xfe, 0x29, 0x7b, 0x7f, 0xf0, 0x62, 0x3,
    0xca, 0xed, 0xff, 0xc0, 0xac, 0xf, 0xff, 0xb0,

    /* U+0429 "Щ" */
    0x5, 0xef, 0xfb, 0x30, 0x3f, 0xf8, 0x2e, 0xff,
    0xda, 0x10, 0x3f, 0xf8, 0xa, 0x7f, 0xe8, 0x80,
    0xff, 0xff, 0x81, 0xff, 0xff, 0x3, 0xff, 0xfe,
    0x7, 0xff, 0xfc, 0xf, 0xff, 0xf8, 0x1f, 0xff,
    0xf0, 0x3f, 0xff, 0xe0, 0x7f, 0xff, 0xc0, 0xff,
    0xf1, 0xf2, 0x7f, 0xf8, 0x21, 0x81, 0xc4, 0x32,
    0x7f, 0xf8, 0x40, 0x78, 0x9f, 0x1, 0xff, 0xc0,
    0x2f, 0x6f, 0xfe, 0xc, 0x20, 0x79, 0xdd, 0xbf,
    0xf8, 0x11, 0x1, 0xe5, 0x36, 0xd1, 0x1, 0xff,
    0xf5, 0x2f, 0x7f, 0xff, 0xe4, 0xcc, 0xf, 0xff,
    0xf8, 0x1f, 0xff, 0xf0, 0x3f, 0xfc, 0x80,

    /* U+042A "Ъ" */
    0x0, 0xa7, 0xff, 0xfc, 0x4c, 0xc0, 0xff, 0xfd,
    0x29, 0xb7, 0xea, 0xc8, 0x1f, 0xfd, 0x62, 0x7f,
    0x3e, 0x7, 0xff, 0xfc, 0xf, 0xfe, 0x59, 0x3,
    0xff, 0xbc, 0x66, 0xff, 0xfd, 0xac, 0x68, 0xf,
    0xfe, 0xe1, 0x4e, 0x5f, 0x59, 0x3, 0xff, 0x96,
    0x67, 0xff, 0x6c, 0xb1, 0x10, 0x32, 0x90, 0xc0,
    0xff, 0xe9, 0x92, 0x4e, 0xc4, 0x7, 0x2e, 0x80,
    0xff, 0xeb, 0x96, 0x7, 0xff, 0x4c, 0x81, 0x13,
    0x93, 0x9a, 0x10, 0x39, 0x64, 0x7, 0xff, 0x24,
    0xcd, 0xfd, 0xb6, 0xb1, 0x90, 0x39, 0x58, 0x80,
    0xff, 0xea, 0x92, 0x48, 0xee, 0xf5, 0x10, 0x20,

    /* U+042B "Ы" */
    0x5, 0xef, 0xfb, 0x30, 0x3f, 0xf9, 0xaa, 0xff,
    0xe8, 0x40, 0xff, 0xff, 0x81, 0xff, 0xff, 0x3,
    0xff, 0xd5, 0xc9, 0xc0, 0x7f, 0xf7, 0x8b, 0xdb,
    0x7f, 0xed, 0x96, 0x22, 0x7, 0xff, 0x78, 0x92,
    0x77, 0x64, 0x40, 0x7f, 0xf3, 0xcc, 0xff, 0xed,
    0x95, 0x90, 0x31, 0x71, 0x90, 0x3f, 0xfa, 0xc4,
    0x94, 0x86, 0x7, 0x1c, 0x80, 0xff, 0xed, 0x90,
    0x3e, 0x20, 0x7f, 0xf3, 0xc8, 0x11, 0x32, 0x73,
    0x54, 0x7, 0x1c, 0x80, 0xff, 0xe6, 0x99, 0xbf,
    0xb6, 0xac, 0x64, 0xe, 0x33, 0xb0, 0x3f, 0xfb,
    0x24, 0x93, 0x97, 0xe6, 0x40, 0xff, 0xe3, 0x0,

    /* U+042C "Ь" */
    0x5, 0xef, 0xfb, 0x30, 0x3f, 0xff, 0xe0, 0x7f,
    0xff, 0xc0, 0xff, 0xe9, 0x10, 0x3f, 0xfa, 0xa6,
    0x6f, 0xff, 0xdb, 0x2c, 0x44, 0xf, 0xfe, 0x91,
    0x24, 0xee, 0xc8, 0x80, 0xff, 0xe1, 0x19, 0xff,
    0xed, 0x63, 0x20, 0x62, 0xe4, 0x10, 0x3f, 0xf9,
    0x45, 0x39, 0xd9, 0x3, 0x14, 0x80, 0x7f, 0xf3,
    0x98, 0x20, 0x7f, 0xf2, 0x48, 0x18, 0x99, 0x24,
    0xb4, 0xc0, 0xe2, 0x90, 0xf, 0xfe, 0x1, 0x9b,
    0xfd, 0xb5, 0x69, 0xa0, 0x38, 0xbf, 0x8, 0x1f,
    0xfc, 0xc2, 0x49, 0xcb, 0xb2, 0x10, 0x38,

    /* U+042D "Э" */
    0x2, 0x29, 0xcb, 0x5b, 0x5f, 0xfd, 0xb2, 0xd4,
    0x64, 0xf, 0xfe, 0x1b, 0xf6, 0x34, 0x84, 0xc0,
    0x7c, 0x49, 0x23, 0x9b, 0xe8, 0x88, 0x1f, 0xe7,
    0x19, 0x24, 0xe4, 0x5a, 0xdb, 0x5a, 0x8d, 0x10,
    0x31, 0x77, 0xc2, 0x7, 0xf2, 0x9b, 0x2c, 0x6c,
    0x90, 0x9c, 0x91, 0xcb, 0xb2, 0x10, 0x31, 0x7d,
    0x90, 0x3f, 0xf9, 0xe5, 0xf6, 0x40, 0xc6, 0xa2,
    0x7, 0xff, 0x0, 0x9f, 0xfe, 0x20, 0xec, 0xe,
    0x39, 0x81, 0xfe, 0x57, 0x6f, 0xfe, 0x2c, 0x40,
    0x79, 0x92, 0x3, 0xff, 0xb4, 0x40, 0xfe, 0x57,
    0xff, 0xfe, 0x2e, 0x60, 0x79, 0x90, 0x3f, 0xfa,
    0x5, 0x20, 0x1c, 0x73, 0x3, 0xff, 0x9c, 0x5c,
    0x82, 0x6, 0x35, 0x10, 0x39, 0x4b, 0x1b, 0x25,
    0x13, 0xf2, 0x72, 0xec, 0x88, 0xc, 0x5f, 0x64,
    0xe, 0x24, 0x91, 0xc8, 0xb6, 0xdb, 0xeb, 0x1a,
    0x20, 0x62, 0xee, 0x84, 0xf, 0x8a, 0x8d, 0x91,
    0x20, 0x3f, 0xc4, 0x93, 0x97, 0x7d, 0x10, 0x1f,
    0xc0,

    /* U+042E "Ю" */
    0x5, 0xef, 0xfb, 0x30, 0x3f, 0xf8, 0x85, 0x4b,
    0x5b, 0x3f, 0xfd, 0xb2, 0xc6, 0x88, 0x1f, 0xfd,
    0x62, 0xf7, 0xd5, 0xa4, 0x24, 0x7, 0xe2, 0x49,
    0xcb, 0xb2, 0xa2, 0x7, 0xff, 0x41, 0x5d, 0x8,
    0x18, 0xa9, 0x77, 0xff, 0x6a, 0xc8, 0x11, 0x57,
    0xc2, 0x7, 0xff, 0x30, 0xc8, 0x40, 0x71, 0x7e,
    0xb4, 0x40, 0xf8, 0xa9, 0xaa, 0x3, 0x17, 0x18,
    0x1f, 0xfc, 0xa2, 0x90, 0x81, 0xca, 0xc2, 0x7,
    0xff, 0xd, 0x76, 0x7, 0x2c, 0xc0, 0xff, 0xe0,
    0x19, 0xff, 0xda, 0x10, 0x38, 0x92, 0x3, 0xff,
    0x8c, 0xba, 0x3, 0x97, 0x40, 0x7f, 0xf4, 0x79,
    0x3, 0xff, 0x8e, 0x48, 0xf, 0x10, 0x3f, 0xf8,
    0x5, 0xed, 0xf5, 0x60, 0x7f, 0xf4, 0x48, 0x1f,
    0xfc, 0x8e, 0x4f, 0xcb, 0xa0, 0x38, 0xf2, 0x7,
    0xff, 0x1c, 0xb0, 0x3c, 0x40, 0xff, 0xe5, 0x22,
    0x40, 0x72, 0x42, 0x7, 0xff, 0x15, 0x62, 0x7,
    0x2e, 0x80, 0xff, 0xe4, 0x9a, 0x88, 0x18, 0xc8,
    0x40, 0x7f, 0xf0, 0x8b, 0x88, 0xe, 0x59, 0x81,
    0xff, 0xcb, 0x32, 0x18, 0x1c, 0xae, 0xad, 0x21,
    0x39, 0x23, 0x9b, 0x21, 0x3, 0x17, 0x18, 0x1f,
    0xfc, 0xe5, 0x34, 0x40, 0x62, 0xa5, 0xad, 0xb5,
    0xa8, 0xc8, 0x18, 0xab, 0xe1, 0x3, 0xff, 0xa2,
    0x5d, 0xfa, 0xb4, 0x84, 0x80, 0xf8, 0x92, 0x72,
    0xec, 0xa8, 0x81, 0xf0,

    /* U+042F "Я" */
    0x3, 0xff, 0x80, 0x54, 0xb5, 0xb3, 0xff, 0xfe,
    0x2c, 0x40, 0x7f, 0x95, 0xfa, 0xb4, 0x84, 0x80,
    0xff, 0xe7, 0xa9, 0x50, 0x1c, 0x54, 0xbb, 0x6f,
    0xf5, 0x40, 0x7f, 0xf0, 0xc9, 0x20, 0x38, 0xbf,
    0x5a, 0x27, 0x1, 0xff, 0xc9, 0x20, 0x7f, 0xf6,
    0xd5, 0x20, 0x62, 0xfc, 0x44, 0x80, 0xff, 0xe6,
    0x97, 0xe2, 0x3, 0x17, 0x76, 0x7f, 0xf5, 0x40,
    0x7f, 0xf1, 0x8b, 0xbf, 0x42, 0x7, 0xff, 0x5c,
    0xaa, 0x40, 0xc5, 0xdd, 0xba, 0x20, 0x3f, 0xf8,
    0xe5, 0xf8, 0x40, 0xca, 0x42, 0x27, 0xc0, 0x7f,
    0xf1, 0xdc, 0x82, 0x6, 0x52, 0xa0, 0x3f, 0xf9,
    0xaa, 0xc4, 0x6, 0x32, 0x18, 0x1f, 0xfc, 0xd5,
    0x69, 0x1, 0x8b, 0xec, 0x81, 0xff, 0xcc, 0x52,
    0xa0, 0x39, 0xc8, 0x20, 0x7f, 0xf2, 0xc0,

    /* U+0430 "а" */
    0x3, 0xc5, 0x39, 0x6b, 0x67, 0xff, 0xb5, 0x8d,
    0x1, 0xff, 0x15, 0x21, 0xa4, 0x24, 0x7, 0xe2,
    0x9c, 0xba, 0x20, 0x3f, 0x17, 0x21, 0xcb, 0xbf,
    0xfb, 0x44, 0x6, 0x2f, 0xb0, 0x3f, 0x93, 0x8d,
    0x10, 0x3e, 0x2f, 0xa0, 0x39, 0xf2, 0x7, 0xf8,
    0xa4, 0x6e, 0x93, 0xee, 0xc0, 0xe2, 0x7, 0xc5,
    0xdf, 0xda, 0xd4, 0x93, 0x7f, 0x22, 0x7, 0xfc,
    0x67, 0x88, 0xc, 0x5d, 0xdf, 0xfd, 0x58, 0x1f,
    0xf2, 0x42, 0x6, 0x2f, 0xc4, 0x40, 0xf8, 0x90,
    0x1f, 0xf1, 0x60, 0x71, 0xc, 0xf, 0xca, 0x54,
    0x7, 0xfc, 0xba, 0x3, 0x9d, 0xfa, 0xdb, 0x7e,
    0xac, 0x12, 0x3, 0xfe, 0x57, 0x46, 0x88, 0x11,
    0x4a, 0x9, 0xdd, 0xaa, 0x80, 0xf8,

    /* U+0431 "б" */
    0x3, 0xff, 0xce, 0x52, 0x36, 0x91, 0x6b, 0x6b,
    0xfe, 0xa8, 0xf, 0xfe, 0x2, 0x97, 0x7d, 0x6a,
    0x43, 0x64, 0x84, 0xc0, 0x73, 0xc4, 0xf, 0xca,
    0xfa, 0xd1, 0x3, 0x14, 0x8d, 0xd2, 0x2d, 0xb6,
    0xd0, 0x81, 0xe5, 0x69, 0x1, 0x94, 0xdf, 0xb5,
    0xa9, 0x26, 0xc9, 0x44, 0xc0, 0x7e, 0x71, 0x1,
    0x94, 0xac, 0x81, 0xff, 0xcb, 0x78, 0x81, 0x8e,
    0x61, 0x3b, 0xbf, 0xf6, 0xcb, 0x11, 0x3, 0xf1,
    0xec, 0xf, 0x6b, 0xec, 0x44, 0xf, 0x12, 0x4e,
    0xea, 0x80, 0xf3, 0x24, 0x7, 0x14, 0xa9, 0x77,
    0xfd, 0xa2, 0x3, 0x95, 0x88, 0xf, 0xfe, 0x2,
    0x9e, 0xb4, 0x40, 0xe2, 0xe3, 0x20, 0x72, 0xc4,
    0xc, 0x40, 0xf8, 0x81, 0xff, 0xc0, 0x39, 0x81,
    0xc4, 0x30, 0x27, 0xc8, 0x1c, 0xc8, 0x1f, 0xfc,
    0xa6, 0x4, 0x52, 0x1, 0xc6, 0xb0, 0x3f, 0xe3,
    0x98, 0x1c, 0xb1, 0x3, 0x1b, 0x8, 0x18, 0xcd,
    0x11, 0x20, 0x5, 0x39, 0xd9, 0x3, 0x2e, 0x80,
    0xf1, 0x7e, 0x20, 0x31, 0x77, 0x67, 0xed, 0x63,
    0x20, 0x45, 0xda, 0x40, 0x7f, 0x17, 0x7d, 0x8d,
    0x10, 0x3e, 0x29, 0x1d, 0xd9, 0x10, 0x1c,

    /* U+0432 "в" */
    0xe, 0xff, 0xff, 0xc5, 0xda, 0xb1, 0xa0, 0x3f,
    0xf8, 0xa4, 0xf8, 0x8, 0x99, 0x39, 0x74, 0x20,
    0x7f, 0xc6, 0x6d, 0xf7, 0xf6, 0x64, 0xc, 0x55,
    0x20, 0x7f, 0xf4, 0x9f, 0x20, 0x7f, 0x8c, 0xfb,
    0x7d, 0xfb, 0x32, 0xa, 0x76, 0x30, 0x3f, 0xf8,
    0x24, 0xfe, 0x3, 0xff, 0x96, 0x66, 0xff, 0xf6,
    0xac, 0x82, 0x9d, 0xd1, 0x1, 0xff, 0xc9, 0x2a,
    0x52, 0x7, 0x2c, 0x40, 0xff, 0xe4, 0x97, 0x88,
    0x1e, 0xe4, 0xf, 0xe3, 0x3e, 0xdf, 0x7e, 0xd1,
    0x1, 0xce, 0x30, 0x3f, 0xf8, 0x4, 0xfe, 0x2,
    0x24, 0x9c, 0xbe, 0x20, 0x20,

    /* U+0433 "г" */
    0xe, 0xff, 0xff, 0xc7, 0xcc, 0xf, 0xfe, 0x6b,
    0x3, 0xff, 0x80, 0x66, 0xff, 0xfe, 0xac, 0xf,
    0xff, 0xf8, 0x1f, 0xff, 0xf0, 0x3f, 0xff, 0x20,

    /* U+0434 "д" */
    0x3, 0xff, 0x82, 0xa7, 0xff, 0xfc, 0x7a, 0xc0,
    0xff, 0xe4, 0x10, 0x3f, 0xfb, 0x64, 0x98, 0x18,
    0xbd, 0xff, 0x42, 0x7, 0xff, 0x35, 0xe2, 0x6,
    0x78, 0x81, 0xff, 0xd3, 0x39, 0x1, 0x89, 0x30,
    0x3f, 0xfa, 0x66, 0xa0, 0x39, 0x62, 0x7, 0xff,
    0x48, 0xd4, 0x40, 0xcb, 0x20, 0x3f, 0xfa, 0x4a,
    0xb2, 0x6, 0x7d, 0x1, 0xff, 0xd1, 0x2e, 0x30,
    0x31, 0x95, 0x1, 0xff, 0xcf, 0x53, 0xe8, 0x40,
    0xe3, 0x37, 0xff, 0xe8, 0x40, 0xe5, 0x3f, 0xa2,
    0x3, 0x88, 0x1f, 0xfd, 0x62, 0x7, 0xff, 0x1,
    0x5f, 0xff, 0xf9, 0x15, 0x1, 0xff, 0xff, 0x3,
    0xff, 0x92, 0x4f, 0xcc, 0xf, 0xfe, 0x49, 0x3f,
    0x0,

    /* U+0435 "е" */
    0x3, 0xf8, 0xb9, 0x76, 0x7f, 0xed, 0x96, 0x32,
    0x7, 0xff, 0xd, 0x5f, 0xa3, 0x44, 0x80, 0xf1,
    0x24, 0xe6, 0xc8, 0x80, 0xff, 0x2b, 0x48, 0xc,
    0xa6, 0xff, 0xda, 0x20, 0x22, 0xec, 0x20, 0x7c,
    0xfa, 0x3, 0x19, 0x59, 0x3, 0xc5, 0xc6, 0x40,
    0xce, 0x90, 0x39, 0x74, 0x7, 0x1b, 0xb7, 0xfd,
    0xd1, 0x3, 0x8b, 0x3, 0xc4, 0xf, 0x89, 0xff,
    0xe1, 0x1, 0xf1, 0x3, 0xc4, 0xf, 0x2b, 0xff,
    0xff, 0x1e, 0xb0, 0x39, 0x74, 0x7, 0x2c, 0x40,
    0xff, 0xe7, 0x3e, 0x80, 0xe7, 0xeb, 0x20, 0x7e,
    0x24, 0x9c, 0x68, 0xf, 0xe5, 0x69, 0x90, 0x22,
    0xa6, 0xff, 0xf6, 0xcb, 0x1d, 0x24, 0x7, 0xf9,
    0x4d, 0x96, 0x34, 0x48, 0xf, 0xc4, 0x93, 0x90,
    0x88, 0x18,

    /* U+0436 "ж" */
    0x3, 0x19, 0xbf, 0xea, 0xc8, 0x1f, 0x94, 0xff,
    0xb3, 0x3, 0xf8, 0xcd, 0xff, 0x56, 0x40, 0xf1,
    0x9e, 0x10, 0x25, 0x3c, 0x20, 0x7f, 0xf2, 0x95,
    0xcc, 0x80, 0x2e, 0xd3, 0x20, 0x7e, 0x2f, 0x54,
    0x4, 0x5f, 0x88, 0xf, 0xfe, 0x29, 0x76, 0x90,
    0x11, 0x9e, 0x20, 0x3f, 0xf8, 0x4a, 0xe6, 0x40,
    0x17, 0x69, 0x1, 0xff, 0xc1, 0x2f, 0xc4, 0x4,
    0xae, 0x64, 0xf, 0xfe, 0x31, 0x9e, 0x20, 0x25,
    0x73, 0x20, 0x7e, 0x53, 0xc2, 0x0, 0xbb, 0x48,
    0xf, 0xfe, 0x59, 0x7d, 0x1, 0x8c, 0xa8, 0xf,
    0x58, 0xc8, 0x11, 0x55, 0x1, 0xff, 0xcc, 0x2e,
    0xd2, 0x2, 0x2e, 0xc4, 0x7, 0xaf, 0x88, 0x8,
    0xbf, 0x10, 0x1f, 0xfc, 0x93, 0x3c, 0x40, 0x46,
    0x78, 0x80, 0xfe, 0x2e, 0xd3, 0x20, 0xb, 0xb4,
    0xc0, 0xff, 0xe2, 0xab, 0x99, 0x2, 0x57, 0x32,
    0x7, 0xff, 0x9, 0x4f, 0x8, 0x12, 0x9a, 0x10,
    0x3f, 0xe2, 0xf5, 0x40, 0x45, 0xea, 0x80, 0xff,
    0xe3, 0x97, 0xe2, 0x2, 0x2f, 0x54, 0x7, 0xca,
    0x78, 0x40, 0x8c, 0xf0, 0x81, 0xff, 0xcb, 0x2e,
    0xd3, 0x20, 0x4a, 0xe6, 0x40,

    /* U+0437 "з" */
    0x0, 0x53, 0x91, 0x76, 0x7f, 0xfd, 0xb2, 0xc6,
    0x88, 0x1f, 0xed, 0x5b, 0x22, 0x40, 0x7f, 0x12,
    0x4e, 0x5d, 0x59, 0x3, 0xc6, 0x4d, 0x76, 0x7f,
    0xfd, 0xa2, 0x3, 0x2a, 0x80, 0xfc, 0x9b, 0x22,
    0x40, 0x7f, 0xf1, 0x51, 0x3, 0xff, 0x80, 0xa6,
    0xde, 0xfe, 0xd1, 0x2, 0xa6, 0x88, 0xf, 0xfe,
    0x9, 0x3f, 0x1, 0xfe, 0x60, 0x7f, 0xf0, 0x95,
    0xff, 0xed, 0x62, 0x20, 0xa9, 0x73, 0x20, 0x7f,
    0xf2, 0xa, 0x76, 0x90, 0x18, 0xd4, 0x6, 0x2e,
    0x43, 0x44, 0x80, 0xfe, 0x2a, 0x54, 0x7, 0x32,
    0x6, 0x7d, 0xb4, 0xbb, 0x3f, 0xfe, 0xd5, 0x90,
    0x32, 0x90, 0x80, 0xcb, 0x46, 0x89, 0x80, 0xff,
    0x12, 0x4e, 0x6f, 0x59, 0x3, 0x0,

    /* U+0438 "и" */
    0xe, 0xff, 0xd5, 0x81, 0xff, 0xc0, 0x33, 0x7f,
    0xfa, 0x10, 0x3f, 0xf9, 0x25, 0xf6, 0x40, 0xff,
    0xe8, 0x97, 0xe1, 0x3, 0xff, 0xa2, 0x5f, 0x84,
    0x8, 0xb6, 0x20, 0x7f, 0xf2, 0x8b, 0xf0, 0x81,
    0x19, 0xe8, 0x1f, 0xfc, 0x72, 0x0, 0xbf, 0x8,
    0x11, 0x9d, 0x90, 0x4, 0xf, 0xfe, 0x31, 0x72,
    0x8, 0x11, 0x7d, 0x90, 0x3f, 0xf9, 0x5e, 0x42,
    0x2, 0x2f, 0xc2, 0x7, 0xff, 0x2d, 0x28, 0xc,
    0xe4, 0x10, 0x3f, 0xfa, 0x4e, 0xc4, 0x7, 0xff,
    0x49, 0x58, 0x80, 0xff, 0xe4, 0x80,

    /* U+0439 "й" */
    0x3, 0x14, 0xe4, 0x9a, 0x20, 0x7f, 0x8a, 0x72,
    0x4d, 0x10, 0x3f, 0x8d, 0x6e, 0x91, 0x48, 0x1f,
    0x8d, 0x90, 0xdd, 0x70, 0x1f, 0xc5, 0xd4, 0x4,
    0x5e, 0xcb, 0x26, 0xbb, 0x19, 0x2, 0x52, 0x8,
    0x1f, 0xe7, 0x74, 0x68, 0x99, 0x37, 0x91, 0x32,
    0x77, 0x54, 0x7, 0xff, 0x8, 0xb9, 0x76, 0x7f,
    0xfb, 0x65, 0x88, 0x81, 0xfc, 0xef, 0xfd, 0x58,
    0x1f, 0xfc, 0x3, 0x37, 0xff, 0xa1, 0x3, 0xff,
    0x92, 0x5f, 0x64, 0xf, 0xfe, 0x89, 0x7e, 0x10,
    0x3f, 0xfa, 0x25, 0xf8, 0x40, 0x8b, 0x62, 0x7,
    0xff, 0x28, 0xbf, 0x8, 0x11, 0x9e, 0x81, 0xff,
    0xc7, 0x20, 0xb, 0xf0, 0x81, 0x19, 0xd9, 0x0,
    0x40, 0xff, 0xe3, 0x17, 0x20, 0x81, 0x17, 0xd9,
    0x3, 0xff, 0x95, 0xe4, 0x20, 0x22, 0xfc, 0x20,
    0x7f, 0xf2, 0xd2, 0x80, 0xce, 0x41, 0x3, 0xff,
    0xa4, 0xec, 0x40, 0x7f, 0xf4, 0x95, 0x88, 0xf,
    0xfe, 0x48,

    /* U+043A "к" */
    0xe, 0xff, 0xd9, 0x90, 0x3f, 0x94, 0xdf, 0xf6,
    0x64, 0xf, 0xfe, 0x39, 0x76, 0x99, 0x2, 0x57,
    0x32, 0x7, 0xff, 0x15, 0x4f, 0x10, 0x11, 0x9a,
    0xa0, 0x3f, 0xf8, 0xca, 0xd3, 0x20, 0x4a, 0xe6,
    0x40, 0xff, 0xe2, 0x77, 0x35, 0x40, 0x46, 0x6a,
    0x80, 0xff, 0xe3, 0xa8, 0xc8, 0x19, 0x56, 0x40,
    0xff, 0xe4, 0xdf, 0x50, 0x19, 0x4d, 0x8, 0x1f,
    0xfc, 0xa5, 0x74, 0x20, 0x45, 0xea, 0x80, 0xff,
    0xe5, 0x17, 0xaa, 0x3, 0x2b, 0xa1, 0x3, 0xff,
    0x94, 0xae, 0x64, 0x8, 0xbd, 0x50, 0x1f, 0xfc,
    0xa3, 0x35, 0x40, 0x65, 0x74, 0x20,

    /* U+043B "л" */
    0x3, 0xfe, 0x33, 0x7f, 0xff, 0xc8, 0xcc, 0xf,
    0xfe, 0x13, 0x4, 0xf, 0xfe, 0xc9, 0x3, 0x95,
    0xff, 0xe8, 0x80, 0xff, 0xe4, 0x96, 0x6, 0x24,
    0xc0, 0xff, 0xe8, 0x9e, 0x40, 0xee, 0x40, 0xff,
    0xe8, 0xa2, 0x7, 0x22, 0x7, 0xff, 0x45, 0x74,
    0x6, 0x3d, 0x1, 0xff, 0xd0, 0x39, 0x1, 0xc9,
    0x0, 0xff, 0xe8, 0x28, 0xc8, 0x19, 0xe2, 0x7,
    0xff, 0x2d, 0x4f, 0xea, 0x80, 0xc6, 0x54, 0x7,
    0xff, 0x31, 0x81, 0xe2, 0x9d, 0xcc, 0x81, 0xff,
    0xcb,

    /* U+043C "м" */
    0xe, 0xff, 0xfd, 0x50, 0x1f, 0xfc, 0x37, 0xbf,
    0xfd, 0xa1, 0x3, 0xff, 0x80, 0xba, 0x3, 0xff,
    0x80, 0x5d, 0x20, 0x7f, 0xf3, 0x17, 0x60, 0x7f,
    0x8d, 0xa2, 0x7, 0xff, 0x21, 0x34, 0x4, 0xab,
    0x3, 0xf1, 0xac, 0x80, 0x2d, 0x88, 0x1f, 0xfc,
    0x33, 0xba, 0x2, 0x35, 0x90, 0x39, 0x56, 0x4,
    0x6e, 0xe0, 0x7f, 0xf1, 0x97, 0x40, 0x46, 0xd1,
    0x2, 0x5d, 0x81, 0x1a, 0xd8, 0xf, 0xfe, 0x42,
    0xec, 0x8, 0xaa, 0x42, 0xe8, 0x9, 0x56, 0x7,
    0xff, 0x2d, 0x56, 0x4, 0x5c, 0xbd, 0x1, 0x2e,
    0xc0, 0xff, 0xe6, 0x9a, 0xc8, 0x12, 0x50, 0x12,
    0xe8, 0xf, 0xfe, 0x79, 0xb4, 0x40, 0xf9, 0xf4,
    0x7, 0xff, 0x44, 0xba, 0x40, 0xe7, 0x50, 0x1f,
    0xfc, 0x30,

    /* U+043D "н" */
    0xe, 0xff, 0xd9, 0x90, 0x3f, 0xf8, 0xf, 0x7f,
    0xd9, 0x81, 0xff, 0xff, 0x3, 0xff, 0xaa, 0x66,
    0xff, 0xff, 0x81, 0x8, 0x1f, 0xfe, 0x53, 0x37,
    0xff, 0xfc, 0x8, 0x40, 0xff, 0xff, 0x81, 0xff,
    0xf5,

    /* U+043E "о" */
    0x3, 0xf8, 0xb9, 0x76, 0x7f, 0xf6, 0xb1, 0xa2,
    0x7, 0xff, 0x9, 0x5d, 0x91, 0xa2, 0x40, 0x7c,
    0x53, 0x97, 0x64, 0x20, 0x7f, 0x2b, 0x48, 0x81,
    0x15, 0x36, 0x7f, 0x6b, 0x10, 0x18, 0xbd, 0x10,
    0x1e, 0x71, 0x1, 0xce, 0x56, 0x48, 0x8, 0xa7,
    0x69, 0x1, 0xcf, 0xa0, 0x32, 0xe4, 0xe, 0x59,
    0x1, 0xff, 0x2c, 0x80, 0xe7, 0x88, 0x18, 0x81,
    0xe2, 0x7, 0xff, 0x8, 0x81, 0xe2, 0x18, 0x13,
    0x20, 0x78, 0x81, 0xff, 0xc2, 0x20, 0x7e, 0x60,
    0x47, 0xa0, 0x39, 0x64, 0x7, 0xfc, 0xb2, 0x3,
    0x96, 0x20, 0x67, 0xd0, 0x1c, 0xe5, 0x64, 0x80,
    0x8a, 0x76, 0x90, 0x1c, 0xfa, 0x3, 0xca, 0xd3,
    0x20, 0x45, 0x4d, 0x9f, 0xda, 0xc4, 0x6, 0x2e,
    0xc4, 0x7, 0xf2, 0x9b, 0x2b, 0x44, 0x80, 0xf8,
    0x92, 0x77, 0x64, 0x40, 0x70,

    /* U+043F "п" */
    0xe, 0xff, 0xff, 0xcf, 0x84, 0xf, 0xfe, 0xf1,
    0x9b, 0xff, 0xfa, 0xa0, 0x3f, 0xff, 0xe0, 0x7f,
    0xff, 0xc0, 0xff, 0xff, 0x81, 0xff, 0xe4,

    /* U+0440 "р" */
    0xe, 0xff, 0xb3, 0x0, 0x54, 0xbb, 0xff, 0x6b,
    0x11, 0x3, 0xff, 0x82, 0x6d, 0xb5, 0x68, 0x81,
    0xe2, 0x9d, 0xd5, 0x90, 0x3f, 0xe2, 0x95, 0x2e,
    0xfe, 0xd6, 0x20, 0x39, 0x48, 0x40, 0x7f, 0xca,
    0x56, 0x88, 0x11, 0x4e, 0xc4, 0x7, 0x2e, 0x80,
    0xff, 0x14, 0x7, 0xfc, 0xb1, 0x3, 0x99, 0x20,
    0x3f, 0x1e, 0x7, 0xff, 0x0, 0x86, 0x7, 0xb8,
    0x1f, 0xc7, 0x81, 0xff, 0xc0, 0x21, 0x81, 0xee,
    0x7, 0xf9, 0x21, 0x3, 0xfc, 0xa9, 0x3, 0x99,
    0x20, 0x3f, 0x8c, 0xf1, 0x12, 0x0, 0x53, 0xb0,
    0x81, 0xcb, 0xa0, 0x3f, 0x89, 0xce, 0xec, 0xfd,
    0xac, 0x40, 0x72, 0x90, 0x80, 0xff, 0xaf, 0xd1,
    0x92, 0x3, 0xc5, 0x3b, 0xab, 0x20, 0x7f, 0xf0,
    0x8b, 0x9b, 0x3f, 0xf6, 0xb1, 0x10, 0x3f, 0xff,
    0xe0, 0x7f, 0xfc, 0xc0,

    /* U+0441 "с" */
    0x3, 0xf8, 0xa9, 0x6b, 0x7f, 0xf6, 0xcb, 0x51,
    0x10, 0x3e, 0x57, 0xea, 0xd2, 0x10, 0x3e, 0x24,
    0x90, 0x98, 0xe, 0x56, 0x90, 0x1c, 0xa5, 0xd9,
    0xf6, 0xac, 0x97, 0x60, 0x73, 0xe8, 0xe, 0x56,
    0x9a, 0x24, 0x9, 0x93, 0x72, 0x3, 0x8f, 0x40,
    0x72, 0xe8, 0xf, 0xfe, 0x3b, 0x20, 0x78, 0x81,
    0xff, 0xd1, 0x20, 0x7f, 0xf2, 0x56, 0x20, 0x72,
    0xe8, 0xf, 0xfe, 0x42, 0xa4, 0xe, 0x56, 0x9a,
    0x24, 0x0, 0x92, 0x47, 0x21, 0x1, 0xc5, 0xf8,
    0x40, 0xe5, 0x2e, 0xcf, 0xdb, 0x2d, 0x46, 0x88,
    0x1f, 0x17, 0xb2, 0xc6, 0x88, 0x1f, 0x89, 0x27,
    0x10, 0x0,

    /* U+0442 "т" */
    0x33, 0xff, 0xfe, 0x7d, 0x60, 0x62, 0x7, 0xff,
    0x3c, 0x80, 0x33, 0x7f, 0xfa, 0xa0, 0x38, 0xcd,
    0xff, 0xea, 0x80, 0xff, 0xff, 0x81, 0xff, 0xff,
    0x3, 0xff, 0xfe, 0x7, 0xff, 0x74,

    /* U+0443 "у" */
    0x0, 0x5e, 0xff, 0xd0, 0x81, 0xff, 0xc1, 0x53,
    0xff, 0x66, 0x7, 0x17, 0x50, 0x1c, 0xea, 0x3,
    0xfe, 0x59, 0x81, 0xca, 0xb0, 0x3e, 0x7d, 0x1,
    0xcf, 0x20, 0x3f, 0x96, 0x60, 0x72, 0xec, 0xf,
    0xe5, 0xd0, 0x1c, 0xf2, 0x3, 0xe5, 0x98, 0x1c,
    0xba, 0x3, 0xfe, 0x51, 0x81, 0xcf, 0x20, 0x39,
    0x66, 0x7, 0x3e, 0x80, 0xff, 0xe0, 0x9a, 0xc8,
    0x19, 0xf4, 0x4, 0xb3, 0x3, 0x9d, 0x40, 0x7f,
    0xf0, 0xcd, 0xa2, 0x6, 0x5d, 0x5, 0x98, 0x18,
    0xba, 0x40, 0xff, 0xe2, 0x97, 0x50, 0x19, 0x67,
    0x98, 0x18, 0xaa, 0x40, 0xff, 0xe4, 0x3e, 0x80,
    0xca, 0xa0, 0x31, 0xb4, 0x40, 0xff, 0xe5, 0x2e,
    0xc0, 0x89, 0x80, 0x8d, 0x64, 0xf, 0xfe, 0x62,
    0xac, 0xf, 0x95, 0x60, 0x7f, 0xf4, 0x39, 0x3,
    0x96, 0x60, 0x7f, 0xf3, 0xcd, 0xa2, 0x6, 0x5d,
    0x81, 0xff, 0xcd, 0x2e, 0xf6, 0x40, 0x8b, 0x88,
    0xf, 0xfe, 0x39, 0x9b, 0xfd, 0xa2, 0x20, 0x46,
    0x78, 0x40, 0xff, 0xe4, 0xf0, 0x3c, 0x49, 0x3b,
    0xb1, 0x90, 0x3f, 0xf8, 0xe0,

    /* U+0444 "ф" */
    0x3, 0xff, 0x8e, 0xa7, 0xfd, 0x10, 0x1f, 0xfd,
    0x92, 0x7, 0x10, 0x3f, 0xff, 0xe0, 0x7f, 0xf7,
    0x8a, 0x72, 0xec, 0xfe, 0xa8, 0xe, 0x57, 0xfb,
    0x58, 0xd1, 0x3, 0xff, 0x84, 0xa6, 0xcb, 0x1a,
    0x24, 0x7, 0xff, 0xc, 0xa7, 0x2e, 0xc8, 0x80,
    0xfe, 0x56, 0x99, 0x3, 0x15, 0x37, 0xea, 0x80,
    0xe5, 0x7e, 0xb1, 0x1, 0x8b, 0xb9, 0x90, 0x39,
    0xf4, 0x7, 0x19, 0xab, 0x20, 0x7f, 0xf0, 0xa,
    0x77, 0x42, 0x6, 0x32, 0xa0, 0x25, 0x90, 0x1c,
    0xab, 0x3, 0xff, 0x90, 0x5d, 0x20, 0x72, 0xc4,
    0xf, 0xf1, 0x20, 0x3f, 0xf9, 0x65, 0x81, 0xc4,
    0x30, 0x3f, 0xc4, 0xf, 0xfe, 0x61, 0x60, 0x7c,
    0xc0, 0x2c, 0x80, 0xe5, 0xd0, 0x1f, 0xfc, 0x97,
    0x48, 0x1c, 0xb1, 0x2, 0x71, 0x81, 0xca, 0xe8,
    0x88, 0x1f, 0xfc, 0x12, 0xa6, 0x84, 0xc, 0x5c,
    0x40, 0x71, 0x9a, 0x20, 0x31, 0x77, 0x7e, 0xa8,
    0xe, 0x57, 0xf6, 0xac, 0x81, 0x8c, 0xf0, 0x81,
    0xf8, 0xbb, 0xf4, 0x68, 0x81, 0xff, 0xc5, 0x29,
    0xcb, 0xf3, 0x20, 0x7f, 0xf0, 0x8b, 0x97, 0x7f,
    0x68, 0x40, 0xe5, 0x37, 0xf6, 0xb1, 0xa0, 0x3f,
    0xf9, 0xc4, 0x30, 0x3c, 0x48, 0xf, 0xff, 0xf8,
    0x1f, 0xff, 0xf0,

    /* U+0445 "х" */
    0x3, 0x29, 0xff, 0xb4, 0x20, 0x7f, 0x95, 0xff,
    0xd9, 0x90, 0x3e, 0x52, 0xa0, 0x31, 0x7e, 0x10,
    0x3c, 0xad, 0x20, 0x31, 0x9d, 0x90, 0x3f, 0x95,
    0xa4, 0x6, 0x2f, 0xb2, 0x1, 0x5a, 0x40, 0x63,
    0x3b, 0x20, 0x7f, 0xf0, 0x55, 0xa4, 0x6, 0x33,
    0xdb, 0x20, 0x31, 0x9d, 0x90, 0x3f, 0xf8, 0xaa,
    0xd2, 0x3, 0x14, 0x80, 0x63, 0x3b, 0x20, 0x7f,
    0xf2, 0x54, 0x60, 0x7f, 0x2a, 0xc8, 0x1f, 0xfc,
    0xa2, 0xfb, 0x3, 0xf9, 0x4a, 0x80, 0xff, 0xe4,
    0x17, 0xe1, 0x3, 0x39, 0x4, 0xc, 0xad, 0x20,
    0x3f, 0xf8, 0x85, 0xf8, 0x40, 0xca, 0xc6, 0xde,
    0x10, 0x32, 0xb4, 0x80, 0xff, 0xe0, 0x17, 0xe1,
    0x3, 0x2b, 0x48, 0x8, 0xbf, 0x8, 0x19, 0x5a,
    0x40, 0x7e, 0x2f, 0xc2, 0x6, 0x52, 0xa0, 0x3e,
    0x2f, 0xb2, 0x6, 0x56, 0x90, 0x10,

    /* U+0446 "ц" */
    0xe, 0xff, 0xd9, 0x90, 0x3f, 0xf8, 0xe, 0xff,
    0xd9, 0x90, 0x3f, 0xff, 0xe0, 0x7f, 0xff, 0xc0,
    0xff, 0xff, 0x81, 0xff, 0xff, 0x3, 0xff, 0x9c,
    0x66, 0xff, 0xff, 0x81, 0x10, 0x1c, 0x66, 0xfd,
    0x50, 0x1f, 0xfd, 0xe7, 0x7f, 0xff, 0xe6, 0xd4,
    0x7, 0xff, 0xfc, 0xf, 0xfe, 0xe3, 0x27, 0xe0,
    0x20,

    /* U+0447 "ч" */
    0x2, 0x77, 0xfe, 0xcc, 0x81, 0xff, 0xc0, 0x57,
    0xfe, 0xd0, 0x81, 0xff, 0xff, 0x3, 0xff, 0xb2,
    0x40, 0xfb, 0x81, 0xff, 0xcf, 0x64, 0x80, 0xc5,
    0x54, 0x40, 0xc4, 0x93, 0x96, 0x20, 0x3f, 0xf8,
    0x6, 0x42, 0x3, 0x17, 0x77, 0xfb, 0x65, 0x8d,
    0x10, 0x3f, 0xf8, 0x6a, 0xfb, 0x1a, 0x27, 0xe4,
    0xe5, 0xde, 0xa0, 0x3f, 0xf8, 0xa9, 0xcb, 0xb7,
    0xd6, 0x34, 0x40, 0xff, 0xff, 0x81, 0xfc,

    /* U+0448 "ш" */
    0xe, 0xff, 0xd9, 0x90, 0x3f, 0x8c, 0xdf, 0xf5,
    0x40, 0x7f, 0x95, 0xff, 0xd0, 0x81, 0xff, 0xff,
    0x3, 0xff, 0xfe, 0x7, 0xff, 0xfc, 0xf, 0xff,
    0xf8, 0x1f, 0xff, 0xf0, 0x3f, 0xfb, 0xc6, 0x6f,
    0xff, 0xb3, 0x20, 0x72, 0xbf, 0xff, 0xaa, 0x3,
    0xff, 0xe0,

    /* U+0449 "щ" */
    0xe, 0xff, 0xd9, 0x90, 0x3f, 0x8c, 0xdf, 0xf5,
    0x40, 0x7f, 0x95, 0xff, 0xd0, 0x81, 0xff, 0xff,
    0x3, 0xff, 0xfe, 0x7, 0xff, 0xfc, 0xf, 0xff,
    0xf8, 0x1f, 0xff, 0xf0, 0x3f, 0xff, 0xe0, 0x7f,
    0xf2, 0x4c, 0xdf, 0xff, 0x66, 0x40, 0xe5, 0x7f,
    0xff, 0x54, 0x7, 0x9e, 0xfd, 0x58, 0x1f, 0xfe,
    0xb6, 0x8, 0x13, 0xbf, 0xff, 0xf7, 0xb3, 0x3,
    0xff, 0xfe, 0x7, 0xff, 0xfc, 0xf, 0xfe, 0x47,
    0x44, 0xe6, 0x8, 0x0,

    /* U+044A "ъ" */
    0x0, 0x66, 0xff, 0xff, 0x87, 0x99, 0x3, 0xff,
    0x9b, 0xc0, 0xff, 0xef, 0x97, 0xbf, 0xfd, 0x10,
    0x1f, 0xff, 0xf0, 0x3f, 0xf9, 0x6, 0x7d, 0xbf,
    0xad, 0xa3, 0x44, 0xf, 0xfe, 0x81, 0x3f, 0xe4,
    0xa7, 0x2e, 0xc8, 0x80, 0xff, 0xe5, 0x99, 0xbf,
    0xfd, 0xb2, 0x20, 0x31, 0x71, 0x81, 0xff, 0xd5,
    0x24, 0xfa, 0x3, 0x8f, 0x20, 0x7f, 0xf5, 0x97,
    0x40, 0x71, 0xe4, 0xf, 0xfe, 0x49, 0x9f, 0x6f,
    0xbf, 0xaa, 0x3, 0x9c, 0x60, 0x7f, 0xf3, 0x9,
    0xfc, 0x4, 0x49, 0x39, 0x7c, 0x40, 0x40,

    /* U+044B "ы" */
    0xe, 0xff, 0xd9, 0x90, 0x3f, 0xf9, 0x4a, 0xff,
    0xda, 0x10, 0x3f, 0xff, 0xe0, 0x7f, 0xfe, 0x8c,
    0xfb, 0x7e, 0xb5, 0x1a, 0x20, 0x7f, 0xf4, 0x89,
    0xfe, 0x48, 0xe5, 0xde, 0xa0, 0x3f, 0xf9, 0xa6,
    0x6f, 0xfe, 0xd1, 0x10, 0x32, 0x90, 0x40, 0xff,
    0xea, 0x97, 0x10, 0x1c, 0x49, 0x81, 0xff, 0xd6,
    0x35, 0x1, 0xc4, 0x98, 0x1f, 0xfc, 0xb3, 0x3e,
    0xde, 0xfd, 0x99, 0x3, 0x29, 0x4, 0xf, 0xfe,
    0x69, 0x3f, 0x1, 0x14, 0x8e, 0xea, 0x80, 0xff,
    0xe2, 0x80,

    /* U+044C "ь" */
    0xe, 0xff, 0xd9, 0x90, 0x3f, 0xff, 0xe0, 0x7f,
    0xfa, 0x8c, 0xfb, 0x7f, 0x5b, 0x46, 0x88, 0x1f,
    0xfc, 0x42, 0x7f, 0xc9, 0x4e, 0x5d, 0x91, 0x1,
    0xff, 0x19, 0xbf, 0xfe, 0xd1, 0x1, 0x8b, 0x8c,
    0x81, 0xff, 0xc9, 0x2f, 0xb0, 0x38, 0xf6, 0x7,
    0xff, 0x29, 0x64, 0x7, 0x1e, 0xc0, 0xfe, 0x33,
    0xed, 0xf7, 0xf5, 0x64, 0xc, 0xa3, 0x20, 0x7f,
    0xc4, 0xfe, 0x3, 0x14, 0xe5, 0xf5, 0x1, 0x0,

    /* U+044D "э" */
    0x0, 0x5c, 0xb5, 0xb3, 0xff, 0xb5, 0xa8, 0x88,
    0x1f, 0xe7, 0xda, 0x42, 0x40, 0x7c, 0x52, 0x3b,
    0xb2, 0x10, 0x3e, 0x53, 0x5d, 0x9f, 0xfd, 0xab,
    0x20, 0x45, 0xf8, 0x40, 0xf8, 0xa2, 0x40, 0x7c,
    0x54, 0x84, 0x6, 0x2e, 0x90, 0x3e, 0x53, 0x6f,
    0xfa, 0x20, 0x3c, 0x58, 0x1f, 0x13, 0xff, 0xc2,
    0x3, 0xe6, 0x40, 0xf9, 0xdf, 0xff, 0xec, 0xc0,
    0xf3, 0x3, 0xff, 0x90, 0x6a, 0x3, 0x89, 0x20,
    0x22, 0xe3, 0x44, 0xf, 0x8a, 0x9d, 0x90, 0x31,
    0xb4, 0x40, 0x9e, 0x72, 0xef, 0xfe, 0xd5, 0x90,
    0x31, 0x9d, 0x90, 0x33, 0xed, 0x21, 0x3, 0xf1,
    0x24, 0xe5, 0xf9, 0x90, 0x38,

    /* U+044E "ю" */
    0xe, 0xff, 0xd9, 0x90, 0x3f, 0xe4, 0xe5, 0xdf,
    0xfd, 0xb2, 0xc4, 0x40, 0xff, 0xe7, 0x17, 0xbd,
    0x8d, 0x10, 0x3e, 0x24, 0x9d, 0xd9, 0x10, 0x1f,
    0xfc, 0x92, 0xfc, 0x20, 0x65, 0x37, 0xfe, 0xd0,
    0x81, 0x17, 0x62, 0x3, 0xff, 0x8c, 0x55, 0x20,
    0x62, 0xe3, 0x20, 0x78, 0xb8, 0xc0, 0xe7, 0xd0,
    0x1f, 0xe3, 0x37, 0xfb, 0x42, 0x7, 0x3c, 0x40,
    0xff, 0x2e, 0x80, 0xe6, 0x48, 0xf, 0xfe, 0x61,
    0x3, 0xff, 0x82, 0x40, 0xf1, 0xe0, 0x7f, 0x8c,
    0xdf, 0xec, 0xc0, 0xf1, 0x3, 0xff, 0x82, 0x40,
    0xf1, 0x3, 0xff, 0x8c, 0x72, 0x3, 0x96, 0x40,
    0x7f, 0x96, 0x40, 0x73, 0xc4, 0xf, 0xfe, 0x2a,
    0xec, 0xe, 0x72, 0xb2, 0x40, 0x9, 0x3b, 0x48,
    0xe, 0x7d, 0x1, 0xff, 0xc7, 0x52, 0xb2, 0x4,
    0x54, 0xd9, 0xfb, 0x64, 0x40, 0x62, 0xec, 0x40,
    0x7f, 0xf2, 0x94, 0xd9, 0x5a, 0x24, 0x7, 0x89,
    0x27, 0x36, 0x44, 0x7, 0x0,

    /* U+044F "я" */
    0x3, 0xf8, 0xb9, 0x76, 0x7f, 0xff, 0xc5, 0xa8,
    0xf, 0xca, 0x6c, 0x8d, 0x12, 0x2, 0x27, 0xc0,
    0x7f, 0xf1, 0x57, 0x64, 0xc, 0xaf, 0xf6, 0xdf,
    0x32, 0x7, 0xff, 0x4, 0x93, 0x3, 0x97, 0x40,
    0x7f, 0xf3, 0x49, 0x30, 0x39, 0x48, 0x44, 0xf,
    0xfe, 0x62, 0x90, 0x80, 0xc5, 0xdd, 0xff, 0xd9,
    0x90, 0x3f, 0xf8, 0x65, 0xdf, 0x59, 0x3, 0xe2,
    0x78, 0xf, 0xfe, 0x41, 0xc8, 0x81, 0x95, 0xfb,
    0x6e, 0xc8, 0x1f, 0xfc, 0x43, 0x3b, 0x20, 0x4a,
    0x42, 0x3, 0xff, 0x94, 0x67, 0x64, 0x8, 0xc8,
    0x64, 0xf, 0xfe, 0x49, 0x9d, 0x90, 0x22, 0xfb,
    0x20, 0x7f, 0xf2, 0x0,

    /* U+0451 "ё" */
    0x3, 0xe2, 0xef, 0xf6, 0x64, 0x8, 0xcd, 0xfd,
    0x58, 0x1f, 0xfc, 0x5e, 0x80, 0x8e, 0x60, 0x4c,
    0x90, 0x12, 0xe4, 0xf, 0xfe, 0x19, 0x9a, 0xdb,
    0x54, 0x4, 0xae, 0xb6, 0xd0, 0x81, 0xff, 0xc6,
    0x3b, 0xf6, 0xff, 0xe9, 0xf2, 0x20, 0x7f, 0xf0,
    0xd5, 0xfa, 0x34, 0x48, 0xf, 0x12, 0x4e, 0x6c,
    0x88, 0xf, 0xf2, 0xb4, 0x80, 0xca, 0x6f, 0xfd,
    0xa2, 0x2, 0x2e, 0xc2, 0x7, 0xcf, 0xa0, 0x31,
    0x95, 0x90, 0x3c, 0x5c, 0x64, 0xc, 0xe9, 0x3,
    0x97, 0x40, 0x71, 0xbb, 0x7f, 0xdd, 0x10, 0x38,
    0xb0, 0x3c, 0x40, 0xf8, 0x9f, 0xfe, 0x10, 0x1f,
    0x10, 0x3c, 0x40, 0xf2, 0xbf, 0xff, 0xf1, 0xeb,
    0x3, 0x97, 0x40, 0x72, 0xc4, 0xf, 0xfe, 0x73,
    0xe8, 0xe, 0x7e, 0xb2, 0x7, 0xe2, 0x49, 0xc6,
    0x80, 0xfe, 0x56, 0x99, 0x2, 0x2a, 0x6f, 0xff,
    0x6c, 0xb1, 0xd2, 0x40, 0x7f, 0x94, 0xd9, 0x63,
    0x44, 0x80, 0xfc, 0x49, 0x39, 0x8, 0x81, 0x80,

    /* U+2022 "•" */
    0x3, 0xc5, 0x48, 0xb5, 0x21, 0xa0, 0x3f, 0x17,
    0x75, 0x6c, 0x91, 0xb4, 0xbe, 0x20, 0x39, 0x64,
    0x7, 0xfc, 0xf1, 0x3, 0x98, 0x1f, 0xfc, 0x26,
    0x6, 0x48, 0x7, 0xff, 0x1, 0x74, 0x6, 0x33,
    0x44, 0x40, 0xc5, 0x3b, 0x18, 0x0,

    /* U+F001 "" */
    0x3, 0xff, 0xda, 0x4e, 0x3, 0xff, 0xd0, 0x52,
    0x39, 0x76, 0x7e, 0xdb, 0xa1, 0x3, 0xff, 0xb6,
    0x53, 0x69, 0x76, 0x7e, 0xd6, 0xa3, 0x44, 0x80,
    0xf1, 0x26, 0x7, 0xff, 0x44, 0xa7, 0x22, 0xef,
    0xed, 0x64, 0x34, 0x48, 0xf, 0xfe, 0xe2, 0x72,
    0xef, 0xed, 0x63, 0x64, 0x40, 0xff, 0xf2, 0xa9,
    0x63, 0x44, 0xf, 0xff, 0x81, 0x3, 0xff, 0xa2,
    0x52, 0x39, 0x63, 0x20, 0x7f, 0xf8, 0xca, 0x6d,
    0x2e, 0xfe, 0xd6, 0xa3, 0x48, 0x7, 0xff, 0x6c,
    0xa7, 0x22, 0xef, 0xed, 0x64, 0x34, 0x40, 0xff,
    0xf0, 0x97, 0xbe, 0xb1, 0xb2, 0x20, 0x7f, 0xff,
    0xc0, 0xff, 0xff, 0x81, 0xff, 0xff, 0x3, 0xff,
    0xc8, 0x53, 0x96, 0xfa, 0x22, 0x7, 0xff, 0x99,
    0x5f, 0xac, 0x69, 0x7c, 0x40, 0xff, 0xe4, 0x93,
    0xf0, 0x1f, 0xfc, 0x92, 0xe2, 0x3, 0xff, 0x9e,
    0x54, 0xbb, 0xf6, 0xde, 0x88, 0xf, 0xfe, 0x41,
    0x24, 0x7, 0xff, 0x1c, 0xe6, 0x6, 0x2f, 0xd6,
    0x88, 0x1f, 0xfd, 0x35, 0x34, 0x64, 0xf, 0xf8,
    0xa7, 0x73, 0x20, 0x67, 0xc8, 0x1f, 0xfc, 0x8e,
    0x40, 0xff, 0xe1, 0x97, 0x37, 0xf6, 0xdd, 0xfd,
    0xac, 0x40, 0x7c, 0xac, 0x20, 0x7f, 0xf1, 0xb,
    0x8c, 0xf, 0xfe, 0x59, 0x3c, 0x7, 0xff, 0xc,
    0xbd, 0xf5, 0x8d, 0x92, 0xe6, 0xd2, 0xfd, 0x10,
    0x1f, 0xfd, 0xd0,

    /* U+F008 "" */
    0x0, 0x5e, 0xf1, 0x1, 0xc6, 0x7f, 0xff, 0xd8,
    0x88, 0xe, 0x53, 0xe6, 0x40, 0xcf, 0x10, 0xe6,
    0xdd, 0xd8, 0x1f, 0xfd, 0x87, 0x36, 0xe8, 0xc1,
    0xcc, 0xf, 0xc5, 0xa5, 0xcc, 0x81, 0x95, 0xff,
    0xff, 0x99, 0x50, 0x18, 0xb4, 0xb9, 0x90, 0x3f,
    0xf8, 0xb, 0xc9, 0xe4, 0x7, 0xff, 0x4c, 0x81,
    0x97, 0x93, 0xba, 0x3, 0xff, 0x80, 0x40, 0xf3,
    0x3, 0xff, 0xb2, 0x40, 0xf8, 0x81, 0xff, 0xc0,
    0x57, 0xfe, 0xac, 0xf, 0xfe, 0xc2, 0xbf, 0xf5,
    0x40, 0x7f, 0xf0, 0x14, 0xb7, 0xa2, 0x3, 0x3e,
    0xdf, 0xff, 0x33, 0xa0, 0x32, 0x76, 0xf4, 0x40,
    0x7f, 0xf0, 0x9, 0x25, 0xe2, 0x6, 0x2a, 0x4f,
    0xfe, 0x62, 0x20, 0x63, 0x92, 0xe2, 0x40, 0x7f,
    0xf0, 0x9, 0x25, 0xe2, 0x6, 0x2a, 0x4f, 0xfe,
    0x62, 0x20, 0x63, 0x92, 0xe2, 0x40, 0x7f, 0xf0,
    0x14, 0xb7, 0xa2, 0x3, 0x3e, 0xdf, 0xff, 0x33,
    0xa0, 0x32, 0x76, 0xf4, 0x40, 0x7f, 0xf0, 0x15,
    0xff, 0xab, 0x3, 0xff, 0xb0, 0xaf, 0xfd, 0x50,
    0x1f, 0xfc, 0x2, 0x7, 0x98, 0x1f, 0xfd, 0x92,
    0x7, 0xc4, 0xf, 0xfe, 0x2, 0xf2, 0x79, 0x1,
    0xff, 0xd3, 0x20, 0x65, 0xe4, 0xee, 0x80, 0xff,
    0xe0, 0x16, 0x97, 0x32, 0x6, 0x57, 0xff, 0xfe,
    0x65, 0x40, 0x62, 0xd2, 0xe6, 0x40, 0xfc, 0xf1,
    0xe, 0x6d, 0xdd, 0x81, 0xff, 0xd8, 0x73, 0x6e,
    0x8c, 0x1c, 0xc0, 0x0,

    /* U+F00B "" */
    0x3, 0xff, 0xf0, 0x66, 0xff, 0xff, 0x85, 0x50,
    0x2, 0xf7, 0xff, 0xfd, 0x7d, 0x8, 0x19, 0x92,
    0x3, 0xff, 0x84, 0xf1, 0xf, 0x90, 0x3f, 0xfa,
    0xe4, 0x98, 0x1f, 0xff, 0xf0, 0x3f, 0xfe, 0x2f,
    0x10, 0x3f, 0xf8, 0x25, 0x62, 0x17, 0x40, 0x7f,
    0xf5, 0xce, 0x60, 0x62, 0xf7, 0xff, 0xfc, 0x1d,
    0x10, 0x13, 0xbf, 0xff, 0xf5, 0xf3, 0x20, 0x62,
    0xf7, 0xff, 0xfc, 0x28, 0x80, 0x9d, 0xff, 0xff,
    0xaf, 0x99, 0x3, 0x3c, 0x40, 0xff, 0xe1, 0x2c,
    0x42, 0xe8, 0xf, 0xfe, 0xb9, 0xcc, 0xf, 0xff,
    0xf8, 0x1f, 0xff, 0x17, 0x88, 0x1f, 0xfc, 0x27,
    0x88, 0x5d, 0x1, 0xff, 0xd7, 0x39, 0x81, 0x8b,
    0xdf, 0xff, 0xf0, 0xaa, 0x2, 0x77, 0xff, 0xfe,
    0xbe, 0x64, 0xc, 0x5e, 0xff, 0xff, 0x83, 0xa2,
    0x2, 0x57, 0xff, 0xfe, 0xbd, 0x64, 0xc, 0xf1,
    0x3, 0xff, 0x82, 0x56, 0x21, 0x64, 0x7, 0xff,
    0x5d, 0x66, 0x7, 0xff, 0xfc, 0xf, 0xff, 0x8b,
    0x24, 0x7, 0xff, 0x9, 0xe2, 0x1f, 0x20, 0x7f,
    0xf5, 0xc9, 0x30, 0x31, 0x9b, 0xff, 0xfe, 0x15,
    0x40, 0xb, 0xdf, 0xff, 0xf5, 0xf4, 0x20, 0x0,

    /* U+F00C "" */
    0x3, 0xff, 0xd0, 0xa6, 0xfa, 0xb2, 0x7, 0xff,
    0xad, 0x4d, 0x59, 0x5, 0x4d, 0x8c, 0x81, 0xff,
    0xe5, 0x53, 0x56, 0x40, 0xfc, 0x65, 0x40, 0x7f,
    0xf8, 0x54, 0xd5, 0x90, 0x3f, 0xe5, 0x2a, 0x3,
    0xff, 0xbc, 0xa6, 0xac, 0x81, 0xff, 0x29, 0xab,
    0x20, 0x7f, 0x17, 0x77, 0xd1, 0x1, 0xff, 0xcb,
    0x53, 0x56, 0x40, 0xff, 0x94, 0xd5, 0x90, 0x3f,
    0x8b, 0xba, 0x22, 0xb, 0xba, 0x20, 0x3f, 0xf8,
    0xaa, 0x6a, 0xc8, 0x1f, 0xf2, 0x9a, 0xb2, 0x7,
    0xfc, 0xac, 0x40, 0x7e, 0x2e, 0xe8, 0x80, 0xff,
    0x94, 0xd5, 0x90, 0x3f, 0xe5, 0x35, 0x64, 0xf,
    0xfe, 0x12, 0xb1, 0x1, 0xff, 0x17, 0x74, 0x40,
    0x72, 0x9a, 0xb2, 0x7, 0xfc, 0xa6, 0xac, 0x81,
    0xff, 0xc6, 0x2e, 0xe8, 0x80, 0xff, 0x8b, 0xba,
    0xcb, 0xab, 0x20, 0x7f, 0xca, 0xea, 0xc8, 0x1f,
    0xfc, 0xc2, 0xee, 0xa8, 0xf, 0xf8, 0xa6, 0x88,
    0x1f, 0xf2, 0xba, 0xa2, 0x7, 0xff, 0x48, 0xab,
    0xaa, 0x3, 0xff, 0x92, 0xae, 0xa8, 0x81, 0xff,
    0xd8, 0x2a, 0xea, 0x80, 0xff, 0xe1, 0xab, 0xaa,
    0x20, 0x7f, 0xf7, 0x8a, 0xba, 0xa0, 0x3f, 0x95,
    0xd5, 0x10, 0x3f, 0xfc, 0x85, 0x5d, 0x59, 0x5,
    0x5d, 0x51, 0x3, 0xff, 0xaa,

    /* U+F00D "" */
    0x3, 0xc5, 0xc8, 0x68, 0x81, 0xff, 0xca, 0x4e,
    0x43, 0x40, 0x7f, 0x8c, 0xd9, 0x1b, 0x4b, 0xab,
    0x20, 0x7f, 0xf1, 0x15, 0xd6, 0x36, 0x97, 0x44,
    0x7, 0x95, 0x64, 0xf, 0x94, 0xd5, 0x90, 0x3f,
    0xca, 0xea, 0x88, 0x1e, 0x2f, 0xb0, 0x39, 0x58,
    0x40, 0xff, 0x29, 0xab, 0x20, 0x65, 0x75, 0x44,
    0xf, 0xe2, 0xfb, 0x3, 0xc5, 0xec, 0x64, 0xf,
    0xf2, 0x9a, 0xcb, 0xaa, 0x20, 0x7f, 0x17, 0x74,
    0x40, 0x7f, 0x8c, 0xd8, 0xc8, 0x1f, 0xe4, 0xd1,
    0x3, 0xf8, 0xbb, 0xa2, 0x3, 0xff, 0x88, 0x66,
    0xc6, 0x40, 0xff, 0xe2, 0x97, 0x74, 0x40, 0x7f,
    0xf2, 0x8c, 0x84, 0x7, 0xff, 0xc, 0xda, 0x40,
    0x7f, 0xf3, 0x14, 0xd5, 0x1, 0xff, 0xc3, 0x33,
    0x56, 0x40, 0xff, 0xe3, 0xa9, 0xab, 0x20, 0x7f,
    0xf2, 0x14, 0xd5, 0x90, 0x3f, 0xf8, 0x2a, 0x6a,
    0xc8, 0x1f, 0xc5, 0xdd, 0x8c, 0x81, 0xfe, 0x53,
    0x56, 0x40, 0xf8, 0xbd, 0x59, 0x3, 0xf8, 0xbb,
    0xa2, 0x25, 0x36, 0x32, 0x7, 0xf9, 0x4d, 0x8,
    0x1e, 0xe0, 0x7f, 0x8b, 0xba, 0x20, 0x3e, 0x33,
    0x63, 0x20, 0x7f, 0xcc, 0xe, 0x33, 0xc4, 0x6,
    0x2e, 0xe8, 0x80, 0xff, 0xe0, 0x99, 0xb1, 0x90,
    0x31, 0x7a, 0x20, 0x3e, 0x2e, 0xff, 0xb4, 0x40,
    0x7f, 0xf1, 0xcc, 0xdf, 0xed, 0x8, 0x1c,

    /* U+F011 "" */
    0x3, 0xff, 0xa0, 0x52, 0x37, 0x22, 0x7, 0xff,
    0xa4, 0xbf, 0x6a, 0x4a, 0xe8, 0x40, 0xff, 0xee,
    0x26, 0xe4, 0x7, 0xdc, 0xf, 0xe6, 0x7, 0x8b,
    0x72, 0x20, 0x7f, 0xf3, 0xb, 0xbe, 0xc9, 0x5a,
    0x40, 0x7f, 0xf2, 0x14, 0xd2, 0x57, 0x56, 0x40,
    0xff, 0xe3, 0xab, 0xa2, 0x3, 0xcb, 0xa0, 0x3f,
    0xf8, 0xc7, 0x30, 0x3c, 0xa6, 0xa8, 0xf, 0xfe,
    0x1a, 0xb4, 0x80, 0xfc, 0xa4, 0x20, 0x3f, 0xf8,
    0xc6, 0x54, 0x40, 0xf9, 0x5a, 0x60, 0x7f, 0xc6,
    0x42, 0x3, 0xe5, 0x35, 0x64, 0xf, 0xfe, 0x4a,
    0xba, 0xa0, 0x3e, 0x52, 0x10, 0x1f, 0x95, 0x64,
    0xf, 0x19, 0xc, 0x81, 0xff, 0xcf, 0x56, 0x20,
    0x3e, 0x7d, 0x1, 0xe3, 0x90, 0x1f, 0x2a, 0xc8,
    0x1f, 0xfd, 0x37, 0xd0, 0x1f, 0x2c, 0x80, 0xe6,
    0x48, 0xf, 0x1c, 0x80, 0xff, 0xeb, 0x2c, 0x80,
    0xf9, 0x10, 0x38, 0x81, 0xf9, 0x82, 0x7, 0xff,
    0x5c, 0x81, 0xfe, 0x20, 0x7f, 0xf0, 0x58, 0x1f,
    0xfc, 0x13, 0x91, 0x3e, 0x79, 0x1, 0xff, 0xc0,
    0x20, 0x7f, 0x88, 0x19, 0x10, 0x3e, 0x39, 0x1,
    0xff, 0xc0, 0x53, 0x6f, 0x44, 0x7, 0xff, 0x1,
    0x74, 0x7, 0xcc, 0x81, 0xc7, 0x20, 0x3e, 0x5d,
    0x81, 0xff, 0xd4, 0x5d, 0x81, 0xf2, 0xe8, 0xf,
    0x28, 0xc0, 0xf9, 0x4a, 0xc0, 0xff, 0xe8, 0x2b,
    0x48, 0xf, 0x97, 0x40, 0x7e, 0x32, 0x10, 0x1f,
    0x29, 0xa2, 0x20, 0x7f, 0xf2, 0x54, 0xd5, 0x1,
    0xf1, 0x90, 0x80, 0xff, 0x9d, 0xa4, 0x7, 0xc5,
    0xdd, 0x95, 0xa2, 0x40, 0x7e, 0x24, 0x9c, 0xde,
    0xb2, 0x7, 0xc6, 0x76, 0x40, 0xff, 0xe1, 0x2b,
    0xa2, 0x3, 0xf1, 0x52, 0xec, 0xff, 0xf6, 0xcb,
    0x19, 0x3, 0xf1, 0x77, 0x32, 0x7, 0xff, 0x18,
    0xbb, 0xeb, 0x20, 0x7f, 0xf4, 0xa, 0x9b, 0x22,
    0x3, 0xff, 0x9a, 0xa6, 0xfa, 0xc6, 0x88, 0x1f,
    0xfc, 0x22, 0x91, 0xcd, 0xf5, 0x64, 0xf, 0xfe,
    0xa1, 0x4e, 0x5d, 0xfe, 0xdb, 0xbf, 0xed, 0x6a,
    0x32, 0x7, 0xff, 0x18,

    /* U+F013 "" */
    0x3, 0xff, 0xa0, 0x4e, 0x3, 0xff, 0xcc, 0xf7,
    0xfb, 0x6d, 0xfe, 0xcc, 0x81, 0xff, 0xde, 0x3c,
    0xf, 0xfe, 0x17, 0x3, 0xff, 0xba, 0x52, 0x12,
    0x3, 0xff, 0x80, 0x49, 0x21, 0x3, 0xf8, 0x81,
    0xff, 0xc3, 0x33, 0x7f, 0x58, 0xd3, 0xbf, 0x58,
    0x80, 0xff, 0xe1, 0x29, 0x77, 0xad, 0x39, 0xbf,
    0x6c, 0x84, 0xf, 0xf2, 0x99, 0x90, 0x24, 0xe5,
    0x88, 0xf, 0xfe, 0x62, 0x96, 0x32, 0x4, 0x5e,
    0x88, 0xf, 0x9c, 0x60, 0x7f, 0xf9, 0x1c, 0x60,
    0x62, 0xe9, 0x3, 0xff, 0x90, 0x53, 0x93, 0x34,
    0x40, 0xff, 0xe4, 0x1b, 0x8, 0x2, 0xe4, 0x22,
    0x7, 0xff, 0xd, 0x5f, 0xac, 0x6f, 0x4b, 0xbd,
    0x40, 0x7f, 0xf0, 0xca, 0x92, 0x20, 0x64, 0xee,
    0x84, 0xf, 0xf8, 0xca, 0x80, 0xff, 0xe0, 0x2b,
    0x8, 0x1f, 0xf1, 0x9a, 0xb4, 0x7, 0xf1, 0x3,
    0xff, 0x82, 0x88, 0x1f, 0xfc, 0x42, 0x80, 0xff,
    0xe0, 0x90, 0x3f, 0xf8, 0x4, 0xf, 0xfe, 0xa,
    0x20, 0x7f, 0xf1, 0xa, 0x3, 0xff, 0x82, 0x40,
    0xfe, 0x4e, 0xe8, 0x40, 0xff, 0x8c, 0xa8, 0xf,
    0xfe, 0x2, 0xb0, 0x81, 0xff, 0x19, 0xab, 0x40,
    0x62, 0xe4, 0x22, 0x7, 0xff, 0xd, 0x5f, 0xac,
    0x6f, 0x4b, 0xbd, 0x40, 0x7f, 0xf0, 0xca, 0x92,
    0x20, 0xb, 0xa4, 0xf, 0xfe, 0x41, 0x4e, 0x4c,
    0xd1, 0x3, 0xff, 0x90, 0x6c, 0x20, 0x67, 0x18,
    0x1f, 0xfe, 0x47, 0x18, 0x1f, 0x29, 0x99, 0x2,
    0x2e, 0x58, 0x80, 0xff, 0xe6, 0x29, 0x63, 0x40,
    0x45, 0xe8, 0x80, 0xff, 0x19, 0xb3, 0xf6, 0x8d,
    0x3b, 0xfa, 0xc4, 0x7, 0xff, 0x9, 0x4b, 0xfa,
    0xb4, 0xe5, 0xfe, 0xd0, 0x81, 0xff, 0xc3, 0x20,
    0x7f, 0x92, 0x12, 0x3, 0xff, 0x80, 0x49, 0x20,
    0x1f, 0xfd, 0xd3, 0xd8, 0x1f, 0xfc, 0x1e, 0x7,
    0xff, 0x81, 0xdf, 0xf6, 0xdb, 0xfd, 0x99, 0x3,
    0xff, 0x92,

    /* U+F015 "" */
    0x3, 0xff, 0xaa, 0x52, 0x36, 0x44, 0xf, 0xf9,
    0x37, 0xf2, 0x3, 0xff, 0xbc, 0xa6, 0xcb, 0x52,
    0x2e, 0xf5, 0x90, 0x3c, 0xfc, 0x9f, 0x76, 0x7,
    0xff, 0x64, 0xbb, 0xeb, 0x20, 0x7e, 0x53, 0x64,
    0x44, 0xf, 0xff, 0x11, 0x77, 0x64, 0x40, 0x71,
    0x71, 0xa0, 0x38, 0xbb, 0xac, 0xcc, 0xf, 0xfe,
    0xda, 0x9b, 0x22, 0x20, 0x62, 0xa6, 0xc8, 0xe5,
    0xf5, 0x90, 0x39, 0x34, 0x40, 0xff, 0xeb, 0x97,
    0x7d, 0x64, 0xe, 0x53, 0x65, 0x6d, 0x37, 0xd5,
    0xb4, 0xd9, 0x59, 0x3, 0xff, 0xb0, 0x5d, 0xd9,
    0x10, 0x1c, 0x5d, 0xf5, 0x87, 0x7d, 0x64, 0x15,
    0x36, 0x46, 0xd3, 0x64, 0x40, 0x7f, 0x3e, 0x80,
    0xff, 0xe3, 0x29, 0xb2, 0x22, 0x7, 0x29, 0xb2,
    0x35, 0x76, 0x44, 0x7, 0xf1, 0x77, 0x56, 0x1d,
    0xf5, 0x90, 0x38, 0xbb, 0xab, 0x20, 0x7f, 0x8b,
    0xbe, 0xb2, 0x7, 0x17, 0x7d, 0x6d, 0x36, 0x54,
    0x40, 0xff, 0xe2, 0x29, 0xb2, 0xb6, 0x9b, 0x2a,
    0x20, 0x62, 0xa6, 0xc8, 0x80, 0xe3, 0x34, 0x40,
    0x71, 0x77, 0x64, 0x6d, 0x7d, 0x64, 0xf, 0xfe,
    0x59, 0x53, 0x64, 0x6a, 0xec, 0x88, 0xe, 0x2e,
    0xd3, 0x2, 0x32, 0xb0, 0x25, 0x36, 0x46, 0xd3,
    0x64, 0x40, 0x7f, 0xf4, 0xcb, 0xbe, 0xb0, 0xef,
    0xac, 0x80, 0x32, 0x18, 0x1c, 0xa7, 0xf5, 0x64,
    0x1b, 0x4c, 0x81, 0xff, 0xda, 0x52, 0x18, 0x5,
    0x37, 0xec, 0xc8, 0x1f, 0xfc, 0x36, 0x7, 0xff,
    0x81, 0x81, 0xff, 0xdf, 0x2f, 0x7f, 0xfa, 0xa0,
    0x3f, 0xfd, 0xef, 0x90, 0x3f, 0x32, 0x7, 0xff,
    0xfc, 0xf, 0xff, 0xf8, 0x1f, 0xfd, 0x87, 0xc8,
    0x1f, 0xfc, 0x22, 0x40, 0x7f, 0xb9, 0x3, 0xff,
    0x84, 0xc8, 0x1f, 0xfc, 0xd2, 0xf7, 0xff, 0xfc,
    0x28, 0x80, 0xfe, 0x2f, 0x7f, 0xff, 0xc2, 0xa8,
    0xf, 0xfe, 0x0,

    /* U+F019 "" */
    0x3, 0xff, 0x9c, 0x52, 0x37, 0xf9, 0x21, 0x3,
    0xff, 0xcc, 0x5f, 0xb5, 0x27, 0xeb, 0x5d, 0x90,
    0x3f, 0xfc, 0xbc, 0xf, 0xfe, 0x17, 0x3, 0xff,
    0xfe, 0x7, 0xff, 0xfc, 0xf, 0xff, 0xf8, 0x1f,
    0xff, 0xf0, 0x3f, 0xfe, 0xe5, 0xec, 0xff, 0xf6,
    0x64, 0xf, 0xfe, 0x1, 0x7b, 0xff, 0xdb, 0x19,
    0x3, 0xff, 0x98, 0x49, 0x90, 0x3f, 0xfa, 0xc5,
    0x92, 0x3, 0xff, 0x9a, 0xae, 0x88, 0xf, 0xfe,
    0x92, 0x9a, 0xa0, 0x3f, 0xfa, 0x5, 0xdd, 0x50,
    0x1f, 0xfc, 0xc5, 0x75, 0x64, 0xf, 0xfe, 0xa9,
    0x57, 0xd4, 0x40, 0xff, 0xe2, 0x15, 0x7d, 0x44,
    0xf, 0xfe, 0xe2, 0xba, 0xb2, 0x7, 0xf8, 0xbb,
    0xaa, 0x3, 0xff, 0x9a, 0x9c, 0xb7, 0xff, 0x89,
    0x19, 0x53, 0x56, 0x40, 0xc5, 0xdd, 0x11, 0x72,
    0xdf, 0xfe, 0x24, 0x64, 0xe, 0x5e, 0x34, 0xbf,
    0xf8, 0x8e, 0x6c, 0xa9, 0xcd, 0x96, 0xb6, 0x46,
    0xae, 0xc8, 0xd2, 0xff, 0xe2, 0x39, 0x8, 0xf,
    0xfe, 0x79, 0x57, 0x65, 0xad, 0x96, 0xb6, 0x54,
    0x40, 0xff, 0xf5, 0x14, 0xde, 0x44, 0xf, 0xff,
    0xe2, 0x9f, 0xaa, 0x0, 0xef, 0xcc, 0x81, 0xff,
    0xc0, 0x20, 0x7f, 0xf6, 0xd4, 0xfd, 0x50, 0x7,
    0x7e, 0x64, 0xe, 0x20, 0x72, 0x9f, 0x5b, 0xff,
    0xea, 0xde, 0x20, 0x0,

    /* U+F01C "" */
    0x3, 0xff, 0x88, 0x5d, 0xdf, 0xff, 0xf5, 0xb4,
    0x44, 0xf, 0xfe, 0x82, 0xba, 0x22, 0x7, 0xff,
    0x58, 0xbb, 0xe1, 0x3, 0xff, 0x98, 0xad, 0x20,
    0x39, 0x37, 0xff, 0xd1, 0x44, 0xc, 0x5f, 0x64,
    0xf, 0xfe, 0x42, 0xb4, 0x80, 0xe5, 0x6a, 0x4f,
    0xfe, 0x8d, 0xf0, 0x81, 0x8c, 0xf0, 0x81, 0xff,
    0xc4, 0x56, 0x90, 0x1c, 0xad, 0x20, 0x3f, 0xfa,
    0x65, 0xf6, 0x40, 0xc5, 0xf8, 0x40, 0xff, 0xe0,
    0x2b, 0x48, 0xe, 0x56, 0x90, 0x1f, 0xfd, 0x73,
    0x3b, 0x20, 0x62, 0xfb, 0x20, 0x7e, 0x56, 0x90,
    0x1c, 0xad, 0x20, 0x3f, 0xfb, 0x66, 0x78, 0x40,
    0xc6, 0x78, 0x40, 0xc6, 0x42, 0x3, 0xc4, 0xb4,
    0x9f, 0xe6, 0x88, 0x1f, 0xfc, 0x62, 0xda, 0x4f,
    0xeb, 0xd9, 0x3, 0x8b, 0x88, 0x9, 0x92, 0x3,
    0xe2, 0xdf, 0xff, 0x2, 0x58, 0x80, 0xff, 0xe1,
    0x97, 0xe4, 0x37, 0xff, 0x22, 0x7, 0xcc, 0x90,
    0x1f, 0xfc, 0xf5, 0x19, 0x3, 0xff, 0x80, 0xa4,
    0x10, 0x3f, 0xf9, 0x7c, 0xf, 0xfe, 0x89, 0x9b,
    0xff, 0xfe, 0x5, 0x40, 0x7f, 0xff, 0xc0, 0xff,
    0xff, 0x81, 0xff, 0xcc, 0x20, 0x7f, 0xfd, 0x5f,
    0x20, 0x15, 0xa6, 0x40, 0xff, 0xf7, 0x95, 0x21,
    0x80,

    /* U+F021 "" */
    0x3, 0xff, 0xd4, 0x5d, 0xbe, 0x64, 0xf, 0xfe,
    0x51, 0x52, 0xd6, 0xff, 0xff, 0x83, 0xac, 0x68,
    0x81, 0xfc, 0xf2, 0x5e, 0xcc, 0xf, 0xfe, 0x29,
    0x77, 0x7d, 0x5a, 0x42, 0x7, 0xff, 0x4, 0xa7,
    0x2e, 0xfa, 0xc4, 0x40, 0xff, 0xe7, 0x17, 0x7e,
    0x88, 0x81, 0xfc, 0x49, 0x2e, 0x24, 0x7, 0xf1,
    0x4e, 0xec, 0x88, 0x81, 0xff, 0xc8, 0x57, 0x44,
    0x7, 0xc5, 0x4b, 0xbf, 0x6c, 0xb7, 0xb6, 0x7f,
    0x6a, 0xd1, 0x3, 0xc5, 0xd8, 0x80, 0xff, 0xe2,
    0xab, 0x48, 0xf, 0x94, 0xd9, 0x5a, 0x20, 0x7f,
    0xf0, 0x8a, 0x97, 0x65, 0x64, 0xf, 0xfe, 0x51,
    0x90, 0x80, 0xf2, 0x9a, 0xb2, 0x7, 0xff, 0xc,
    0xbb, 0x7d, 0x2e, 0xc, 0x81, 0xff, 0xc8, 0x35,
    0x90, 0x38, 0xc8, 0x64, 0xf, 0xfe, 0x32, 0xa9,
    0x79, 0xbc, 0x88, 0x1f, 0xfc, 0x72, 0x90, 0xf,
    0x2a, 0xc8, 0x1f, 0xfc, 0x96, 0x7, 0xff, 0x4c,
    0xbd, 0xff, 0xab, 0x3, 0xff, 0x94, 0xef, 0xff,
    0xfc, 0xca, 0x80, 0xff, 0xff, 0x81, 0xff, 0xf1,
    0x57, 0xff, 0xfe, 0x65, 0x60, 0x7f, 0xf2, 0x9d,
    0xff, 0xd9, 0x81, 0xff, 0xd4, 0x60, 0x7f, 0xf2,
    0x4b, 0xa8, 0xf, 0x24, 0x3, 0xff, 0x90, 0x53,
    0x79, 0x2f, 0x54, 0x7, 0xff, 0x18, 0xbf, 0x8,
    0x1c, 0x5d, 0x20, 0x7f, 0xf2, 0xb, 0x1a, 0xcb,
    0x7c, 0xc8, 0x1f, 0xfc, 0x32, 0xee, 0x84, 0xf,
    0x29, 0x4, 0xf, 0xfe, 0x51, 0x77, 0x65, 0x88,
    0x81, 0xff, 0xc2, 0x2a, 0x5d, 0x91, 0x1, 0xf2,
    0xb4, 0x80, 0xff, 0xe2, 0xa9, 0x59, 0x3, 0xc5,
    0x3b, 0xbf, 0xb6, 0x5b, 0xdb, 0x3f, 0x6a, 0xd1,
    0x3, 0xe5, 0x35, 0x40, 0x7f, 0xf2, 0x54, 0xd9,
    0x62, 0x20, 0x7f, 0x12, 0x4b, 0x89, 0x1, 0xfc,
    0x54, 0xde, 0xb2, 0x7, 0xff, 0x38, 0xa7, 0x77,
    0xd6, 0x34, 0x40, 0xff, 0xe0, 0x94, 0x8e, 0xef,
    0xab, 0x20, 0x7f, 0xf1, 0x5e, 0x4b, 0xd9, 0x1,
    0xfc, 0x53, 0x97, 0x7f, 0xff, 0xc1, 0xd6, 0xa2,
    0x20, 0x7f, 0xf2, 0x0,

    /* U+F026 "" */
    0x3, 0xff, 0xe2, 0x55, 0xff, 0x42, 0x7, 0xff,
    0x30, 0xab, 0xaa, 0x3, 0x16, 0x7, 0xff, 0x24,
    0xab, 0xaa, 0x3, 0xff, 0x84, 0x53, 0x7f, 0xfc,
    0x9, 0x75, 0x40, 0x7f, 0xf1, 0x14, 0xb2, 0x7f,
    0xf0, 0x1a, 0x3, 0xff, 0xfe, 0x7, 0xff, 0xfc,
    0xf, 0xff, 0x2b, 0x24, 0x7, 0xff, 0x54, 0xcd,
    0xff, 0xff, 0x3, 0x56, 0x40, 0xff, 0xea, 0x15,
    0x35, 0x64, 0xf, 0xfe, 0xaa, 0x9a, 0xb2, 0x7,
    0xff, 0x55, 0x4d, 0x5a, 0x47, 0xd0, 0x0,

    /* U+F027 "" */
    0x3, 0xff, 0x9e, 0xa5, 0xa8, 0x80, 0xff, 0xef,
    0x29, 0xab, 0x48, 0xfa, 0x3, 0xff, 0xb4, 0xa6,
    0xac, 0x81, 0xff, 0xdd, 0x2a, 0x6a, 0xc8, 0x1f,
    0xfd, 0x13, 0x37, 0xff, 0xfc, 0xd, 0x59, 0x3,
    0xff, 0x8c, 0x9c, 0x64, 0xf, 0xe6, 0x48, 0xf,
    0xfe, 0xab, 0x90, 0xe6, 0xc8, 0x80, 0xff, 0xef,
    0x3f, 0x50, 0x2, 0xe3, 0x20, 0x7f, 0xf7, 0x4a,
    0xec, 0x8, 0xe6, 0x7, 0xff, 0x79, 0x64, 0x4,
    0x73, 0x3, 0xff, 0xb8, 0xf5, 0x64, 0x2, 0x8c,
    0x81, 0xff, 0xdc, 0x51, 0xba, 0xea, 0x80, 0xf2,
    0x96, 0x4f, 0xfe, 0x3, 0x40, 0x7f, 0xf1, 0xca,
    0x92, 0x44, 0xf, 0xe2, 0x9b, 0xff, 0xe0, 0x4b,
    0xaa, 0x3, 0xff, 0xc8, 0x55, 0xd5, 0x1, 0xff,
    0xe4, 0x2a, 0xea, 0x80, 0xc5, 0x81, 0xff, 0xde,
    0x2a, 0xfe, 0xde, 0x10, 0x3f, 0xf8, 0xa0,

    /* U+F028 "" */
    0x3, 0xff, 0xce, 0x5d, 0xd6, 0x22, 0x7, 0xff,
    0xd1, 0xf4, 0x53, 0xbb, 0x19, 0x3, 0xff, 0xae,
    0x55, 0xff, 0x42, 0x7, 0xff, 0x15, 0x4f, 0x59,
    0x0, 0x66, 0xc6, 0x40, 0xff, 0xe8, 0x95, 0x75,
    0x40, 0x62, 0xc0, 0xff, 0x94, 0xb4, 0xd0, 0x12,
    0x9b, 0x19, 0x0, 0x67, 0x84, 0xf, 0xfe, 0x61,
    0x57, 0x54, 0x7, 0xff, 0x1c, 0xe6, 0x92, 0x5f,
    0x59, 0x0, 0x67, 0x84, 0x1, 0x71, 0x81, 0xf1,
    0x4d, 0xff, 0xf0, 0x25, 0xd5, 0x1, 0xff, 0xca,
    0x33, 0x54, 0x40, 0x29, 0xe1, 0x0, 0x5f, 0x64,
    0x2, 0xb0, 0x81, 0x94, 0xb2, 0x7f, 0xf0, 0x1a,
    0x3, 0xff, 0x90, 0x9c, 0x68, 0x1, 0x57, 0x44,
    0x0, 0xb8, 0xc0, 0x8c, 0xa4, 0x1, 0x74, 0x81,
    0xff, 0xdb, 0x72, 0x1c, 0xbe, 0xa0, 0x27, 0x19,
    0x0, 0xab, 0x3, 0x2a, 0x40, 0x92, 0x1, 0xff,
    0xdb, 0x7a, 0xa0, 0x25, 0x19, 0x0, 0x6a, 0x2,
    0x39, 0x1, 0x12, 0x60, 0x47, 0x90, 0x3f, 0xfb,
    0x8b, 0xb0, 0x23, 0x98, 0x1b, 0x90, 0x31, 0x3,
    0x88, 0x1c, 0xc0, 0xff, 0xee, 0x2e, 0xc0, 0x8e,
    0x60, 0x6e, 0x40, 0xc4, 0xe, 0x20, 0x73, 0x3,
    0xff, 0xb4, 0xf5, 0x40, 0x4e, 0x32, 0x0, 0xd4,
    0x4, 0x72, 0x2, 0x24, 0xc0, 0x8f, 0x20, 0x19,
    0x20, 0x3f, 0xfa, 0xae, 0x43, 0x97, 0xc4, 0x0,
    0xb8, 0xc8, 0x5, 0x58, 0x19, 0x52, 0x4, 0x90,
    0x8, 0xcd, 0xff, 0xff, 0x3, 0x56, 0x40, 0xff,
    0xe3, 0x27, 0x1a, 0x0, 0x5d, 0xd1, 0x0, 0x2e,
    0x30, 0x23, 0x29, 0x0, 0x5d, 0x20, 0x7f, 0xf1,
    0x8a, 0x9a, 0xb2, 0x7, 0xff, 0x21, 0x4d, 0x10,
    0x12, 0x9e, 0x10, 0x5, 0xf6, 0x40, 0x2b, 0x8,
    0x1f, 0xfc, 0xb5, 0x35, 0x64, 0xf, 0xfe, 0x2a,
    0xcd, 0x24, 0xbe, 0xb2, 0x0, 0xcf, 0x8, 0x2,
    0xe3, 0x3, 0xff, 0xa0, 0xa6, 0xad, 0x23, 0xe8,
    0xf, 0xf9, 0x4b, 0x4d, 0x1, 0x29, 0xb1, 0x90,
    0x6, 0x78, 0x40, 0xff, 0xea, 0x29, 0x6a, 0x20,
    0x3f, 0xf8, 0xca, 0x7a, 0xc8, 0x3, 0x36, 0x32,
    0x7, 0xff, 0xb9, 0xf4, 0x53, 0xbb, 0x19, 0x3,
    0xfc,

    /* U+F03E "" */
    0x2, 0x2a, 0x6f, 0xff, 0xfd, 0x1a, 0x22, 0x7,
    0x2b, 0x4c, 0x81, 0xff, 0xe8, 0x2e, 0xd1, 0x3,
    0x88, 0x1f, 0x17, 0x2e, 0xcb, 0x19, 0x3, 0xff,
    0xba, 0x58, 0x1f, 0xf1, 0x9a, 0x34, 0x49, 0x39,
    0xaa, 0x3, 0xff, 0xd0, 0x90, 0xf, 0xf3, 0xc4,
    0xf, 0xfe, 0x31, 0x48, 0x40, 0xff, 0xe8, 0xaa,
    0x40, 0xfc, 0x55, 0x20, 0x7f, 0xf0, 0xcb, 0xba,
    0xd6, 0xc8, 0x40, 0xff, 0xe7, 0x17, 0xb2, 0xc6,
    0xd2, 0xec, 0x84, 0xf, 0xfe, 0x9, 0x77, 0x44,
    0x6, 0x2f, 0x64, 0x20, 0x7f, 0xf3, 0x8a, 0x72,
    0x1a, 0x4, 0xf, 0xfe, 0x1, 0x77, 0x44, 0x7,
    0xf8, 0xbd, 0x90, 0x81, 0xff, 0xce, 0x2e, 0xfd,
    0xa8, 0x80, 0xf1, 0x77, 0x44, 0x7, 0xff, 0x10,
    0xbe, 0xc8, 0x1f, 0xfc, 0x92, 0xee, 0x88, 0x8,
    0xbb, 0xa2, 0x47, 0x74, 0x40, 0x7f, 0xf7, 0xd5,
    0xd1, 0x1, 0xfc, 0x5d, 0xa8, 0x80, 0xff, 0xf0,
    0x92, 0x60, 0x7f, 0xfc, 0xca, 0xb2, 0x7f, 0xf7,
    0xaa, 0x20, 0x7f, 0xf0, 0x8, 0x1e, 0x2d, 0xff,
    0xf8, 0x8, 0x1e, 0x2c, 0xc, 0xad, 0x32, 0x7,
    0xff, 0xa0, 0xbb, 0x44, 0x0,

    /* U+F043 "" */
    0x3, 0xff, 0x92, 0x52, 0x88, 0x1f, 0xfd, 0xd3,
    0x35, 0xb6, 0xa8, 0xf, 0xfe, 0xd2, 0x8c, 0xe,
    0x5d, 0x81, 0xff, 0xd8, 0x5d, 0x1, 0xf2, 0xac,
    0x81, 0xff, 0xd4, 0x32, 0x10, 0x1f, 0xc6, 0x54,
    0x7, 0xff, 0x49, 0x46, 0x40, 0xff, 0xe0, 0x38,
    0xc8, 0x1f, 0xfc, 0xe5, 0x69, 0x1, 0xff, 0xc3,
    0x32, 0x19, 0x3, 0xff, 0x94, 0xad, 0x20, 0x3f,
    0xf8, 0xea, 0x76, 0x40, 0xff, 0xe3, 0x2b, 0x48,
    0xf, 0xfe, 0x59, 0x9d, 0x90, 0x3f, 0xf8, 0x4a,
    0xd2, 0x3, 0xff, 0x9e, 0x67, 0x64, 0xf, 0xf1,
    0x95, 0x1, 0xff, 0xd3, 0x32, 0x10, 0x1f, 0x94,
    0x60, 0x7f, 0xf5, 0xd7, 0x60, 0x78, 0xe4, 0x7,
    0xff, 0x65, 0x64, 0x7, 0x32, 0x7, 0x94, 0xd1,
    0x1, 0xff, 0xd1, 0x20, 0x73, 0x20, 0x78, 0x99,
    0xe2, 0x7, 0xff, 0x40, 0x81, 0xc7, 0xa0, 0x39,
    0xe2, 0x1c, 0x60, 0x7f, 0xf3, 0x4e, 0x60, 0x79,
    0xf4, 0x7, 0x3f, 0x12, 0x4f, 0x63, 0x44, 0x80,
    0xff, 0xe2, 0x9a, 0x88, 0x1f, 0x29, 0x4, 0xc,
    0x5d, 0xf6, 0x5, 0x6b, 0x65, 0x60, 0x7f, 0xf0,
    0x4b, 0xec, 0x81, 0xfc, 0x5e, 0xac, 0x81, 0xc9,
    0xdd, 0x9f, 0xd5, 0x81, 0xff, 0x29, 0xe1, 0x3,
    0xff, 0x84, 0xa6, 0xc8, 0xc8, 0x1f, 0xfc, 0x52,
    0xa5, 0xf5, 0x90, 0x3f, 0xf8, 0xe5, 0xcd, 0xfb,
    0x5a, 0x93, 0xeb, 0x5b, 0xf6, 0xad, 0x1, 0xff,
    0xc0,

    /* U+F048 "" */
    0x3, 0x26, 0xfc, 0x88, 0x1f, 0xfc, 0xa2, 0x9a,
    0x20, 0x7e, 0x7e, 0x4f, 0x90, 0x1f, 0xfc, 0x62,
    0xae, 0xcb, 0x2e, 0xa8, 0xf, 0xfe, 0x99, 0x77,
    0x54, 0x40, 0xe6, 0x40, 0xff, 0xe8, 0x17, 0xb2,
    0x20, 0x3f, 0xfb, 0xa, 0x6c, 0x84, 0xf, 0xfe,
    0xb9, 0x57, 0x56, 0x40, 0xff, 0xeb, 0x97, 0x75,
    0x44, 0xf, 0xfe, 0xbe, 0x9b, 0x22, 0x3, 0xff,
    0xb4, 0x53, 0x20, 0x7f, 0xff, 0xc0, 0xff, 0xf6,
    0x19, 0x62, 0x3, 0xff, 0xbc, 0x9d, 0xd5, 0x10,
    0x3f, 0xfb, 0xa5, 0x5d, 0x59, 0x3, 0xff, 0xbc,
    0xa6, 0xc8, 0x40, 0xff, 0xef, 0x17, 0xb2, 0x20,
    0x3f, 0xfb, 0xc5, 0xdf, 0x51, 0x3, 0xff, 0x86,
    0x40, 0xf9, 0x81, 0xff, 0xc6, 0x57, 0x56, 0x40,
    0x8d, 0x40, 0x79, 0x5f, 0xfd, 0x58, 0x1f, 0xfc,
    0x85, 0x37, 0xf6, 0x64, 0x8,

    /* U+F04B "" */
    0x3, 0x8a, 0x6e, 0x44, 0xf, 0xff, 0x23, 0xba,
    0xc9, 0x5d, 0xf5, 0x64, 0xf, 0xfe, 0xf2, 0xc8,
    0xf, 0xc5, 0x4d, 0xf5, 0x64, 0xf, 0xff, 0x49,
    0x53, 0x7d, 0x5a, 0x3, 0xff, 0xd2, 0x54, 0xbf,
    0x56, 0x80, 0xff, 0xf4, 0x95, 0x2f, 0xd5, 0xa2,
    0x7, 0xff, 0xa0, 0xa9, 0x76, 0x58, 0x88, 0x1f,
    0xfe, 0x82, 0x9d, 0xde, 0xc4, 0x40, 0xff, 0xf4,
    0xa7, 0x77, 0xb1, 0x10, 0x3f, 0xfd, 0x29, 0xdd,
    0x8c, 0x81, 0xff, 0xea, 0x35, 0x1, 0xff, 0xea,
    0x35, 0x1, 0xff, 0xe6, 0x4e, 0xec, 0x64, 0xf,
    0xff, 0x1, 0x4e, 0xef, 0x62, 0x20, 0x7f, 0xf7,
    0x8a, 0x77, 0x65, 0x88, 0x81, 0xff, 0xde, 0x2a,
    0x5d, 0x96, 0x22, 0x7, 0xff, 0x78, 0xa9, 0x7e,
    0xad, 0x10, 0x3f, 0xfb, 0xc5, 0x4b, 0xf5, 0x68,
    0xf, 0xfe, 0xf9, 0x53, 0x7d, 0x5a, 0x3, 0xff,
    0xa8, 0xb2, 0x3, 0xf1, 0x53, 0x7d, 0x59, 0x3,
    0xff, 0xb4, 0xee, 0xb2, 0x57, 0x7d, 0x59, 0x3,
    0xff, 0xb8,

    /* U+F04C "" */
    0x3, 0x8a, 0x6f, 0xff, 0x84, 0x88, 0x1f, 0xfc,
    0x2, 0x9b, 0xff, 0xe1, 0x22, 0x7, 0xce, 0xeb,
    0x27, 0xff, 0xa, 0xec, 0x84, 0xf, 0x9d, 0xd6,
    0x4f, 0xfe, 0x15, 0xd9, 0x8, 0x12, 0xc8, 0xf,
    0xfe, 0x31, 0x48, 0x40, 0xe5, 0x90, 0x1f, 0xfc,
    0x62, 0x90, 0x81, 0xff, 0xcd, 0xe0, 0x7f, 0xf4,
    0x78, 0x1f, 0xff, 0xf0, 0x3f, 0xff, 0xe0, 0x7f,
    0xff, 0xc0, 0xff, 0xff, 0x81, 0xff, 0xff, 0x3,
    0xff, 0xfe, 0x7, 0xff, 0xfc, 0xf, 0xff, 0xf8,
    0x1f, 0xff, 0xf0, 0x3f, 0xf8, 0x24, 0xf, 0xfe,
    0x4f, 0x20, 0x78, 0x81, 0xff, 0xc9, 0xe4, 0x2,
    0xb1, 0x10, 0x3f, 0xf8, 0x65, 0xc6, 0x7, 0x95,
    0x88, 0x81, 0xff, 0xc3, 0x2e, 0x30, 0x31, 0x77,
    0x7f, 0xff, 0xc3, 0xd1, 0x1, 0xf8, 0xbb, 0xbf,
    0xff, 0xe1, 0xe8, 0x80, 0x0,

    /* U+F04D "" */
    0x3, 0x8a, 0x46, 0xff, 0xfb, 0xe8, 0x81, 0xf2,
    0xba, 0xd4, 0x9f, 0xfd, 0xfb, 0xb2, 0x10, 0x25,
    0xd0, 0x1f, 0xfe, 0x42, 0x90, 0x81, 0xff, 0xeb,
    0xe0, 0x7f, 0xff, 0xc0, 0xff, 0xff, 0x81, 0xff,
    0xff, 0x3, 0xff, 0xfe, 0x7, 0xff, 0xfc, 0xf,
    0xff, 0xf8, 0x1f, 0xff, 0xf0, 0x3f, 0xff, 0xe0,
    0x7f, 0xff, 0xc0, 0xff, 0xe0, 0x90, 0x3f, 0xfc,
    0xfc, 0x80, 0x56, 0x22, 0x7, 0xff, 0x84, 0xb8,
    0xc0, 0xc5, 0xdd, 0xff, 0xff, 0x87, 0x44, 0x0,

    /* U+F051 "" */
    0x2, 0x29, 0xa2, 0x7, 0xff, 0x28, 0xa6, 0xfc,
    0x40, 0xce, 0xeb, 0x2e, 0xc8, 0x80, 0xff, 0xe3,
    0x15, 0x27, 0xe4, 0x0, 0xf6, 0x7, 0x17, 0x7d,
    0x64, 0xf, 0xfe, 0xda, 0x9a, 0xb2, 0x7, 0xff,
    0x6d, 0x4d, 0x91, 0x1, 0xff, 0xdb, 0x2e, 0xe8,
    0x80, 0xff, 0xed, 0x97, 0x7d, 0x64, 0xf, 0xfe,
    0xda, 0x9b, 0x2e, 0x3, 0xff, 0xb6, 0x5a, 0x20,
    0x7f, 0xff, 0xc0, 0xff, 0xf0, 0x95, 0x69, 0x90,
    0x3f, 0xfa, 0xa5, 0xdd, 0x53, 0xe0, 0x7f, 0xf4,
    0xcc, 0xd9, 0x10, 0x1f, 0xfd, 0x55, 0x36, 0x32,
    0x7, 0xff, 0x50, 0xab, 0xab, 0x20, 0x7f, 0xf2,
    0xf8, 0x1f, 0x8b, 0xba, 0xa2, 0x7, 0xff, 0x34,
    0xa4, 0x20, 0x4a, 0x6c, 0x88, 0xf, 0xfe, 0x21,
    0x3, 0xff, 0x82, 0x66, 0xfe, 0xac, 0x81, 0xff,
    0xc8, 0x7b, 0xff, 0x54, 0x0,

    /* U+F052 "" */
    0x3, 0xff, 0xa0, 0x4c, 0x7, 0xff, 0xa0, 0xbb,
    0xfb, 0x6b, 0xe8, 0x80, 0xff, 0xf1, 0x2b, 0xe2,
    0x3, 0xc5, 0xdc, 0xc8, 0x1f, 0xfd, 0xc5, 0x35,
    0x44, 0xf, 0xf8, 0xcd, 0x59, 0x3, 0xff, 0xac,
    0x5e, 0xac, 0x81, 0xff, 0xc5, 0x53, 0x54, 0x7,
    0xff, 0x44, 0xbb, 0xa1, 0x3, 0xff, 0x96, 0xae,
    0x88, 0xf, 0xfe, 0x62, 0xba, 0x20, 0x3f, 0xfa,
    0x5, 0xdc, 0xc8, 0x1f, 0xfc, 0x65, 0x35, 0x40,
    0x7f, 0xf5, 0x8c, 0xd5, 0x90, 0x3f, 0xf8, 0x5,
    0xea, 0xc8, 0x1f, 0xfd, 0xb5, 0x35, 0x40, 0x7e,
    0x33, 0xc2, 0x7, 0xff, 0x85, 0x5a, 0x40, 0x79,
    0x82, 0x7, 0xff, 0x95, 0x90, 0x3c, 0xad, 0x22,
    0x7, 0xff, 0x84, 0xbe, 0xc0, 0xf8, 0xab, 0xbf,
    0xff, 0xf0, 0xe8, 0x40, 0xfc, 0xa6, 0xff, 0xff,
    0xc7, 0x59, 0x3, 0xcb, 0xb2, 0x7, 0xff, 0x8d,
    0x54, 0x40, 0xff, 0xf7, 0x70, 0x3f, 0xfd, 0xfc,
    0xf, 0x2c, 0x80, 0xff, 0xf2, 0x14, 0x84, 0xf,
    0x3b, 0xff, 0xff, 0x93, 0x42, 0x6,

    /* U+F053 "" */
    0x3, 0xff, 0xe2, 0xa6, 0xfd, 0xa1, 0x3, 0xff,
    0x9a, 0xa6, 0xac, 0x80, 0x2f, 0x54, 0x7, 0xff,
    0x21, 0x4d, 0x59, 0x3, 0xe5, 0xd8, 0x1f, 0xfc,
    0x55, 0x35, 0x64, 0xf, 0x94, 0xd5, 0x10, 0x3f,
    0xf8, 0x4a, 0x6a, 0xc8, 0x1f, 0x29, 0xab, 0x20,
    0x7f, 0xf0, 0x94, 0xd5, 0x90, 0x3e, 0x53, 0x56,
    0x40, 0xff, 0xe1, 0x29, 0xab, 0x20, 0x7c, 0xa6,
    0xac, 0x81, 0xff, 0xc2, 0x53, 0x56, 0x40, 0xf9,
    0x4d, 0x59, 0x3, 0xff, 0x86, 0x64, 0x32, 0x7,
    0xe5, 0x69, 0x90, 0x3f, 0xf8, 0xc6, 0x43, 0x20,
    0x7e, 0x56, 0x99, 0x3, 0xff, 0x90, 0xa6, 0xac,
    0x81, 0xf2, 0x9a, 0xb2, 0x7, 0xff, 0x21, 0x4d,
    0x59, 0x3, 0xe5, 0x35, 0x64, 0xf, 0xfe, 0x42,
    0x9a, 0xb2, 0x7, 0xca, 0x6a, 0xc8, 0x1f, 0xfc,
    0x85, 0x35, 0x64, 0xf, 0x94, 0xd5, 0x90, 0x3f,
    0xf9, 0xa, 0x6a, 0xc8, 0x1f, 0x29, 0xaa, 0x20,
    0x7f, 0xf2, 0x14, 0xd5, 0x90, 0x3e, 0x5d, 0x81,
    0xff, 0xcb, 0x53, 0x56, 0x40, 0x17, 0xaa, 0x3,
    0xff, 0x9c, 0xa6, 0xfd, 0xa1, 0x2,

    /* U+F054 "" */
    0x3, 0xff, 0xb8, 0x5d, 0xfe, 0xac, 0x81, 0xff,
    0xcd, 0x33, 0xc4, 0x4, 0xa6, 0xac, 0x81, 0xff,
    0xca, 0x39, 0x10, 0x3e, 0x53, 0x56, 0x40, 0xff,
    0xe4, 0x29, 0xab, 0x20, 0x7c, 0xa6, 0xac, 0x81,
    0xff, 0xc8, 0x53, 0x56, 0x40, 0xf9, 0x4d, 0x8c,
    0x81, 0xff, 0xc8, 0x53, 0x56, 0x40, 0xf8, 0xcd,
    0x8c, 0x81, 0xff, 0xc8, 0x53, 0x56, 0x40, 0xf8,
    0xcd, 0x8c, 0x81, 0xff, 0xc8, 0x53, 0x56, 0x40,
    0xf8, 0xcd, 0x8c, 0x81, 0xff, 0xc8, 0x53, 0xb2,
    0x7, 0xe3, 0x21, 0x81, 0xff, 0xc7, 0x53, 0xb2,
    0x7, 0xe3, 0x21, 0x81, 0xff, 0xc4, 0x53, 0x56,
    0x40, 0xf8, 0xcd, 0x8c, 0x81, 0xff, 0xc2, 0x53,
    0x56, 0x40, 0xf9, 0x4d, 0x8c, 0x81, 0xff, 0xc2,
    0x53, 0x56, 0x40, 0xf9, 0x4d, 0x59, 0x3, 0xff,
    0x84, 0xa6, 0xac, 0x81, 0xf2, 0x9a, 0xb2, 0x7,
    0xff, 0x9, 0x4d, 0x59, 0x3, 0xe5, 0x35, 0x64,
    0xf, 0xfe, 0x21, 0x24, 0x40, 0xf9, 0x4d, 0x59,
    0x3, 0xff, 0x8e, 0x5f, 0x88, 0x9, 0x4d, 0x59,
    0x3, 0xff, 0x98, 0x5d, 0xfe, 0xac, 0x81, 0xff,
    0xcb,

    /* U+F067 "" */
    0x3, 0xff, 0x9a, 0x52, 0xf1, 0x3, 0xff, 0xc6,
    0xae, 0xb7, 0xdb, 0x21, 0x3, 0xff, 0xbe, 0x49,
    0x81, 0xf8, 0x93, 0x3, 0xff, 0xfe, 0x7, 0xff,
    0xfc, 0xf, 0xff, 0xf8, 0x1f, 0xfd, 0x2, 0x9b,
    0xff, 0xe2, 0x5c, 0x40, 0xfe, 0x7d, 0xbf, 0xfe,
    0x2a, 0x20, 0x63, 0x35, 0x93, 0xff, 0x88, 0xd0,
    0x1f, 0xe2, 0xa4, 0xff, 0xe2, 0xd8, 0xc0, 0x99,
    0x3, 0xff, 0xcc, 0xf9, 0x0, 0xc9, 0x1, 0xff,
    0xe5, 0x78, 0x80, 0x33, 0x6a, 0xdf, 0xfe, 0x23,
    0x20, 0x7f, 0x29, 0x6f, 0xff, 0xf, 0x67, 0xa8,
    0xf, 0x12, 0x4b, 0xff, 0x86, 0xf8, 0x1f, 0xf1,
    0x4b, 0xff, 0x86, 0x48, 0xf, 0xff, 0xf8, 0x1f,
    0xff, 0xf0, 0x3f, 0xfc, 0x64, 0xf, 0xf8, 0x81,
    0xff, 0xe1, 0x48, 0x40, 0xf9, 0x74, 0x7, 0xff,
    0x80, 0xcd, 0xfb, 0x6b, 0xf5, 0x60, 0x7f, 0xf2,
    0x80,

    /* U+F068 "" */
    0x3, 0x27, 0x27, 0xff, 0x8d, 0x10, 0x32, 0x96,
    0x37, 0xff, 0xe3, 0xbd, 0x81, 0x88, 0x1f, 0xfe,
    0x82, 0x1, 0xe2, 0x7, 0xff, 0x95, 0x12, 0x0,
    0x5e, 0xfd, 0xb7, 0xff, 0x87, 0xf4, 0x40,

    /* U+F06E "" */
    0x3, 0xff, 0x96, 0x53, 0x91, 0x6b, 0x67, 0xff,
    0xed, 0x96, 0xa3, 0x44, 0xf, 0xfe, 0xd9, 0x52,
    0xef, 0xac, 0x6c, 0x90, 0x90, 0x1f, 0xe2, 0x49,
    0x1c, 0xbb, 0xf6, 0x8d, 0x1, 0xff, 0xd1, 0x2e,
    0xec, 0xad, 0x10, 0x38, 0xb9, 0x77, 0xff, 0xed,
    0x5a, 0x20, 0x71, 0x72, 0xfd, 0x11, 0x3, 0xff,
    0x92, 0xa6, 0xc8, 0x88, 0x1e, 0x2a, 0xec, 0x8d,
    0x10, 0x5, 0x2c, 0x48, 0x15, 0x2e, 0xc6, 0x40,
    0xf8, 0xbb, 0xab, 0x20, 0x7f, 0xf0, 0xcc, 0xd5,
    0x90, 0x3f, 0x17, 0xea, 0x20, 0x78, 0xa9, 0x6d,
    0xb3, 0xe8, 0x80, 0x19, 0xaa, 0x3, 0xf9, 0x4d,
    0x59, 0x3, 0xfc, 0xae, 0x64, 0xf, 0xf2, 0x90,
    0x40, 0xff, 0x70, 0x3e, 0x2e, 0xe6, 0x40, 0x28,
    0xc8, 0x1f, 0xe5, 0x3c, 0x20, 0x79, 0x5a, 0x40,
    0x7f, 0xf0, 0x16, 0x40, 0x44, 0x91, 0x32, 0x9d,
    0x90, 0x3f, 0x8c, 0xa4, 0x1, 0xa8, 0xf, 0xfe,
    0x1, 0x7d, 0x90, 0x25, 0x90, 0x1f, 0xfc, 0x32,
    0x4, 0x57, 0xbb, 0x55, 0x90, 0x3f, 0xf8, 0x25,
    0x81, 0xb9, 0x3, 0xff, 0x82, 0x6a, 0x2, 0x59,
    0x81, 0xff, 0xc3, 0x20, 0x44, 0x98, 0x1f, 0xfc,
    0x73, 0x98, 0x1b, 0x90, 0x3f, 0xf8, 0x26, 0xa0,
    0x32, 0x95, 0x1, 0xff, 0xc0, 0x59, 0x1, 0x29,
    0x4, 0xf, 0xfe, 0x22, 0x8c, 0x80, 0x29, 0x0,
    0xff, 0xe0, 0x17, 0xd9, 0x3, 0xca, 0xe6, 0x40,
    0xff, 0x29, 0x4, 0x1, 0x7b, 0x22, 0x20, 0x7e,
    0x2e, 0xea, 0x80, 0x94, 0x82, 0x7, 0xf9, 0x4f,
    0x8, 0x1f, 0xe3, 0x35, 0x64, 0xf, 0xc5, 0xfa,
    0x88, 0x2, 0xee, 0xff, 0xf6, 0x88, 0x80, 0x2f,
    0x54, 0x7, 0xf2, 0x9a, 0xb2, 0x7, 0xff, 0xd,
    0x4d, 0x91, 0x10, 0x3c, 0x55, 0xd9, 0x1a, 0x20,
    0x7f, 0x8a, 0x97, 0x64, 0x20, 0x7c, 0x5d, 0xd5,
    0x90, 0x3f, 0xf9, 0x25, 0xdd, 0x96, 0x22, 0x7,
    0x17, 0x2e, 0xff, 0xfd, 0xab, 0x44, 0xe, 0x2a,
    0x5f, 0xa2, 0x20, 0x7f, 0xf4, 0xa, 0x77, 0x7d,
    0x6a, 0x34, 0x84, 0xc0, 0x7f, 0x12, 0x48, 0xe5,
    0xdf, 0xb5, 0x68, 0xf, 0xfe, 0x20,

    /* U+F070 "" */
    0x3, 0x8a, 0x68, 0x81, 0xff, 0xfe, 0x77, 0x59,
    0x76, 0x44, 0x7, 0xff, 0xe8, 0x86, 0x7, 0x17,
    0x7e, 0x88, 0xf, 0xff, 0xb1, 0x7b, 0x2b, 0x20,
    0x71, 0x77, 0xd6, 0x40, 0xf1, 0x48, 0xe4, 0x5d,
    0x9f, 0xff, 0x6d, 0x59, 0xd, 0x10, 0x3f, 0xfa,
    0x85, 0x4d, 0x95, 0x10, 0x39, 0x4d, 0xed, 0xbf,
    0x6b, 0x51, 0xb2, 0x24, 0x7, 0xf1, 0x32, 0x6d,
    0x2e, 0xfd, 0x63, 0x20, 0x7f, 0xf4, 0x8a, 0xbb,
    0x22, 0x20, 0x72, 0x50, 0x1e, 0x2e, 0x5d, 0xff,
    0xf6, 0xb1, 0x90, 0x3c, 0x9c, 0xde, 0xc4, 0x7,
    0xff, 0x48, 0xbb, 0xb2, 0x22, 0x7, 0xf2, 0xb4,
    0xd1, 0x2, 0x27, 0x0, 0x29, 0xcd, 0xeb, 0x20,
    0x7c, 0x9d, 0xf5, 0x10, 0x3f, 0xfa, 0x45, 0xdd,
    0x91, 0x1, 0xe5, 0x36, 0x44, 0x54, 0xdb, 0x7e,
    0xd5, 0x90, 0xa, 0x78, 0x40, 0xfe, 0x57, 0x54,
    0x7, 0xff, 0x1c, 0xbb, 0xf5, 0x64, 0xe, 0x2e,
    0xfd, 0x10, 0x1c, 0x5d, 0xd5, 0x81, 0xe2, 0xa6,
    0xa8, 0x1, 0x71, 0x81, 0xff, 0x2b, 0x4c, 0x81,
    0xff, 0xc3, 0x72, 0x10, 0x2a, 0x6c, 0xac, 0x81,
    0xc5, 0xdf, 0x59, 0x3, 0xff, 0x8a, 0xa3, 0x2,
    0x59, 0x1, 0xff, 0xc0, 0x52, 0x10, 0x1f, 0xfc,
    0x17, 0x90, 0x1f, 0x15, 0x36, 0x56, 0x40, 0xe5,
    0x37, 0xac, 0x81, 0xff, 0xc2, 0x3c, 0x81, 0x32,
    0x7, 0xff, 0x9, 0x74, 0x7, 0xff, 0x1, 0xe4,
    0x7, 0xfc, 0x54, 0x84, 0x7, 0xe5, 0x36, 0x56,
    0x40, 0xff, 0x1e, 0x6, 0x64, 0xf, 0xfe, 0x12,
    0xe8, 0xf, 0xfe, 0xb, 0x90, 0x40, 0xff, 0xe0,
    0x2c, 0x80, 0xff, 0x15, 0x36, 0x56, 0x40, 0xf1,
    0x9a, 0xb9, 0xd0, 0x1f, 0xfc, 0x5, 0x69, 0x1,
    0xff, 0xc3, 0x2f, 0x54, 0x7, 0xfc, 0xe3, 0x20,
    0x7f, 0xf0, 0xa, 0x9b, 0x22, 0x20, 0x72, 0x8d,
    0x1, 0xfe, 0x2e, 0xd2, 0x3, 0xff, 0x90, 0xae,
    0x88, 0xf, 0xe3, 0x3c, 0x40, 0x7f, 0xf0, 0x8b,
    0xbb, 0x22, 0x20, 0x7f, 0xf0, 0xa, 0xba, 0x20,
    0x3f, 0xf9, 0x85, 0xdf, 0x59, 0x3, 0xe2, 0xef,
    0xd1, 0xa2, 0x7, 0xff, 0x0, 0xbb, 0xb2, 0x20,
    0x3f, 0xf8, 0x4, 0xf, 0xfe, 0x92, 0x9b, 0xe8,
    0xc8, 0x1e, 0x2e, 0x5d, 0xff, 0xea, 0xc8, 0x1c,
    0x5d, 0xfa, 0x20, 0x38, 0xab, 0xb2, 0x22, 0x7,
    0xff, 0x48, 0xb9, 0xbf, 0x6b, 0x1b, 0x22, 0x40,
    0x7f, 0x2b, 0xe2, 0x20, 0x78, 0xbb, 0xeb, 0x40,
    0x71, 0x77, 0x64, 0x40, 0x7f, 0xf5, 0x4a, 0x72,
    0x2e, 0xcf, 0xff, 0xdb, 0x22, 0x20, 0x7f, 0x94,
    0xbe, 0xb2, 0x7, 0x17, 0x7d, 0x64, 0xf, 0xff,
    0xb2, 0x9b, 0xd6, 0x40, 0xf1, 0x20, 0x3f, 0xff,
    0x4a, 0x6c, 0xb2, 0xea, 0x80, 0x80,

    /* U+F071 "" */
    0x3, 0xff, 0xa8, 0x53, 0x96, 0xa3, 0x20, 0x7f,
    0xfd, 0xc, 0xf6, 0x34, 0x8e, 0x6a, 0x80, 0xff,
    0xf8, 0x17, 0xd9, 0x3, 0xf2, 0xb1, 0x1, 0xff,
    0xed, 0x52, 0x8, 0x1f, 0xfc, 0x7, 0x20, 0x81,
    0xff, 0xe9, 0x52, 0xa0, 0x3f, 0xf8, 0x65, 0xc6,
    0x7, 0xff, 0x98, 0xb8, 0xc0, 0xff, 0xe3, 0xa9,
    0x50, 0x1f, 0xfe, 0x37, 0x20, 0x81, 0xff, 0xca,
    0x52, 0x8, 0x1f, 0xfd, 0xf5, 0x62, 0x3, 0xe2,
    0xf6, 0xfa, 0x20, 0x3e, 0x2f, 0xb2, 0x7, 0xff,
    0x6c, 0xc8, 0x40, 0x7f, 0x3c, 0x4f, 0xc8, 0x90,
    0x1f, 0x8c, 0x84, 0x7, 0xff, 0x60, 0xbe, 0xc8,
    0x1f, 0xfd, 0x45, 0x62, 0x3, 0xff, 0xaa, 0xa4,
    0x10, 0x3f, 0xfb, 0xe, 0x32, 0x7, 0xff, 0x44,
    0xca, 0x80, 0xff, 0xed, 0x99, 0xc, 0xf, 0xfe,
    0x71, 0x7d, 0x81, 0xff, 0xdf, 0x52, 0xa0, 0x3f,
    0xf9, 0x6e, 0x41, 0x3, 0xff, 0x8a, 0xa5, 0x93,
    0xe4, 0x40, 0xff, 0xe2, 0xa9, 0x4, 0xf, 0xfe,
    0x3a, 0x90, 0x80, 0xff, 0xe4, 0x9d, 0x6d, 0xb8,
    0x20, 0x7f, 0xf1, 0xcb, 0xec, 0x81, 0xff, 0xc3,
    0x32, 0x18, 0x1f, 0xfc, 0x97, 0xe2, 0x26, 0x4e,
    0xc4, 0x7, 0xff, 0x20, 0xc8, 0x40, 0x7f, 0xf0,
    0x5f, 0x64, 0xf, 0xff, 0x62, 0xb1, 0x1, 0xfc,
    0xac, 0x20, 0x7f, 0xf3, 0x1f, 0x88, 0x80, 0x2e,
    0xd2, 0x3, 0xff, 0x98, 0xe3, 0x20, 0x79, 0x74,
    0x7, 0xff, 0x3c, 0xbb, 0xbf, 0x68, 0x88, 0x1f,
    0xfc, 0xe3, 0x51, 0x3, 0x96, 0x40, 0x7f, 0xfd,
    0x11, 0x20, 0x3c, 0xee, 0xb2, 0x1b, 0xff, 0xf6,
    0x48, 0xbe, 0x20, 0x30,

    /* U+F074 "" */
    0x3, 0xff, 0xc8, 0x52, 0x88, 0x1f, 0xff, 0x5,
    0x2d, 0xb6, 0x44, 0x7, 0xff, 0xcc, 0xbb, 0xa2,
    0x3, 0xf9, 0x4f, 0xff, 0xf8, 0x55, 0x90, 0x3f,
    0xf8, 0xaa, 0x6f, 0xfd, 0x50, 0x1f, 0x17, 0x74,
    0x40, 0x7c, 0x40, 0xff, 0xe1, 0x29, 0xaa, 0x20,
    0x7f, 0xc5, 0xea, 0xc8, 0x1f, 0xfc, 0x62, 0xec,
    0x40, 0x7f, 0xf2, 0xd5, 0xf5, 0x1, 0xe2, 0xee,
    0x84, 0xf, 0xfe, 0x51, 0x95, 0x1, 0x95, 0xdb,
    0xfd, 0x51, 0x3, 0xc5, 0xe2, 0x4, 0xa7, 0x88,
    0xf, 0x8c, 0xbb, 0x22, 0x3, 0xf1, 0x9b, 0x19,
    0x3, 0xe2, 0x7f, 0xca, 0xf8, 0x80, 0x94, 0xf0,
    0x93, 0xd5, 0x90, 0x3c, 0x5d, 0xcd, 0x13, 0x1,
    0xe3, 0x36, 0x32, 0x7, 0xff, 0x28, 0xbb, 0xae,
    0xac, 0x3b, 0xa1, 0x3, 0xe5, 0x74, 0x40, 0x72,
    0xf1, 0xb4, 0xd8, 0xc8, 0x1f, 0xfd, 0x2, 0x8a,
    0x9e, 0x20, 0x3e, 0x53, 0x54, 0x7, 0xf2, 0x72,
    0x19, 0x3, 0xff, 0xa6, 0x66, 0xac, 0x81, 0xe2,
    0xf5, 0x64, 0x91, 0x3, 0xf2, 0x72, 0x19, 0x3,
    0xff, 0xa0, 0x5d, 0xcc, 0x81, 0xf2, 0xba, 0x12,
    0x9b, 0x2f, 0x88, 0xe, 0x5e, 0x36, 0x9b, 0x21,
    0x3, 0xff, 0x82, 0x4f, 0xf9, 0x5f, 0x10, 0x1f,
    0x29, 0xaa, 0x2e, 0xe6, 0x40, 0x17, 0x73, 0x44,
    0xc0, 0x78, 0xbd, 0x90, 0x81, 0xf9, 0x5d, 0xbf,
    0xd5, 0x10, 0x3c, 0x5e, 0xac, 0x80, 0x2b, 0x10,
    0x3e, 0x32, 0xec, 0x88, 0xf, 0xc5, 0xec, 0x64,
    0xf, 0xfe, 0x62, 0xba, 0x10, 0x3c, 0x5e, 0xc6,
    0x40, 0xff, 0xe5, 0x19, 0x50, 0x1c, 0x40, 0xff,
    0xe1, 0x29, 0xaa, 0x3, 0xff, 0x80, 0x66, 0xac,
    0x81, 0xff, 0xc6, 0x2e, 0xc4, 0x6, 0x53, 0xff,
    0xfe, 0x15, 0x64, 0xf, 0xfe, 0x2a, 0x9b, 0xff,
    0x54, 0x7, 0xc5, 0xdd, 0x10, 0x1f, 0xfe, 0xd2,
    0xee, 0x88, 0xf, 0xff, 0x52, 0x96, 0xdb, 0x22,
    0x3, 0xfc,

    /* U+F077 "" */
    0x3, 0xff, 0x9c, 0x5c, 0xb1, 0x1, 0xff, 0xe4,
    0x2f, 0x64, 0x69, 0xdd, 0x50, 0x1f, 0xfd, 0xe2,
    0xf6, 0x42, 0x7, 0x8a, 0xba, 0xa0, 0x3f, 0xfb,
    0x5, 0xec, 0x84, 0xf, 0xfe, 0x1, 0x57, 0x54,
    0x7, 0xff, 0x48, 0xbd, 0x90, 0x81, 0xf1, 0x4d,
    0x1, 0xf1, 0x57, 0x54, 0x7, 0xff, 0x30, 0xbd,
    0x90, 0x81, 0xf1, 0x77, 0x59, 0x74, 0x40, 0x7c,
    0x55, 0xd5, 0x1, 0xff, 0xc6, 0x2f, 0x64, 0x20,
    0x7c, 0x5d, 0xd1, 0x1, 0x8b, 0xba, 0x20, 0x3e,
    0x2a, 0xea, 0x80, 0xff, 0xe0, 0x17, 0xb2, 0x10,
    0x3e, 0x2e, 0xe8, 0x80, 0xff, 0x17, 0x74, 0x40,
    0x7c, 0x55, 0xd5, 0x1, 0xf2, 0xba, 0x10, 0x3e,
    0x2e, 0xe8, 0x80, 0xff, 0xe2, 0x17, 0x74, 0x40,
    0x7c, 0x55, 0xcc, 0x81, 0x9e, 0x20, 0x78, 0xbb,
    0xa2, 0x3, 0xff, 0x94, 0x5d, 0xd1, 0x1, 0xf3,
    0x24, 0x6, 0x2f, 0x64, 0x6d, 0x2e, 0x88, 0xf,
    0xfe, 0x81, 0x77, 0x46, 0xeb, 0xaa, 0x0,

    /* U+F078 "" */
    0x3, 0xc5, 0xc8, 0x68, 0xf, 0xfe, 0xb1, 0x72,
    0x48, 0x81, 0xf1, 0x7b, 0x23, 0x69, 0x74, 0x40,
    0x7f, 0xf4, 0xb, 0xba, 0x37, 0x5d, 0x50, 0x1c,
    0xf9, 0x3, 0xc5, 0xdd, 0x10, 0x1f, 0xfc, 0xa2,
    0xee, 0x88, 0xf, 0x99, 0x20, 0x32, 0x9a, 0x20,
    0x3e, 0x2e, 0xe8, 0x80, 0xff, 0xe2, 0x17, 0x74,
    0x40, 0x7c, 0x5d, 0xcc, 0x81, 0xe2, 0xee, 0x88,
    0xf, 0x8b, 0xba, 0x20, 0x3f, 0xc5, 0xdd, 0x10,
    0x1f, 0x17, 0x74, 0x40, 0x7f, 0xf0, 0xb, 0xba,
    0x20, 0x3e, 0x2e, 0xe8, 0x80, 0xc5, 0xec, 0x88,
    0xf, 0x8b, 0xba, 0x20, 0x3f, 0xf8, 0xc5, 0xdd,
    0x10, 0x1f, 0x17, 0x75, 0xad, 0x90, 0x81, 0xf1,
    0x77, 0x44, 0x7, 0xff, 0x30, 0xbb, 0xa2, 0x3,
    0xe2, 0x90, 0x81, 0xf1, 0x77, 0x44, 0x7, 0xff,
    0x48, 0xbb, 0xa2, 0x3, 0xff, 0x80, 0x5d, 0xd1,
    0x1, 0xff, 0xd8, 0x2e, 0xe8, 0x80, 0xf1, 0x77,
    0x44, 0x7, 0xff, 0x78, 0xbb, 0xa3, 0x75, 0xd1,
    0x1, 0xff, 0xca,

    /* U+F079 "" */
    0x3, 0xff, 0x86, 0xa6, 0xd4, 0x40, 0x7f, 0xfe,
    0xd5, 0xd5, 0x93, 0x3b, 0xaa, 0x3, 0xf1, 0x4e,
    0x4f, 0xfe, 0x8b, 0x20, 0x7f, 0xf2, 0xd5, 0xd5,
    0x10, 0x3e, 0x2a, 0xea, 0x88, 0x11, 0xb5, 0x1b,
    0xff, 0xe8, 0xc8, 0x60, 0x7f, 0xf1, 0xd5, 0xd5,
    0x10, 0x3f, 0xf8, 0x25, 0x5d, 0x51, 0x29, 0x59,
    0x3, 0xff, 0xa2, 0xc0, 0xff, 0xe2, 0x99, 0xaa,
    0x20, 0x62, 0x60, 0x38, 0x98, 0xe, 0x57, 0xc2,
    0xa6, 0xff, 0xff, 0x95, 0x8, 0x1f, 0xfc, 0xce,
    0x7, 0x17, 0xbd, 0x3, 0xeb, 0xf4, 0x20, 0x77,
    0x3, 0xff, 0xce, 0x5e, 0xde, 0x84, 0x80, 0xfe,
    0x24, 0xf6, 0xf3, 0x20, 0x7f, 0xfa, 0x49, 0xc0,
    0x7f, 0xf1, 0x49, 0xc0, 0x7f, 0xff, 0xc0, 0xff,
    0xff, 0x81, 0xff, 0xd2, 0x2e, 0xec, 0xac, 0x81,
    0xff, 0xc1, 0x2e, 0xec, 0xac, 0x81, 0xff, 0xe7,
    0x52, 0x11, 0x25, 0x35, 0x7c, 0xf, 0xbb, 0xba,
    0x22, 0x4a, 0x42, 0x3, 0xff, 0x96, 0x74, 0x9f,
    0xfc, 0xa6, 0x42, 0x90, 0x80, 0xe5, 0x19, 0x3,
    0x8b, 0x88, 0xe, 0x52, 0x10, 0x1f, 0xfc, 0xc4,
    0xdf, 0xff, 0x2a, 0x6c, 0x61, 0xdd, 0x10, 0x1f,
    0xfc, 0x55, 0x35, 0x64, 0xf, 0xfe, 0x2a, 0x42,
    0x7, 0xff, 0x49, 0x81, 0x8b, 0xba, 0x20, 0x3f,
    0xe5, 0x35, 0x64, 0xf, 0xfe, 0x41, 0x9b, 0xff,
    0xfe, 0x95, 0x64, 0xe, 0x2e, 0xe8, 0x80, 0xe5,
    0x35, 0x64, 0xf, 0xff, 0xb9, 0x77, 0xeb, 0xbd,
    0x64, 0xf, 0xfe, 0x0,

    /* U+F07B "" */
    0x2, 0x2a, 0x6f, 0xff, 0xf9, 0x1a, 0x20, 0x3f,
    0xfb, 0x4a, 0xd3, 0x20, 0x7f, 0xf2, 0xb, 0xba,
    0x20, 0x3f, 0xfb, 0x4, 0xf, 0xfe, 0x71, 0x77,
    0x59, 0x3f, 0xf9, 0x2d, 0xc8, 0x81, 0xff, 0xda,
    0x29, 0xbf, 0xfe, 0x4c, 0x95, 0xd5, 0x81, 0xff,
    0xf4, 0x59, 0x1, 0xff, 0xff, 0x3, 0xff, 0xfe,
    0x7, 0xff, 0xfc, 0xf, 0xff, 0xf8, 0x1f, 0xff,
    0xf0, 0x3f, 0xff, 0xe0, 0x7f, 0xff, 0xc0, 0xfc,
    0x40, 0xff, 0xf7, 0x16, 0x6, 0x56, 0x99, 0x3,
    0xff, 0xd0, 0x5d, 0xa2, 0x0,

    /* U+F093 "" */
    0x3, 0xff, 0xa6, 0x51, 0x3, 0xff, 0xde, 0x5d,
    0xfa, 0xec, 0xa8, 0xf, 0xff, 0x49, 0x77, 0x44,
    0x6, 0x2a, 0xea, 0x80, 0xff, 0xf1, 0x97, 0x74,
    0x40, 0x7f, 0x8a, 0xba, 0xa0, 0x3f, 0xfb, 0xa5,
    0xdd, 0x10, 0x1f, 0xfc, 0x42, 0xae, 0xa8, 0xf,
    0xfe, 0xb9, 0x77, 0x44, 0x7, 0xff, 0x28, 0xab,
    0xaa, 0x3, 0xff, 0xa2, 0x5d, 0xd1, 0x1, 0xff,
    0xd0, 0x2a, 0xea, 0x80, 0xff, 0xe6, 0x95, 0x50,
    0x1f, 0xfd, 0x62, 0xbb, 0x3, 0xff, 0x98, 0x5e,
    0xff, 0xfb, 0x44, 0x7, 0xff, 0x5, 0x5f, 0xff,
    0xd5, 0x81, 0xff, 0xd8, 0x20, 0x7f, 0xf0, 0xc8,
    0x1f, 0xff, 0xf0, 0x3f, 0xff, 0xe0, 0x7f, 0xff,
    0xc0, 0xff, 0xfc, 0x27, 0x2d, 0xff, 0xe1, 0x46,
    0x41, 0x3, 0xff, 0x8c, 0x5c, 0xb7, 0xff, 0x85,
    0x19, 0x3, 0x97, 0x8d, 0x2f, 0xfe, 0x13, 0xb4,
    0x54, 0xb2, 0x7f, 0xda, 0x20, 0x6d, 0x34, 0xbf,
    0xf8, 0x4e, 0x42, 0x3, 0xff, 0x96, 0x5e, 0xc9,
    0xb8, 0x1f, 0xeb, 0x2e, 0xc6, 0x40, 0xff, 0xf0,
    0x94, 0xda, 0x4f, 0xf3, 0x64, 0x40, 0xff, 0xfb,
    0xa9, 0xfa, 0xa0, 0xe, 0xfc, 0xc8, 0x1f, 0xfc,
    0x2, 0x7, 0xff, 0x6d, 0x4f, 0xd5, 0x0, 0x77,
    0xe6, 0x40, 0xe2, 0x7, 0x29, 0xf5, 0xbf, 0xfe,
    0xad, 0xe2, 0x0,

    /* U+F095 "" */
    0x3, 0xff, 0xc2, 0x53, 0x72, 0x24, 0x7, 0xff,
    0xb5, 0xcb, 0x25, 0x76, 0x7f, 0x6c, 0xb5, 0x11,
    0x3, 0xff, 0xc2, 0x5d, 0x40, 0x7f, 0x89, 0x24,
    0x76, 0x20, 0x3f, 0xfb, 0xe6, 0xc2, 0x7, 0xff,
    0x14, 0x81, 0xff, 0xdf, 0x51, 0x81, 0xff, 0xc6,
    0x21, 0x81, 0xff, 0xdd, 0x7d, 0x1, 0xff, 0xc7,
    0x7c, 0x81, 0xff, 0xdd, 0x59, 0x1, 0xff, 0xc6,
    0x24, 0x80, 0xff, 0xef, 0x17, 0x7d, 0x64, 0xf,
    0xfe, 0x12, 0xc4, 0xf, 0xff, 0x12, 0x9a, 0xa0,
    0x3f, 0xe5, 0x90, 0x1f, 0xfe, 0x57, 0xd0, 0x1f,
    0xe7, 0xd0, 0x1f, 0xfe, 0x45, 0x62, 0x3, 0xf8,
    0xca, 0x80, 0xff, 0xf1, 0x17, 0x69, 0x1, 0xfc,
    0x5f, 0x64, 0xf, 0xfe, 0x61, 0x38, 0xf, 0xfe,
    0x2a, 0x9e, 0x20, 0x3f, 0x8b, 0x90, 0x40, 0xff,
    0xe3, 0x94, 0xe5, 0xfd, 0xb7, 0x32, 0x7, 0xf8,
    0xbb, 0xeb, 0x20, 0x7f, 0x17, 0xe2, 0x3, 0xff,
    0x86, 0x9c, 0xbf, 0xb5, 0x8d, 0x1, 0xe3, 0x3c,
    0x40, 0x45, 0x3b, 0xb2, 0x20, 0x3f, 0xe5, 0x74,
    0x20, 0x7f, 0xf0, 0xd4, 0xb1, 0xa0, 0x3f, 0xf8,
    0x65, 0xdd, 0x9f, 0x58, 0x88, 0x1f, 0xe2, 0xae,
    0xa8, 0xf, 0xfe, 0x32, 0xe4, 0xf, 0xfe, 0x49,
    0x20, 0x3f, 0xf8, 0x25, 0xdd, 0x51, 0x3, 0xff,
    0x92, 0x90, 0x81, 0xff, 0xd3, 0x4e, 0xfd, 0x10,
    0x1f, 0xfc, 0xd3, 0x98, 0x1f, 0xfc, 0xd2, 0x9d,
    0xde, 0xc4, 0x7, 0xff, 0x49, 0x64, 0x7, 0xff,
    0x10, 0xa4, 0x72, 0xef, 0xac, 0x44, 0xf, 0xfe,
    0xbb, 0x96, 0x4f, 0xad, 0xb6, 0x7f, 0x6b, 0x51,
    0xa2, 0x7, 0xff, 0x60,

    /* U+F0C4 "" */
    0x3, 0xfc, 0x49, 0x2e, 0x20, 0x7f, 0xf9, 0x14,
    0xdf, 0x65, 0xbd, 0xbf, 0x56, 0x40, 0xff, 0xe3,
    0x94, 0xe5, 0xba, 0x34, 0x40, 0xfe, 0x2f, 0x56,
    0x40, 0xff, 0x94, 0xd5, 0x1, 0xff, 0xc2, 0x33,
    0x65, 0x8d, 0x2c, 0xe5, 0xd5, 0x1, 0xe3, 0x61,
    0x3, 0x15, 0x76, 0x58, 0x80, 0xe5, 0xd8, 0x1f,
    0xe5, 0x36, 0x32, 0x7, 0xf9, 0x48, 0x40, 0x79,
    0x90, 0x3c, 0xa2, 0x24, 0x9e, 0x40, 0x73, 0x4,
    0xf, 0x29, 0xab, 0x20, 0x7f, 0x94, 0xd5, 0x90,
    0x3e, 0x78, 0x81, 0xcf, 0xc6, 0xeb, 0x48, 0xe,
    0x64, 0x80, 0x94, 0xd5, 0x90, 0x3f, 0xca, 0x6a,
    0xc8, 0x1f, 0xe2, 0xe2, 0x3, 0x8b, 0x92, 0x44,
    0xf, 0x29, 0x64, 0x6a, 0xc8, 0x1f, 0xe5, 0x35,
    0x64, 0xf, 0xfe, 0x1a, 0xba, 0xb2, 0x7, 0xff,
    0xc, 0xa6, 0xc4, 0xf, 0xf2, 0x9a, 0xb2, 0x7,
    0xff, 0x20, 0xa9, 0xbf, 0xed, 0x50, 0x1f, 0xfc,
    0x75, 0x35, 0x64, 0xf, 0xfe, 0xa1, 0x56, 0x20,
    0x3f, 0xf8, 0x66, 0x43, 0x20, 0x7f, 0xf4, 0x89,
    0x25, 0x39, 0xa2, 0x3, 0xff, 0x86, 0x67, 0xa8,
    0xf, 0xfe, 0x72, 0x9b, 0xec, 0xb6, 0x8c, 0x81,
    0xff, 0xc7, 0x2a, 0xea, 0x80, 0xff, 0xe4, 0x17,
    0xab, 0x20, 0x7f, 0xf1, 0x14, 0xb1, 0x1, 0xfe,
    0x2a, 0xea, 0x80, 0xff, 0xe2, 0x1b, 0x8, 0x18,
    0xab, 0xb2, 0xc4, 0x7, 0x97, 0x69, 0xdd, 0x50,
    0x1f, 0xe2, 0xae, 0xa8, 0xf, 0xfe, 0xb, 0x20,
    0x79, 0x44, 0x49, 0x3c, 0x80, 0xe6, 0x48, 0x8,
    0xab, 0xea, 0x20, 0x7f, 0x15, 0x75, 0x40, 0x7f,
    0x9e, 0x20, 0x73, 0xf1, 0xba, 0xd2, 0x3, 0x99,
    0x20, 0x3e, 0x57, 0x54, 0x40, 0xfe, 0x2a, 0xea,
    0x80, 0xf8, 0xb8, 0x80, 0xe2, 0xe4, 0x91, 0x3,
    0x19, 0x8, 0xf, 0xf9, 0x5d, 0x59, 0x3, 0xf8,
    0xbc, 0x80, 0xfc, 0xae, 0xac, 0x81, 0xf8, 0xa9,
    0x73, 0x20, 0x7f, 0xf0, 0xd4, 0xdf, 0x59, 0x35,
    0xad, 0x91, 0x1, 0xfe, 0x2a, 0x6f, 0xff, 0x6a,
    0xd0, 0x1f, 0xfc, 0xa2, 0x9b, 0xc9, 0x8, 0x1f,
    0x0,

    /* U+F0C5 "" */
    0x3, 0xff, 0x8c, 0xa5, 0xbf, 0xfc, 0x78, 0x80,
    0x93, 0x8c, 0x81, 0xff, 0xcd, 0x5d, 0xa5, 0xff,
    0xc8, 0xc4, 0x1, 0xae, 0x6a, 0xc8, 0x1f, 0xfe,
    0xa5, 0x35, 0x64, 0xf, 0xff, 0x52, 0x9a, 0x10,
    0x25, 0x2d, 0x6d, 0xe8, 0x80, 0xff, 0xe8, 0xbd,
    0xff, 0xf4, 0x20, 0x17, 0x69, 0x9, 0xf2, 0x20,
    0x7f, 0xf3, 0xa, 0x8d, 0x2f, 0xfe, 0x1, 0x3,
    0xff, 0xba, 0x54, 0xb7, 0xff, 0x81, 0x10, 0x1f,
    0xff, 0xf0, 0x3f, 0xff, 0xe0, 0x7f, 0xff, 0xc0,
    0xff, 0xff, 0x81, 0xff, 0xff, 0x3, 0xff, 0xfe,
    0x7, 0xff, 0xfc, 0x1e, 0x43, 0xc8, 0xf, 0xfe,
    0xb2, 0xcc, 0xf, 0xfe, 0x13, 0xf1, 0xab, 0xff,
    0xff, 0x5a, 0xb2, 0x7, 0xff, 0xc, 0xbb, 0xbf,
    0xff, 0xe4, 0x68, 0x40, 0xff, 0xf5, 0xf0, 0x3f,
    0xf8, 0xca, 0x59, 0xd, 0xff, 0xf4, 0x64, 0xbb,
    0x20, 0x7f, 0xf0, 0xc0,

    /* U+F0C7 "" */
    0x3, 0x8a, 0x6f, 0xff, 0xac, 0x88, 0x1f, 0xfc,
    0x57, 0x75, 0x93, 0xff, 0xad, 0x76, 0x44, 0x7,
    0xff, 0x5, 0x64, 0x7, 0xff, 0x68, 0xbb, 0xa2,
    0x3, 0xff, 0x8c, 0xef, 0xff, 0xfc, 0xec, 0xc8,
    0x1c, 0x5d, 0xd0, 0x81, 0xff, 0xc2, 0x21, 0x81,
    0xff, 0xce, 0x3d, 0x81, 0xf8, 0xbd, 0x8c, 0x81,
    0xff, 0xea, 0x32, 0x90, 0x3f, 0xfd, 0x8c, 0xf,
    0xff, 0xb9, 0x52, 0x7f, 0xf4, 0x2a, 0x3, 0xff,
    0x9c, 0x53, 0x7f, 0xfc, 0xf2, 0x7, 0xff, 0xfc,
    0xf, 0xfe, 0x51, 0x77, 0x7f, 0xb5, 0x64, 0xf,
    0xfe, 0xf9, 0x9a, 0x22, 0x6, 0x2a, 0x78, 0x40,
    0xff, 0xee, 0xb2, 0x7, 0xfc, 0x49, 0x81, 0xff,
    0xdd, 0x5d, 0x1, 0xfe, 0x7d, 0x1, 0xff, 0xde,
    0x57, 0xeb, 0x26, 0xbb, 0xc4, 0x7, 0xff, 0x30,
    0x81, 0xff, 0xc9, 0x29, 0xbc, 0x88, 0x1f, 0xfc,
    0xa6, 0x4, 0xac, 0x44, 0xf, 0xff, 0x1, 0x56,
    0x10, 0x31, 0x77, 0x7f, 0xff, 0xe0, 0xd5, 0x1,
    0x0,

    /* U+F0C9 "" */
    0x3, 0xff, 0xde, 0xa7, 0xff, 0xfe, 0x6a, 0xc0,
    0xc4, 0xf, 0xff, 0x33, 0xe4, 0x3, 0xc9, 0x9,
    0xff, 0xf1, 0xa4, 0xc4, 0x1, 0x76, 0xb6, 0xff,
    0xf1, 0xd8, 0x80, 0xff, 0xff, 0x81, 0xff, 0xde,
    0x2f, 0x6f, 0xff, 0x34, 0x40, 0x4f, 0x13, 0xff,
    0xe6, 0x58, 0x80, 0x64, 0x80, 0xff, 0xf2, 0xbc,
    0x40, 0x19, 0xbf, 0xff, 0xf2, 0xd4, 0x7, 0xff,
    0xfc, 0xf, 0xfe, 0xf1, 0x76, 0xb6, 0xff, 0xf1,
    0xd8, 0x80, 0x9e, 0x48, 0x4f, 0xff, 0x8d, 0x26,
    0x20, 0x44, 0xf, 0xff, 0x33, 0xe4, 0x2, 0x9f,
    0xff, 0xf9, 0xab, 0x0,

    /* U+F0E0 "" */
    0x2, 0x2a, 0x6f, 0xff, 0xfd, 0x1a, 0x22, 0x7,
    0x2b, 0x4c, 0x81, 0xff, 0xe8, 0x2e, 0xd1, 0x3,
    0x88, 0x1f, 0xfe, 0xe2, 0xc0, 0xca, 0x42, 0x3,
    0xff, 0xd4, 0xa4, 0x20, 0x38, 0xbb, 0xf4, 0x40,
    0x7f, 0xf8, 0x94, 0xde, 0xb2, 0x7, 0x2b, 0xeb,
    0xe, 0xfd, 0x10, 0x1f, 0xfd, 0xa5, 0x37, 0xac,
    0x3b, 0xea, 0x3, 0xe5, 0x37, 0xad, 0xd7, 0xe8,
    0x80, 0xff, 0xe9, 0x29, 0xbd, 0x61, 0xdf, 0xa2,
    0x3, 0xff, 0x84, 0xa5, 0xf6, 0x36, 0xbf, 0x44,
    0x40, 0xff, 0xe4, 0x15, 0x37, 0xad, 0xd7, 0xe8,
    0x80, 0xff, 0xe5, 0x27, 0x7e, 0x8d, 0xae, 0xc8,
    0x88, 0x1f, 0xfc, 0x2, 0xa6, 0xca, 0xda, 0x6f,
    0x62, 0x3, 0xff, 0xa4, 0x5d, 0xfa, 0x36, 0xbb,
    0x2b, 0x44, 0x1, 0x4e, 0xec, 0xad, 0xa6, 0xf5,
    0x90, 0x3f, 0xfb, 0x45, 0xdf, 0xa3, 0x69, 0x77,
    0xed, 0x63, 0x69, 0xbd, 0x64, 0xf, 0xff, 0x11,
    0x77, 0x7e, 0xdb, 0x7e, 0xd5, 0x90, 0x3f, 0xfd,
    0x84, 0xe0, 0x3f, 0xfa, 0xc4, 0xf, 0xff, 0x71,
    0x60, 0x65, 0x69, 0x90, 0x3f, 0xfd, 0x5, 0xda,
    0x20, 0x0,

    /* U+F0E7 "" */
    0x3, 0xf1, 0x4b, 0xff, 0x8c, 0x40, 0xff, 0xe4,
    0x3b, 0xad, 0xff, 0xe3, 0x6a, 0x80, 0xff, 0xe2,
    0x9e, 0x80, 0xff, 0xe3, 0x92, 0x60, 0x7f, 0xf1,
    0x59, 0x3, 0xff, 0x8e, 0x55, 0x20, 0x7f, 0xf1,
    0x9, 0x30, 0x3f, 0xf8, 0xc5, 0x52, 0x7, 0xff,
    0x15, 0xf2, 0x7, 0xff, 0x14, 0xaa, 0x40, 0xff,
    0xe3, 0x12, 0x3, 0xff, 0x8c, 0xb1, 0x3, 0xff,
    0x8c, 0x7a, 0x3, 0xff, 0x8c, 0xef, 0xff, 0xfc,
    0x1a, 0x80, 0xcc, 0x81, 0xff, 0xd6, 0x20, 0x62,
    0x4c, 0xf, 0xfe, 0xa2, 0x90, 0x80, 0x9f, 0x20,
    0x7f, 0xf4, 0x8c, 0x86, 0x7, 0x3e, 0x80, 0xff,
    0xe8, 0x17, 0xd9, 0x3, 0xc5, 0xdf, 0xff, 0xf8,
    0x39, 0x90, 0x3f, 0xe5, 0x20, 0x81, 0xff, 0xcc,
    0x48, 0x40, 0xfe, 0x52, 0xa0, 0x3f, 0xf9, 0xab,
    0x10, 0x3f, 0x17, 0x18, 0x1f, 0xfc, 0xe3, 0x90,
    0x1f, 0x9c, 0x82, 0x7, 0xff, 0x38, 0xa4, 0x3,
    0xe5, 0x62, 0x3, 0xff, 0xa0, 0xb1, 0x3, 0x8c,
    0x84, 0x7, 0xff, 0x45, 0x64, 0x6, 0x2f, 0xb2,
    0x7, 0xff, 0x44, 0xe6, 0x6, 0x72, 0x8, 0x1f,
    0xfd, 0x33, 0x69, 0xa9, 0x62, 0x3, 0xff, 0x90,

    /* U+F0EA "" */
    0x3, 0xff, 0x8c, 0x9b, 0xe4, 0x7, 0xff, 0x64,
    0x92, 0x5f, 0x9d, 0xf6, 0x4e, 0xbe, 0xb4, 0xbf,
    0x12, 0x3, 0xff, 0x92, 0xa7, 0xd9, 0x6f, 0xe8,
    0x81, 0x77, 0x56, 0x42, 0x96, 0xfe, 0xd9, 0xe2,
    0x3, 0xff, 0x8e, 0x40, 0xff, 0xe2, 0x32, 0xc0,
    0xff, 0xe2, 0x10, 0x3f, 0xfa, 0xe5, 0xef, 0x99,
    0x3, 0xff, 0xd2, 0x53, 0x7f, 0xfc, 0x4e, 0xc0,
    0xff, 0xeb, 0x29, 0xb2, 0xc9, 0xff, 0xc4, 0x44,
    0xf, 0xfe, 0xaa, 0xcc, 0x3d, 0xff, 0xff, 0x12,
    0xa0, 0x27, 0x7d, 0x64, 0xf, 0xfe, 0x69, 0xf,
    0x90, 0x3f, 0xf9, 0x4c, 0x29, 0xab, 0x20, 0x7f,
    0xfa, 0x94, 0xd5, 0x90, 0x3f, 0xfc, 0x25, 0x2f,
    0xc3, 0x22, 0x7, 0xff, 0x6d, 0xe4, 0x1, 0x4b,
    0x7f, 0x99, 0x3, 0xff, 0xb6, 0x5d, 0xff, 0xff,
    0x83, 0x50, 0x1f, 0xff, 0xf0, 0x3f, 0xff, 0xe0,
    0x7f, 0xf2, 0xde, 0x20, 0x7f, 0xfa, 0x8b, 0xdf,
    0xff, 0xf0, 0x2a, 0x3, 0xff, 0xfe, 0x7, 0xff,
    0x71, 0x81, 0xff, 0xec, 0x36, 0x25, 0xff, 0xd3,
    0x7d, 0x0,

    /* U+F0F3 "" */
    0x3, 0xff, 0xa0, 0x4c, 0x7, 0xff, 0x9d, 0x5f,
    0xb6, 0x84, 0xf, 0xff, 0x1a, 0xcc, 0xc, 0x49,
    0x1, 0xff, 0xdd, 0x4e, 0xef, 0xd5, 0x90, 0x39,
    0x4f, 0xda, 0xc4, 0x40, 0xff, 0xe9, 0x17, 0x7d,
    0x88, 0x81, 0xff, 0xc2, 0x29, 0xdd, 0x90, 0x81,
    0xff, 0xcd, 0x33, 0xc4, 0x7, 0xff, 0x30, 0xbd,
    0x50, 0x1f, 0xfc, 0xa5, 0x19, 0x3, 0xff, 0xa2,
    0xa4, 0x10, 0x3f, 0xf8, 0xeb, 0xa0, 0x3f, 0xfa,
    0x85, 0x52, 0x7, 0xff, 0x14, 0x93, 0x3, 0xff,
    0xac, 0x49, 0x81, 0xff, 0xc6, 0xe0, 0x7f, 0xfa,
    0xd8, 0x20, 0x7f, 0xf5, 0xd9, 0x3, 0xff, 0x88,
    0x49, 0x1, 0xff, 0xd8, 0x39, 0x1, 0xff, 0xc3,
    0x54, 0x81, 0xff, 0xd9, 0x59, 0x1, 0xff, 0xc0,
    0x32, 0x90, 0x3f, 0xfb, 0x6f, 0xb0, 0x3f, 0x95,
    0xcc, 0x81, 0xff, 0xdd, 0x53, 0x42, 0x6, 0x52,
    0xa0, 0x3f, 0xfc, 0x45, 0xf6, 0x4, 0xb3, 0x20,
    0x7f, 0xf8, 0xd5, 0x40, 0x65, 0x37, 0xff, 0xfe,
    0x3a, 0xc8, 0x1f, 0xfc, 0xa5, 0x7f, 0xff, 0xe0,
    0x66, 0x40, 0xff, 0xee, 0x28, 0xc8, 0x1f, 0xca,
    0x32, 0x7, 0xff, 0x74, 0xcd, 0x96, 0x4d, 0x77,
    0xa8, 0xf, 0xfe, 0x48,

    /* U+F11C "" */
    0x2, 0x2a, 0x6f, 0xff, 0xfd, 0xfa, 0xb2, 0x6,
    0x56, 0x99, 0x3, 0xff, 0xde, 0x54, 0x86, 0x6,
    0x20, 0x78, 0xa6, 0xf9, 0x1, 0x14, 0xdf, 0x22,
    0x4, 0x9b, 0xf2, 0x2, 0x29, 0xbc, 0x88, 0x12,
    0x6f, 0xc8, 0xf, 0x3e, 0x40, 0xfe, 0x2a, 0x4f,
    0x74, 0x1, 0x79, 0x3b, 0xa0, 0xb, 0xc9, 0xee,
    0x80, 0x2f, 0x26, 0xe8, 0x2, 0xf2, 0x7b, 0xa0,
    0x3f, 0xf9, 0xa4, 0x8, 0x81, 0xf1, 0x2, 0x20,
    0x78, 0x81, 0x10, 0x3c, 0x40, 0x88, 0x1e, 0x20,
    0x7f, 0xf1, 0x8b, 0xdf, 0xf4, 0x40, 0x15, 0xff,
    0xaa, 0x0, 0xa7, 0xfe, 0x88, 0x2, 0xbf, 0xea,
    0x80, 0x29, 0xff, 0xa2, 0x3, 0xff, 0x96, 0x5d,
    0xbd, 0x10, 0x12, 0x96, 0xf3, 0x20, 0xb, 0xb7,
    0xa2, 0x0, 0xa5, 0xbd, 0x10, 0x1f, 0xfd, 0x17,
    0xd2, 0xf6, 0x20, 0xe4, 0xbd, 0x98, 0x7, 0x92,
    0xf1, 0x20, 0x52, 0xf8, 0x81, 0xff, 0xd1, 0x7d,
    0x2f, 0x62, 0xe, 0x4b, 0xd9, 0x80, 0x79, 0x2f,
    0x12, 0x5, 0x2f, 0x88, 0x1f, 0xfd, 0x12, 0xed,
    0xe8, 0x80, 0x94, 0xb7, 0x99, 0x0, 0x5d, 0xbd,
    0x10, 0x5, 0x2d, 0xe8, 0x80, 0xff, 0xe5, 0x97,
    0xbf, 0xe8, 0x80, 0x2b, 0xff, 0xff, 0x3e, 0xa0,
    0xa, 0x7f, 0xe8, 0x80, 0xff, 0xe6, 0x90, 0x22,
    0x7, 0xff, 0x44, 0x81, 0x10, 0x3c, 0x40, 0xff,
    0xe3, 0x15, 0x27, 0xba, 0x0, 0xbc, 0x9f, 0xfc,
    0xfe, 0x80, 0x2f, 0x27, 0xba, 0x3, 0xfe, 0x20,
    0x78, 0xa6, 0xf9, 0x1, 0x14, 0xdf, 0xff, 0x3d,
    0x10, 0x24, 0xdf, 0x90, 0x1e, 0x7c, 0x80, 0x56,
    0x99, 0x3, 0xff, 0xde, 0x54, 0x86, 0x0,

    /* U+F124 "" */
    0x3, 0xff, 0xd4, 0x53, 0x72, 0x3, 0xff, 0xd2,
    0x53, 0xbb, 0xf6, 0xb2, 0x57, 0xd4, 0x7, 0xff,
    0x80, 0xb9, 0x77, 0xd6, 0x22, 0x7, 0xf2, 0xe8,
    0xf, 0xfe, 0xc1, 0x4e, 0xef, 0xda, 0x34, 0x40,
    0xff, 0xe1, 0xae, 0x80, 0xff, 0xe8, 0x94, 0xe5,
    0xdf, 0x58, 0x88, 0x1f, 0xfc, 0x82, 0xe2, 0x3,
    0xff, 0x98, 0x53, 0xbb, 0xeb, 0x1a, 0x20, 0x7f,
    0xf3, 0x55, 0x84, 0xf, 0xfe, 0x31, 0x4e, 0x5d,
    0xf5, 0x88, 0x81, 0xff, 0xd3, 0x7d, 0x81, 0xff,
    0xc2, 0x2a, 0x5d, 0xf5, 0x8d, 0x10, 0x3f, 0xfa,
    0xe5, 0xd4, 0x7, 0xf8, 0xab, 0xbe, 0xad, 0x10,
    0x3f, 0xfb, 0xaa, 0x41, 0x3, 0xfc, 0xad, 0x22,
    0x7, 0xff, 0x89, 0xc4, 0x7, 0xff, 0x1, 0x82,
    0x7, 0xff, 0x88, 0xca, 0x40, 0xff, 0xe0, 0x99,
    0xe3, 0x4a, 0x27, 0xff, 0x8e, 0x7, 0xff, 0x25,
    0x46, 0x40, 0xff, 0xe2, 0x17, 0x2d, 0xb6, 0xff,
    0xe3, 0x46, 0x7, 0xff, 0x18, 0xb8, 0x80, 0xff,
    0xf8, 0x9b, 0x8, 0x1f, 0xff, 0x17, 0x18, 0x1f,
    0xff, 0x13, 0x2a, 0x3, 0xff, 0xe2, 0xab, 0x20,
    0x7f, 0xfc, 0x5c, 0x60, 0x7f, 0xf9, 0x58, 0x1f,
    0xf1, 0x94, 0x81, 0xff, 0xe6, 0x39, 0x1, 0xf9,
    0xc6, 0x40, 0xff, 0xf4, 0x2b, 0xac, 0x9b, 0x78,
    0x80, 0xff, 0xe6, 0x80,

    /* U+F15B "" */
    0x3, 0x12, 0x4b, 0xff, 0x94, 0x40, 0xc4, 0x80,
    0xff, 0xe3, 0x29, 0xb2, 0xdf, 0xfe, 0x57, 0x60,
    0x14, 0xde, 0xb2, 0x7, 0xff, 0xc, 0x81, 0xff,
    0xd4, 0x53, 0x56, 0x40, 0xff, 0xf2, 0x29, 0xab,
    0x20, 0x7f, 0xf9, 0x14, 0xd5, 0x90, 0x3f, 0xfa,
    0xef, 0x25, 0xff, 0xc, 0x88, 0x1f, 0xfd, 0x23,
    0x90, 0x2e, 0xdf, 0xfe, 0xb, 0x20, 0x7f, 0xf4,
    0xd5, 0xff, 0xff, 0x89, 0x50, 0x1f, 0xff, 0xf0,
    0x3f, 0xff, 0xe0, 0x7f, 0xff, 0xc0, 0xff, 0xff,
    0x81, 0xff, 0xff, 0x3, 0xff, 0xfe, 0x7, 0xff,
    0xfc, 0xf, 0xff, 0xf8, 0x1f, 0xfc, 0x45, 0xda,
    0x5f, 0xfd, 0xd7, 0xd0, 0x0,

    /* U+F1EB "" */
    0x3, 0xff, 0xac, 0x4f, 0x25, 0x13, 0xc0, 0x7f,
    0xfa, 0xc9, 0x27, 0x2d, 0x6c, 0xff, 0x6d, 0xd6,
    0xdb, 0x77, 0xfb, 0x65, 0xa8, 0xd1, 0x20, 0x3f,
    0xfb, 0x5, 0xcb, 0xbe, 0xcb, 0x1a, 0x42, 0x40,
    0x7f, 0xf2, 0x49, 0x24, 0x72, 0xec, 0xfa, 0xc6,
    0x40, 0xff, 0xe6, 0x97, 0x77, 0xd1, 0xa2, 0x7,
    0xff, 0x74, 0xa7, 0x37, 0xd5, 0x90, 0x3f, 0xf8,
    0x8a, 0x6f, 0xa2, 0x20, 0x7f, 0x8a, 0x47, 0x2d,
    0x6f, 0xff, 0xf8, 0xba, 0xd4, 0x69, 0x8, 0x1f,
    0xe2, 0xa6, 0xfa, 0x20, 0x3f, 0x95, 0xf5, 0x90,
    0x3f, 0x8a, 0x97, 0x7d, 0x6a, 0x34, 0x84, 0xf,
    0xfe, 0x29, 0x48, 0xe5, 0xad, 0xf5, 0x88, 0x81,
    0xfc, 0x5d, 0xf5, 0x1, 0xff, 0xc4, 0x2a, 0x6f,
    0xab, 0x44, 0xf, 0xfe, 0xb9, 0x4e, 0xef, 0xa2,
    0x20, 0x7f, 0x10, 0x3c, 0xae, 0x88, 0x92, 0x9b,
    0x2b, 0x20, 0x7f, 0x8a, 0x72, 0x2e, 0xd7, 0xff,
    0xdb, 0x56, 0x43, 0x44, 0xf, 0xf1, 0x77, 0x64,
    0x44, 0x94, 0xd5, 0x81, 0xf8, 0xbb, 0xb2, 0xb2,
    0x7, 0xe2, 0xe5, 0xdf, 0x58, 0xd9, 0x13, 0x1,
    0xfc, 0x4c, 0x9b, 0x4b, 0xbe, 0xb1, 0x90, 0x3f,
    0x17, 0x76, 0x56, 0x40, 0xff, 0xe5, 0x17, 0x7e,
    0x8d, 0x10, 0x3f, 0xfa, 0x25, 0x39, 0xbd, 0x64,
    0xf, 0xfe, 0xa1, 0x9e, 0x20, 0x3f, 0xc5, 0x39,
    0x6b, 0x6f, 0xeb, 0x51, 0xa2, 0x7, 0xf9, 0x4f,
    0x8, 0x1f, 0xfd, 0x23, 0x3b, 0x20, 0x72, 0x97,
    0xf6, 0xb1, 0xa4, 0x27, 0xf9, 0x23, 0x97, 0x7e,
    0xb1, 0x10, 0x31, 0x7e, 0x10, 0x3f, 0xfa, 0x86,
    0x6c, 0xb5, 0xbd, 0x68, 0xf, 0xfe, 0x6a, 0x77,
    0x65, 0xad, 0x90, 0x81, 0xff, 0xd9, 0x29, 0x8,
    0x1f, 0xf1, 0x72, 0xed, 0x58, 0xc8, 0x1f, 0xf1,
    0x48, 0x40, 0xff, 0xf4, 0xab, 0xa3, 0x44, 0xc9,
    0xcd, 0x50, 0x1f, 0xff, 0x55, 0x90, 0x1f, 0xf2,
    0xc8, 0xf, 0xff, 0xa3, 0xe4, 0xf, 0xf8, 0xf6,
    0x7, 0xff, 0xd0, 0xbf, 0x10, 0x1f, 0x29, 0xd9,
    0x3, 0xff, 0xec, 0x5d, 0xff, 0xea, 0xc8, 0x1f,
    0xfd, 0x60,

    /* U+F240 "" */
    0x3, 0x8a, 0x72, 0x7f, 0xfc, 0x5b, 0x10, 0x3f,
    0xf8, 0xf, 0x65, 0x8d, 0xff, 0xfc, 0x64, 0x6c,
    0x84, 0xf, 0xcb, 0x10, 0x3f, 0xfe, 0xe5, 0x20,
    0x1f, 0xfc, 0x32, 0xf7, 0xff, 0xfe, 0xa8, 0x40,
    0xe3, 0x3e, 0x84, 0xf, 0xfe, 0x1a, 0x9f, 0xff,
    0xf8, 0xea, 0x3, 0xff, 0x80, 0x49, 0x81, 0xff,
    0xf8, 0x52, 0x1a, 0x3, 0xff, 0xfe, 0xa, 0x74,
    0x90, 0x1f, 0xff, 0xf0, 0x3f, 0xff, 0xe0, 0x79,
    0xef, 0x99, 0x3, 0xff, 0x94, 0xa7, 0xff, 0xfe,
    0x3a, 0x80, 0xff, 0xe7, 0x15, 0x64, 0xff, 0xf5,
    0x62, 0x7, 0x15, 0x2c, 0x40, 0x66, 0x40, 0xf1,
    0x6f, 0xff, 0xd6, 0x80, 0xf3, 0xed, 0x10, 0x38,
    0xca, 0xc8, 0x1f, 0xff, 0x32, 0xac, 0x40, 0x78,

    /* U+F241 "" */
    0x3, 0x8a, 0x72, 0x7f, 0xfc, 0x5b, 0x10, 0x3f,
    0xf8, 0xf, 0x65, 0x8d, 0xff, 0xfc, 0x64, 0x6c,
    0x84, 0xf, 0xcb, 0x10, 0x3f, 0xfe, 0xe5, 0x20,
    0x1f, 0xfc, 0x32, 0xf7, 0xff, 0xfe, 0xa8, 0x40,
    0xe3, 0x3e, 0x84, 0xf, 0xfe, 0x23, 0xdf, 0xff,
    0xf5, 0xf3, 0x3, 0xff, 0x96, 0x49, 0x81, 0xff,
    0xf8, 0x52, 0x1a, 0x3, 0xff, 0xfe, 0xa, 0x74,
    0x90, 0x1f, 0xff, 0xf0, 0x3f, 0xff, 0xe0, 0x79,
    0xef, 0x99, 0x3, 0xff, 0x96, 0xf7, 0xff, 0xfd,
    0x7c, 0xc0, 0xff, 0xec, 0x95, 0x64, 0xff, 0xf5,
    0x62, 0x7, 0x15, 0x2c, 0x40, 0x66, 0x40, 0xf1,
    0x6f, 0xff, 0xd6, 0x80, 0xf3, 0xed, 0x10, 0x38,
    0xca, 0xc8, 0x1f, 0xff, 0x32, 0xac, 0x40, 0x78,

    /* U+F242 "" */
    0x3, 0x8a, 0x72, 0x7f, 0xfc, 0x5b, 0x10, 0x3f,
    0xf8, 0xf, 0x65, 0x8d, 0xff, 0xfc, 0x64, 0x6c,
    0x84, 0xf, 0xcb, 0x10, 0x3f, 0xfe, 0xe5, 0x20,
    0x1f, 0xfc, 0x32, 0xf7, 0xff, 0xfe, 0xa8, 0x40,
    0xe3, 0x3e, 0x84, 0xf, 0xfe, 0x23, 0xdf, 0xff,
    0xf3, 0x2a, 0x3, 0xff, 0xac, 0x49, 0x81, 0xff,
    0xf8, 0x52, 0x1a, 0x3, 0xff, 0xfe, 0xa, 0x74,
    0x90, 0x1f, 0xff, 0xf0, 0x3f, 0xff, 0xe0, 0x79,
    0xef, 0x99, 0x3, 0xff, 0x96, 0xf7, 0xff, 0xfc,
    0xca, 0x80, 0xff, 0xf2, 0x15, 0x64, 0xff, 0xf5,
    0x62, 0x7, 0x15, 0x2c, 0x40, 0x66, 0x40, 0xf1,
    0x6f, 0xff, 0xd6, 0x80, 0xf3, 0xed, 0x10, 0x38,
    0xca, 0xc8, 0x1f, 0xff, 0x32, 0xac, 0x40, 0x78,

    /* U+F243 "" */
    0x3, 0x8a, 0x72, 0x7f, 0xfc, 0x5b, 0x10, 0x3f,
    0xf8, 0xf, 0x65, 0x8d, 0xff, 0xfc, 0x64, 0x6c,
    0x84, 0xf, 0xcb, 0x10, 0x3f, 0xfe, 0xe5, 0x20,
    0x1f, 0xfc, 0x32, 0xf7, 0xff, 0xfe, 0xa8, 0x40,
    0xe3, 0x3e, 0x84, 0xf, 0xfe, 0x23, 0xdf, 0xff,
    0xf0, 0x62, 0x3, 0xff, 0xc2, 0x49, 0x81, 0xff,
    0xf8, 0x52, 0x1a, 0x3, 0xff, 0xfe, 0xa, 0x74,
    0x90, 0x1f, 0xff, 0xf0, 0x3f, 0xff, 0xe0, 0x79,
    0xef, 0x99, 0x3, 0xff, 0x96, 0xf7, 0xff, 0xfc,
    0x18, 0x80, 0xff, 0xf7, 0x95, 0x64, 0xff, 0xf5,
    0x62, 0x7, 0x15, 0x2c, 0x40, 0x66, 0x40, 0xf1,
    0x6f, 0xff, 0xd6, 0x80, 0xf3, 0xed, 0x10, 0x38,
    0xca, 0xc8, 0x1f, 0xff, 0x32, 0xac, 0x40, 0x78,

    /* U+F244 "" */
    0x3, 0x8a, 0x72, 0x7f, 0xfc, 0x5b, 0x10, 0x3f,
    0xf8, 0xf, 0x65, 0x8d, 0xff, 0xfc, 0x64, 0x6c,
    0x84, 0xf, 0xcb, 0x10, 0x3f, 0xfe, 0xe5, 0x20,
    0x1f, 0xfc, 0x32, 0xf7, 0xff, 0xfe, 0xa8, 0x40,
    0xe3, 0x3e, 0x84, 0xf, 0xff, 0xf8, 0x11, 0x26,
    0x7, 0xff, 0xe1, 0x48, 0x68, 0xf, 0xff, 0xf8,
    0x29, 0xd2, 0x40, 0x7f, 0xff, 0xc0, 0xff, 0xff,
    0x81, 0xe7, 0xbe, 0x64, 0xf, 0xff, 0xf8, 0x1f,
    0xfc, 0xc2, 0xac, 0x9f, 0xfe, 0xac, 0x40, 0xe2,
    0xa5, 0x88, 0xc, 0xc8, 0x1e, 0x2d, 0xff, 0xfa,
    0xd0, 0x1e, 0x7d, 0xa2, 0x7, 0x19, 0x59, 0x3,
    0xff, 0xe6, 0x55, 0x88, 0xf, 0x0,

    /* U+F287 "" */
    0x3, 0xff, 0xfe, 0x7, 0xff, 0x8c, 0xbd, 0xff,
    0xab, 0x20, 0x7f, 0xfc, 0x53, 0x97, 0x6e, 0x84,
    0xf, 0x29, 0x50, 0x1f, 0xfe, 0xd3, 0x35, 0x8d,
    0xf8, 0x81, 0xff, 0xf7, 0x2f, 0xb2, 0x53, 0x65,
    0xbb, 0xd4, 0x40, 0xc5, 0xd8, 0x80, 0xff, 0xec,
    0x13, 0xc0, 0x7f, 0xf0, 0x55, 0x84, 0x3e, 0xc8,
    0x1c, 0x55, 0xdf, 0xed, 0x10, 0x1f, 0xfd, 0x52,
    0xee, 0xfb, 0x77, 0xd1, 0x1, 0xf9, 0xc6, 0xc,
    0x82, 0x7, 0xff, 0x4d, 0xdd, 0x59, 0x3, 0xff,
    0x82, 0xfc, 0x44, 0xf, 0x8b, 0xb4, 0xc9, 0x94,
    0xd0, 0x85, 0x51, 0x3f, 0xfd, 0x45, 0xd9, 0x53,
    0x7d, 0x19, 0x3, 0xe5, 0x88, 0x1f, 0xfc, 0x15,
    0x36, 0xab, 0x20, 0x4a, 0x6d, 0xff, 0xd5, 0xac,
    0x81, 0xc5, 0xcd, 0x90, 0x81, 0x96, 0x20, 0x7f,
    0xf0, 0x54, 0xdb, 0xfe, 0xb1, 0x1, 0x17, 0x76,
    0xff, 0xe6, 0x56, 0x40, 0xe2, 0xa6, 0xc8, 0x40,
    0xe7, 0xe2, 0x20, 0x7c, 0x5d, 0xa6, 0x4f, 0xfc,
    0x9d, 0xa4, 0xa, 0xc0, 0x9f, 0xfe, 0x5a, 0xec,
    0xa9, 0xbe, 0xac, 0x81, 0xfc, 0x5d, 0xdf, 0x6e,
    0xfa, 0x20, 0x3f, 0xf8, 0x8a, 0x32, 0x4e, 0x20,
    0x3f, 0xf9, 0x6e, 0xea, 0xc8, 0x1f, 0xfc, 0x72,
    0x78, 0xf, 0xfe, 0x49, 0x95, 0x5, 0x20, 0x81,
    0x95, 0xff, 0xfd, 0x99, 0x3, 0xff, 0xd6, 0xe4,
    0x12, 0x7b, 0x2d, 0xa2, 0x3, 0xfe, 0xe0, 0x7f,
    0xfb, 0x4b, 0xd9, 0x1b, 0x0, 0x60, 0x7f, 0xff,
    0x8b, 0x96, 0xda, 0x20, 0x3f, 0xee, 0x7, 0xff,
    0xdd, 0x5d, 0xbf, 0xe6, 0x40, 0xff, 0xe3, 0x0,

    /* U+F293 "" */
    0x3, 0xff, 0x92, 0x4e, 0x4a, 0x26, 0x3, 0xff,
    0xaa, 0x5c, 0xbb, 0xfb, 0x6d, 0x6d, 0xb5, 0xfe,
    0xd1, 0xa0, 0x3f, 0xf9, 0x25, 0xdf, 0xa3, 0x44,
    0xe, 0x29, 0x8, 0x1f, 0x8b, 0x97, 0xd6, 0x40,
    0xff, 0xe1, 0xa9, 0xe2, 0x3, 0xff, 0x81, 0xae,
    0xac, 0x81, 0xfe, 0x53, 0xc2, 0x7, 0xfc, 0x5c,
    0x64, 0xf, 0xfe, 0x2a, 0x9a, 0xa0, 0x3f, 0xc5,
    0xc6, 0x7, 0xf1, 0xb4, 0x40, 0xff, 0xe5, 0x2b,
    0xa2, 0x3, 0xf9, 0x56, 0x7, 0xc5, 0x21, 0x3,
    0xc5, 0xc6, 0x80, 0xff, 0x3b, 0x48, 0x3b, 0x99,
    0x3, 0xe3, 0x90, 0x1e, 0x78, 0x81, 0xe2, 0xab,
    0x97, 0x44, 0x7, 0xe6, 0xac, 0x40, 0xce, 0xc0,
    0xf9, 0xe2, 0x6, 0x24, 0xc0, 0xf8, 0xbd, 0x59,
    0x27, 0x74, 0x44, 0x8, 0xa9, 0xaa, 0xa, 0xe6,
    0x7, 0xc4, 0x98, 0x1d, 0xc0, 0xff, 0x94, 0xd5,
    0x92, 0x71, 0x1, 0x28, 0xca, 0x9a, 0xa0, 0x3f,
    0xf8, 0xc4, 0xf, 0xfe, 0xa, 0x9a, 0xb2, 0x7,
    0x17, 0xab, 0x20, 0x7f, 0xf0, 0x48, 0x1f, 0xfc,
    0xa3, 0x91, 0x3, 0x8a, 0xa4, 0xf, 0xfe, 0x51,
    0x3, 0xff, 0x80, 0x66, 0xc6, 0x40, 0xf8, 0xbd,
    0x8c, 0x81, 0xff, 0xc0, 0x20, 0x63, 0xc0, 0xff,
    0x19, 0xb1, 0x92, 0x76, 0x98, 0x13, 0xb4, 0xc9,
    0x4d, 0x59, 0x3, 0xf1, 0x3, 0xc5, 0x1, 0xf1,
    0x99, 0x92, 0x77, 0x44, 0xc0, 0xe6, 0xa5, 0x40,
    0x15, 0xa2, 0x7, 0x88, 0x60, 0x72, 0xe8, 0xf,
    0x19, 0xae, 0xc8, 0x80, 0xfc, 0x6c, 0xd1, 0x17,
    0x74, 0x20, 0x79, 0xe2, 0x7, 0x9e, 0x40, 0x7c,
    0x51, 0x3, 0xfe, 0x4d, 0x83, 0xba, 0x20, 0x3f,
    0x2e, 0x80, 0xfc, 0xfb, 0x3, 0xff, 0x90, 0x5d,
    0xd1, 0x1, 0xfe, 0x7d, 0x1, 0xfe, 0x52, 0xb2,
    0x7, 0xff, 0x9, 0x3b, 0xa2, 0x3, 0xfe, 0x56,
    0x20, 0x3f, 0xf8, 0x2a, 0x6c, 0x88, 0x81, 0xf8,
    0xcb, 0x10, 0x1f, 0xe2, 0xa6, 0xa8, 0xf, 0xfe,
    0x31, 0x77, 0x7d, 0x64, 0x36, 0x4b, 0xf9, 0xb4,
    0xb5, 0xbe, 0xac, 0x81, 0xfc,

    /* U+F2ED "" */
    0x3, 0xff, 0x8e, 0x54, 0xb7, 0xff, 0x86, 0xc8,
    0x1f, 0xfc, 0x92, 0x9b, 0xff, 0xe0, 0xcf, 0x5a,
    0x5f, 0xfc, 0x39, 0xeb, 0x7f, 0xfc, 0x24, 0x40,
    0x94, 0xb2, 0x7f, 0xf0, 0x59, 0x3, 0xff, 0x8c,
    0x54, 0x9f, 0xfc, 0x34, 0x40, 0x88, 0x1f, 0xfe,
    0x66, 0x8, 0x5, 0x3f, 0xff, 0xf3, 0x56, 0x7,
    0xc5, 0xc9, 0xff, 0xde, 0x68, 0x81, 0xfe, 0x55,
    0xbf, 0xfe, 0xf4, 0xcc, 0xf, 0xff, 0xf8, 0x33,
    0x64, 0x20, 0x71, 0x7b, 0xc4, 0x7, 0x95, 0xf5,
    0x1, 0xff, 0xd1, 0x60, 0x90, 0x60, 0x7b, 0x80,
    0x20, 0x7c, 0x58, 0x64, 0xf, 0xff, 0xf8, 0x1f,
    0xff, 0xf0, 0x3f, 0xff, 0xe0, 0x7f, 0xff, 0xc0,
    0xff, 0xff, 0x81, 0xff, 0xe9, 0x60, 0x90, 0x60,
    0x7b, 0x80, 0x20, 0x7c, 0x58, 0x64, 0xf, 0xfe,
    0x4b, 0x3, 0xe3, 0x36, 0x42, 0x7, 0x17, 0xbc,
    0x40, 0x79, 0x5f, 0x50, 0x1f, 0xcc, 0xf, 0xf2,
    0xc4, 0xf, 0xfe, 0xea, 0xc4, 0xf, 0xf1, 0x7b,
    0x2c, 0x93, 0x7f, 0xfd, 0x39, 0x2b, 0xaa, 0x3,
    0x80,

    /* U+F304 "" */
    0x3, 0xff, 0xc6, 0x53, 0x72, 0x20, 0x7f, 0xfb,
    0x15, 0xd9, 0x64, 0xae, 0xc8, 0x80, 0xff, 0xf3,
    0x2b, 0xea, 0x20, 0x7c, 0x5d, 0xd1, 0x1, 0xff,
    0xe1, 0x2e, 0x20, 0x3f, 0xf8, 0x45, 0xdd, 0x8,
    0x1f, 0xfd, 0xa5, 0x21, 0x87, 0xb1, 0x90, 0x3f,
    0xf8, 0x65, 0xd4, 0x7, 0xff, 0x59, 0x5f, 0x5b,
    0x4d, 0x58, 0x9b, 0x19, 0x3, 0xff, 0x82, 0x7b,
    0x3, 0xff, 0xa6, 0xaf, 0xa8, 0xf, 0x29, 0xab,
    0x13, 0x63, 0x20, 0x7e, 0x57, 0xb2, 0x7, 0xff,
    0x41, 0x5f, 0x50, 0x1f, 0xfc, 0x5, 0x35, 0x62,
    0x6c, 0x64, 0x2, 0xbe, 0xa2, 0x7, 0xff, 0x3d,
    0x5f, 0x50, 0x1f, 0xfc, 0x65, 0x35, 0x62, 0x6f,
    0xd5, 0x1, 0xff, 0xd0, 0x57, 0xd4, 0x7, 0xff,
    0x31, 0x66, 0x7, 0xff, 0x4d, 0x5f, 0x50, 0x1f,
    0xfc, 0xd5, 0x75, 0x40, 0x7f, 0xf4, 0x15, 0xf5,
    0x1, 0xff, 0xcd, 0x57, 0x54, 0x40, 0xff, 0xe7,
    0xab, 0xea, 0x3, 0xff, 0x9a, 0xae, 0xa8, 0x81,
    0xff, 0xcf, 0x57, 0xd4, 0x7, 0xff, 0x35, 0x5d,
    0x51, 0x3, 0xff, 0x9e, 0xaf, 0xa8, 0xf, 0xfe,
    0x6a, 0xba, 0xa2, 0x7, 0xff, 0x40, 0xca, 0x80,
    0xff, 0xe6, 0xab, 0xaa, 0x20, 0x7f, 0xf4, 0xd9,
    0x3, 0xff, 0x98, 0xae, 0xa8, 0x81, 0xff, 0xd6,
    0x2c, 0xf, 0xfe, 0x4a, 0xba, 0xa2, 0x7, 0xff,
    0x60, 0xf2, 0x7, 0xff, 0x19, 0x5d, 0x51, 0x3,
    0xff, 0xb6, 0xc8, 0x1f, 0xfc, 0x45, 0x75, 0x44,
    0xf, 0xfe, 0xf2, 0x96, 0x4e, 0xb6, 0xda, 0xff,
    0x54, 0x40, 0xff, 0xef, 0x80,

    /* U+F55A "" */
    0x3, 0xff, 0x92, 0x5d, 0xdf, 0xff, 0xf8, 0xf5,
    0x88, 0x81, 0xff, 0xca, 0x33, 0x64, 0x44, 0xf,
    0xff, 0x19, 0x4e, 0xc6, 0x7, 0xff, 0x18, 0xcd,
    0x8c, 0x81, 0xff, 0xeb, 0x59, 0x1, 0xff, 0xc2,
    0x33, 0x63, 0x20, 0x7f, 0xf1, 0x8b, 0xba, 0xb2,
    0x7, 0xf8, 0xbb, 0xab, 0x20, 0x7f, 0xf4, 0x8c,
    0xd8, 0xc8, 0x1f, 0xfc, 0x75, 0x34, 0x45, 0x4d,
    0x59, 0x3, 0x17, 0x74, 0x45, 0x4d, 0x10, 0x1f,
    0xfc, 0xd5, 0x36, 0x32, 0x7, 0xff, 0x29, 0x58,
    0x80, 0xe5, 0x35, 0x91, 0x74, 0x40, 0x72, 0x95,
    0x1, 0xff, 0xca, 0x33, 0x56, 0x40, 0xff, 0xe7,
    0x17, 0x74, 0x40, 0x72, 0x6c, 0x80, 0xe5, 0x35,
    0x64, 0xf, 0xfe, 0x52, 0xac, 0x81, 0xff, 0xd4,
    0x2e, 0xd2, 0x3, 0xfc, 0xad, 0x32, 0x7, 0xff,
    0x35, 0x56, 0x40, 0xff, 0xea, 0x17, 0x69, 0x1,
    0xfe, 0x56, 0x99, 0x3, 0xff, 0x9c, 0x66, 0xc6,
    0x40, 0xff, 0xe7, 0x17, 0x74, 0x40, 0x72, 0x6c,
    0x80, 0xe5, 0x35, 0x64, 0xf, 0xfe, 0x71, 0x9b,
    0x19, 0x3, 0xff, 0x94, 0xac, 0x40, 0x72, 0x9a,
    0xc8, 0xba, 0x20, 0x39, 0x4a, 0x80, 0xff, 0xe8,
    0x19, 0xb1, 0x90, 0x3f, 0xf8, 0xea, 0x68, 0x8a,
    0x9a, 0xb2, 0x6, 0x2e, 0xe8, 0x8a, 0x9a, 0x20,
    0x3f, 0xfa, 0x66, 0x6c, 0x64, 0xf, 0xfe, 0x31,
    0x77, 0x56, 0x40, 0xff, 0x17, 0x75, 0x64, 0xf,
    0xfe, 0xc1, 0x9b, 0x19, 0x3, 0xff, 0xd6, 0xb2,
    0x3, 0xff, 0x90, 0x66, 0xc8, 0x88, 0x1f, 0xfe,
    0x32, 0x4e, 0xc6, 0x4,

    /* U+F7C2 "" */
    0x3, 0xff, 0x88, 0x53, 0x93, 0xff, 0x90, 0xdc,
    0x88, 0x1f, 0xfc, 0x82, 0xae, 0xb1, 0xbf, 0xfe,
    0x44, 0x95, 0xde, 0xb2, 0x7, 0xff, 0x9, 0x5f,
    0x50, 0x1f, 0xfd, 0x15, 0x29, 0x3, 0xfc, 0xa6,
    0xa8, 0x85, 0x3f, 0xab, 0x0, 0xaf, 0xf6, 0x64,
    0x29, 0xfe, 0xcc, 0x81, 0xc5, 0x81, 0xf2, 0x9a,
    0xb2, 0x7, 0xff, 0x78, 0xbd, 0x59, 0x3, 0xff,
    0xc2, 0xf1, 0x3, 0xff, 0xe2, 0xa7, 0xf5, 0x60,
    0x15, 0xfe, 0xcc, 0x85, 0x3f, 0xd9, 0x90, 0x3f,
    0xff, 0xe0, 0x7f, 0xff, 0xc0, 0xff, 0xff, 0x81,
    0xff, 0xff, 0x3, 0xff, 0xfe, 0x7, 0xff, 0xfc,
    0xf, 0xff, 0xe1, 0x3, 0xff, 0xbe, 0x40, 0xe5,
    0x99, 0x3, 0xff, 0xb6, 0x5d, 0x40, 0x72, 0x9a,
    0xc6, 0x97, 0xff, 0x55, 0xcb, 0xa1, 0x2,

    /* U+F8A2 "" */
    0x3, 0xff, 0xde, 0x53, 0x62, 0x7, 0xff, 0xb8,
    0xab, 0xac, 0xa8, 0xf, 0xff, 0x62, 0xba, 0xa0,
    0x3f, 0xf9, 0x25, 0x5d, 0xfb, 0x42, 0x7, 0xff,
    0x49, 0x74, 0x7, 0xff, 0x24, 0xbb, 0xaa, 0x20,
    0x9, 0x30, 0x3f, 0xfa, 0x44, 0xf, 0xfe, 0x41,
    0x7b, 0x22, 0x3, 0xff, 0xda, 0xa6, 0xc8, 0x40,
    0xff, 0x29, 0x6f, 0xff, 0x4d, 0x1, 0xff, 0xc1,
    0x2f, 0x56, 0x40, 0xff, 0xe1, 0x14, 0xbf, 0xfa,
    0x44, 0xf, 0xfe, 0x11, 0x24, 0x40, 0xff, 0xf6,
    0x32, 0x7, 0x29, 0xab, 0x20, 0x7f, 0xf0, 0xb,
    0x93, 0xff, 0xb5, 0x62, 0x3, 0xf2, 0x9a, 0xb2,
    0x7, 0xf3, 0xcd, 0xff, 0xf6, 0x91, 0x3, 0xff,
    0x80, 0xa6, 0xc8, 0x80, 0xff, 0xf9, 0x97, 0x75,
    0x64, 0x97, 0x40, 0x7f, 0xf7, 0xc0
};


/*---------------------
 *  GLYPH DESCRIPTION
 *--------------------*/

static const lv_font_fmt_txt_glyph_dsc_t glyph_dsc[] = {
    {.bitmap_index = 0, .adv_w = 0, .box_w = 0, .box_h = 0, .ofs_x = 0, .ofs_y = 0} /* id = 0 reserved */,
    {.bitmap_index = 0, .adv_w = 83, .box_w = 6, .box_h = 0, .ofs_x = -1, .ofs_y = 0},
    {.bitmap_index = 0, .adv_w = 90, .box_w = 15, .box_h = 14, .ofs_x = 0, .ofs_y = 0},
    {.bitmap_index = 57, .adv_w = 143, .box_w = 24, .box_h = 6, .ofs_x = 0, .ofs_y = 8},
    {.bitmap_index = 103, .adv_w = 207, .box_w = 39, .box_h = 14, .ofs_x = 0, .ofs_y = 0},
    {.bitmap_index = 255, .adv_w = 183, .box_w = 33, .box_h = 17, .ofs_x = 0, .ofs_y = -2},
    {.bitmap_index = 411, .adv_w = 280, .box_w = 54, .box_h = 14, .ofs_x = 0, .ofs_y = 0},
    {.bitmap_index = 640, .adv_w = 238, .box_w = 48, .box_h = 14, .ofs_x = 0, .ofs_y = 0},
    {.bitmap_index = 817, .adv_w = 80, .box_w = 15, .box_h = 6, .ofs_x = 0, .ofs_y = 8},
    {.bitmap_index = 843, .adv_w = 104, .box_w = 21, .box_h = 18, .ofs_x = 0, .ofs_y = -4},
    {.bitmap_index = 947, .adv_w = 104, .box_w = 21, .box_h = 18, .ofs_x = 0, .ofs_y = -4},
    {.bitmap_index = 1049, .adv_w = 175, .box_w = 33, .box_h = 10, .ofs_x = 0, .ofs_y = 5},
    {.bitmap_index = 1147, .adv_w = 183, .box_w = 33, .box_h = 10, .ofs_x = 0, .ofs_y = 2},
    {.bitmap_index = 1193, .adv_w = 89, .box_w = 15, .box_h = 5, .ofs_x = 0, .ofs_y = -3},
    {.bitmap_index = 1218, .adv_w = 103, .box_w = 21, .box_h = 3, .ofs_x = 0, .ofs_y = 4},
    {.bitmap_index = 1229, .adv_w = 89, .box_w = 15, .box_h = 4, .ofs_x = 0, .ofs_y = 0},
    {.bitmap_index = 1246, .adv_w = 127, .box_w = 30, .box_h = 14, .ofs_x = -1, .ofs_y = 0},
    {.bitmap_index = 1341, .adv_w = 183, .box_w = 33, .box_h = 14, .ofs_x = 0, .ofs_y = 0},
    {.bitmap_index = 1469, .adv_w = 183, .box_w = 24, .box_h = 14, .ofs_x = 1, .ofs_y = 0},
    {.bitmap_index = 1514, .adv_w = 183, .box_w = 33, .box_h = 14, .ofs_x = 0, .ofs_y = 0},
    {.bitmap_index = 1633, .adv_w = 183, .box_w = 33, .box_h = 14, .ofs_x = 0, .ofs_y = 0},
    {.bitmap_index = 1760, .adv_w = 183, .box_w = 36, .box_h = 14, .ofs_x = 0, .ofs_y = 0},
    {.bitmap_index = 1851, .adv_w = 183, .box_w = 33, .box_h = 14, .ofs_x = 0, .ofs_y = 0},
    {.bitmap_index = 1962, .adv_w = 183, .box_w = 36, .box_h = 14, .ofs_x = 0, .ofs_y = 0},
    {.bitmap_index = 2107, .adv_w = 183, .box_w = 33, .box_h = 14, .ofs_x = 0, .ofs_y = 0},
    {.bitmap_index = 2201, .adv_w = 183, .box_w = 33, .box_h = 14, .ofs_x = 0, .ofs_y = 0},
    {.bitmap_index = 2347, .adv_w = 183, .box_w = 33, .box_h = 14, .ofs_x = 0, .ofs_y = 0},
    {.bitmap_index = 2487, .adv_w = 89, .box_w = 15, .box_h = 11, .ofs_x = 0, .ofs_y = 0},
    {.bitmap_index = 2523, .adv_w = 89, .box_w = 15, .box_h = 14, .ofs_x = 0, .ofs_y = -3},
    {.bitmap_index = 2570, .adv_w = 183, .box_w = 33, .box_h = 11, .ofs_x = 0, .ofs_y = 2},
    {.bitmap_index = 2665, .adv_w = 183, .box_w = 33, .box_h = 6, .ofs_x = 0, .ofs_y = 4},
    {.bitmap_index = 2694, .adv_w = 183, .box_w = 33, .box_h = 11, .ofs_x = 0, .ofs_y = 2},
    {.bitmap_index = 2790, .adv_w = 148, .box_w = 33, .box_h = 14, .ofs_x = -1, .ofs_y = 0},
    {.bitmap_index = 2903, .adv_w = 287, .box_w = 54, .box_h = 15, .ofs_x = 0, .ofs_y = -1},
    {.bitmap_index = 3151, .adv_w = 215, .box_w = 45, .box_h = 14, .ofs_x = -1, .ofs_y = 0},
    {.bitmap_index = 3296, .adv_w = 212, .box_w = 36, .box_h = 14, .ofs_x = 1, .ofs_y = 0},
    {.bitmap_index = 3408, .adv_w = 203, .box_w = 39, .box_h = 14, .ofs_x = 0, .ofs_y = 0},
    {.bitmap_index = 3531, .adv_w = 236, .box_w = 39, .box_h = 14, .ofs_x = 1, .ofs_y = 0},
    {.bitmap_index = 3646, .adv_w = 179, .box_w = 30, .box_h = 14, .ofs_x = 1, .ofs_y = 0},
    {.bitmap_index = 3702, .adv_w = 172, .box_w = 30, .box_h = 14, .ofs_x = 1, .ofs_y = 0},
    {.bitmap_index = 3747, .adv_w = 232, .box_w = 42, .box_h = 14, .ofs_x = 0, .ofs_y = 0},
    {.bitmap_index = 3888, .adv_w = 242, .box_w = 39, .box_h = 14, .ofs_x = 1, .ofs_y = 0},
    {.bitmap_index = 3933, .adv_w = 118, .box_w = 24, .box_h = 14, .ofs_x = 0, .ofs_y = 0},
    {.bitmap_index = 3976, .adv_w = 99, .box_w = 21, .box_h = 19, .ofs_x = -2, .ofs_y = -5},
    {.bitmap_index = 4024, .adv_w = 207, .box_w = 39, .box_h = 14, .ofs_x = 1, .ofs_y = 0},
    {.bitmap_index = 4138, .adv_w = 176, .box_w = 30, .box_h = 14, .ofs_x = 1, .ofs_y = 0},
    {.bitmap_index = 4170, .adv_w = 297, .box_w = 51, .box_h = 14, .ofs_x = 1, .ofs_y = 0},
    {.bitmap_index = 4315, .adv_w = 254, .box_w = 42, .box_h = 14, .ofs_x = 1, .ofs_y = 0},
    {.bitmap_index = 4415, .adv_w = 253, .box_w = 45, .box_h = 14, .ofs_x = 0, .ofs_y = 0},
    {.bitmap_index = 4582, .adv_w = 198, .box_w = 33, .box_h = 14, .ofs_x = 1, .ofs_y = 0},
    {.bitmap_index = 4669, .adv_w = 253, .box_w = 45, .box_h = 17, .ofs_x = 0, .ofs_y = -3},
    {.bitmap_index = 4863, .adv_w = 207, .box_w = 39, .box_h = 14, .ofs_x = 1, .ofs_y = 0},
    {.bitmap_index = 4970, .adv_w = 176, .box_w = 33, .box_h = 14, .ofs_x = 0, .ofs_y = 0},
    {.bitmap_index = 5100, .adv_w = 182, .box_w = 39, .box_h = 14, .ofs_x = -1, .ofs_y = 0},
    {.bitmap_index = 5141, .adv_w = 239, .box_w = 39, .box_h = 14, .ofs_x = 1, .ofs_y = 0},
    {.bitmap_index = 5224, .adv_w = 202, .box_w = 42, .box_h = 14, .ofs_x = -1, .ofs_y = 0},
    {.bitmap_index = 5373, .adv_w = 305, .box_w = 63, .box_h = 14, .ofs_x = -1, .ofs_y = 0},
    {.bitmap_index = 5617, .adv_w = 204, .box_w = 45, .box_h = 14, .ofs_x = -1, .ofs_y = 0},
    {.bitmap_index = 5775, .adv_w = 193, .box_w = 42, .box_h = 14, .ofs_x = -1, .ofs_y = 0},
    {.bitmap_index = 5886, .adv_w = 184, .box_w = 36, .box_h = 14, .ofs_x = 0, .ofs_y = 0},
    {.bitmap_index = 5987, .adv_w = 106, .box_w = 18, .box_h = 17, .ofs_x = 1, .ofs_y = -3},
    {.bitmap_index = 6016, .adv_w = 127, .box_w = 30, .box_h = 14, .ofs_x = -1, .ofs_y = 0},
    {.bitmap_index = 6107, .adv_w = 106, .box_w = 18, .box_h = 17, .ofs_x = 0, .ofs_y = -3},
    {.bitmap_index = 6137, .adv_w = 183, .box_w = 36, .box_h = 9, .ofs_x = 0, .ofs_y = 5},
    {.bitmap_index = 6225, .adv_w = 135, .box_w = 30, .box_h = 3, .ofs_x = -1, .ofs_y = -4},
    {.bitmap_index = 6239, .adv_w = 106, .box_w = 21, .box_h = 3, .ofs_x = 0, .ofs_y = 12},
    {.bitmap_index = 6258, .adv_w = 188, .box_w = 33, .box_h = 11, .ofs_x = 0, .ofs_y = 0},
    {.bitmap_index = 6360, .adv_w = 200, .box_w = 33, .box_h = 15, .ofs_x = 1, .ofs_y = 0},
    {.bitmap_index = 6468, .adv_w = 160, .box_w = 30, .box_h = 11, .ofs_x = 0, .ofs_y = 0},
    {.bitmap_index = 6558, .adv_w = 200, .box_w = 36, .box_h = 15, .ofs_x = 0, .ofs_y = 0},
    {.bitmap_index = 6676, .adv_w = 186, .box_w = 36, .box_h = 11, .ofs_x = 0, .ofs_y = 0},
    {.bitmap_index = 6782, .adv_w = 119, .box_w = 27, .box_h = 15, .ofs_x = 0, .ofs_y = 0},
    {.bitmap_index = 6844, .adv_w = 200, .box_w = 36, .box_h = 16, .ofs_x = 0, .ofs_y = -5},
    {.bitmap_index = 7001, .adv_w = 205, .box_w = 33, .box_h = 15, .ofs_x = 1, .ofs_y = 0},
    {.bitmap_index = 7065, .adv_w = 92, .box_w = 12, .box_h = 15, .ofs_x = 1, .ofs_y = 0},
    {.bitmap_index = 7092, .adv_w = 92, .box_w = 21, .box_h = 20, .ofs_x = -2, .ofs_y = -5},
    {.bitmap_index = 7153, .adv_w = 188, .box_w = 36, .box_h = 15, .ofs_x = 1, .ofs_y = 0},
    {.bitmap_index = 7250, .adv_w = 92, .box_w = 12, .box_h = 15, .ofs_x = 1, .ofs_y = 0},
    {.bitmap_index = 7263, .adv_w = 308, .box_w = 54, .box_h = 11, .ofs_x = 1, .ofs_y = 0},
    {.bitmap_index = 7362, .adv_w = 205, .box_w = 33, .box_h = 11, .ofs_x = 1, .ofs_y = 0},
    {.bitmap_index = 7422, .adv_w = 196, .box_w = 36, .box_h = 11, .ofs_x = 0, .ofs_y = 0},
    {.bitmap_index = 7539, .adv_w = 200, .box_w = 33, .box_h = 16, .ofs_x = 1, .ofs_y = -5},
    {.bitmap_index = 7655, .adv_w = 200, .box_w = 36, .box_h = 16, .ofs_x = 0, .ofs_y = -5},
    {.bitmap_index = 7776, .adv_w = 140, .box_w = 24, .box_h = 11, .ofs_x = 1, .ofs_y = 0},
    {.bitmap_index = 7819, .adv_w = 157, .box_w = 30, .box_h = 11, .ofs_x = 0, .ofs_y = 0},
    {.bitmap_index = 7919, .adv_w = 130, .box_w = 24, .box_h = 14, .ofs_x = 0, .ofs_y = 0},
    {.bitmap_index = 7984, .adv_w = 205, .box_w = 33, .box_h = 11, .ofs_x = 1, .ofs_y = 0},
    {.bitmap_index = 8042, .adv_w = 175, .box_w = 39, .box_h = 11, .ofs_x = -1, .ofs_y = 0},
    {.bitmap_index = 8155, .adv_w = 266, .box_w = 54, .box_h = 11, .ofs_x = -1, .ofs_y = 0},
    {.bitmap_index = 8330, .adv_w = 179, .box_w = 39, .box_h = 11, .ofs_x = -1, .ofs_y = 0},
    {.bitmap_index = 8448, .adv_w = 175, .box_w = 39, .box_h = 16, .ofs_x = -1, .ofs_y = -5},
    {.bitmap_index = 8597, .adv_w = 154, .box_w = 30, .box_h = 11, .ofs_x = 0, .ofs_y = 0},
    {.bitmap_index = 8676, .adv_w = 124, .box_w = 24, .box_h = 17, .ofs_x = 0, .ofs_y = -3},
    {.bitmap_index = 8760, .adv_w = 176, .box_w = 9, .box_h = 20, .ofs_x = 4, .ofs_y = -5},
    {.bitmap_index = 8772, .adv_w = 124, .box_w = 24, .box_h = 17, .ofs_x = 0, .ofs_y = -3},
    {.bitmap_index = 8862, .adv_w = 183, .box_w = 33, .box_h = 3, .ofs_x = 0, .ofs_y = 6},
    {.bitmap_index = 8894, .adv_w = 83, .box_w = 6, .box_h = 0, .ofs_x = -1, .ofs_y = 0},
    {.bitmap_index = 8894, .adv_w = 90, .box_w = 15, .box_h = 15, .ofs_x = 0, .ofs_y = -4},
    {.bitmap_index = 8953, .adv_w = 183, .box_w = 30, .box_h = 14, .ofs_x = 1, .ofs_y = 0},
    {.bitmap_index = 9060, .adv_w = 183, .box_w = 36, .box_h = 14, .ofs_x = 0, .ofs_y = 0},
    {.bitmap_index = 9165, .adv_w = 183, .box_w = 33, .box_h = 10, .ofs_x = 0, .ofs_y = 2},
    {.bitmap_index = 9266, .adv_w = 183, .box_w = 39, .box_h = 14, .ofs_x = -1, .ofs_y = 0},
    {.bitmap_index = 9406, .adv_w = 176, .box_w = 9, .box_h = 20, .ofs_x = 4, .ofs_y = -5},
    {.bitmap_index = 9431, .adv_w = 159, .box_w = 30, .box_h = 15, .ofs_x = 0, .ofs_y = 0},
    {.bitmap_index = 9570, .adv_w = 191, .box_w = 24, .box_h = 3, .ofs_x = 2, .ofs_y = 12},
    {.bitmap_index = 9596, .adv_w = 266, .box_w = 48, .box_h = 15, .ofs_x = 0, .ofs_y = -1},
    {.bitmap_index = 9812, .adv_w = 119, .box_w = 21, .box_h = 7, .ofs_x = 0, .ofs_y = 7},
    {.bitmap_index = 9863, .adv_w = 184, .box_w = 36, .box_h = 9, .ofs_x = 0, .ofs_y = 1},
    {.bitmap_index = 9967, .adv_w = 183, .box_w = 33, .box_h = 6, .ofs_x = 0, .ofs_y = 2},
    {.bitmap_index = 9992, .adv_w = 103, .box_w = 21, .box_h = 3, .ofs_x = 0, .ofs_y = 4},
    {.bitmap_index = 10003, .adv_w = 266, .box_w = 48, .box_h = 15, .ofs_x = 0, .ofs_y = -1},
    {.bitmap_index = 10222, .adv_w = 160, .box_w = 36, .box_h = 2, .ofs_x = -1, .ofs_y = 15},
    {.bitmap_index = 10234, .adv_w = 137, .box_w = 24, .box_h = 7, .ofs_x = 0, .ofs_y = 8},
    {.bitmap_index = 10292, .adv_w = 183, .box_w = 33, .box_h = 12, .ofs_x = 0, .ofs_y = 0},
    {.bitmap_index = 10351, .adv_w = 118, .box_w = 21, .box_h = 9, .ofs_x = 0, .ofs_y = 8},
    {.bitmap_index = 10412, .adv_w = 118, .box_w = 21, .box_h = 10, .ofs_x = 0, .ofs_y = 8},
    {.bitmap_index = 10478, .adv_w = 106, .box_w = 21, .box_h = 3, .ofs_x = 0, .ofs_y = 12},
    {.bitmap_index = 10498, .adv_w = 207, .box_w = 33, .box_h = 16, .ofs_x = 1, .ofs_y = -5},
    {.bitmap_index = 10567, .adv_w = 210, .box_w = 36, .box_h = 18, .ofs_x = 0, .ofs_y = -3},
    {.bitmap_index = 10642, .adv_w = 89, .box_w = 15, .box_h = 4, .ofs_x = 0, .ofs_y = 5},
    {.bitmap_index = 10659, .adv_w = 68, .box_w = 18, .box_h = 6, .ofs_x = -1, .ofs_y = -5},
    {.bitmap_index = 10694, .adv_w = 118, .box_w = 18, .box_h = 9, .ofs_x = 0, .ofs_y = 8},
    {.bitmap_index = 10723, .adv_w = 123, .box_w = 24, .box_h = 7, .ofs_x = 0, .ofs_y = 7},
    {.bitmap_index = 10779, .adv_w = 184, .box_w = 36, .box_h = 9, .ofs_x = 0, .ofs_y = 1},
    {.bitmap_index = 10884, .adv_w = 255, .box_w = 51, .box_h = 14, .ofs_x = 0, .ofs_y = 0},
    {.bitmap_index = 11064, .adv_w = 267, .box_w = 51, .box_h = 14, .ofs_x = 0, .ofs_y = 0},
    {.bitmap_index = 11250, .adv_w = 263, .box_w = 51, .box_h = 15, .ofs_x = 0, .ofs_y = 0},
    {.bitmap_index = 11471, .adv_w = 148, .box_w = 30, .box_h = 15, .ofs_x = 0, .ofs_y = -4},
    {.bitmap_index = 11588, .adv_w = 215, .box_w = 45, .box_h = 19, .ofs_x = -1, .ofs_y = 0},
    {.bitmap_index = 11769, .adv_w = 215, .box_w = 45, .box_h = 19, .ofs_x = -1, .ofs_y = 0},
    {.bitmap_index = 11949, .adv_w = 215, .box_w = 45, .box_h = 19, .ofs_x = -1, .ofs_y = 0},
    {.bitmap_index = 12143, .adv_w = 215, .box_w = 45, .box_h = 18, .ofs_x = -1, .ofs_y = 0},
    {.bitmap_index = 12334, .adv_w = 215, .box_w = 45, .box_h = 19, .ofs_x = -1, .ofs_y = 0},
    {.bitmap_index = 12518, .adv_w = 215, .box_w = 45, .box_h = 17, .ofs_x = -1, .ofs_y = 0},
    {.bitmap_index = 12690, .adv_w = 296, .box_w = 57, .box_h = 14, .ofs_x = -1, .ofs_y = 0},
    {.bitmap_index = 12834, .adv_w = 203, .box_w = 39, .box_h = 19, .ofs_x = 0, .ofs_y = -5},
    {.bitmap_index = 13001, .adv_w = 179, .box_w = 30, .box_h = 19, .ofs_x = 1, .ofs_y = 0},
    {.bitmap_index = 13092, .adv_w = 179, .box_w = 30, .box_h = 19, .ofs_x = 1, .ofs_y = 0},
    {.bitmap_index = 13185, .adv_w = 179, .box_w = 30, .box_h = 19, .ofs_x = 1, .ofs_y = 0},
    {.bitmap_index = 13285, .adv_w = 179, .box_w = 30, .box_h = 19, .ofs_x = 1, .ofs_y = 0},
    {.bitmap_index = 13380, .adv_w = 118, .box_w = 24, .box_h = 19, .ofs_x = 0, .ofs_y = 0},
    {.bitmap_index = 13456, .adv_w = 118, .box_w = 24, .box_h = 19, .ofs_x = 0, .ofs_y = 0},
    {.bitmap_index = 13533, .adv_w = 118, .box_w = 27, .box_h = 19, .ofs_x = -1, .ofs_y = 0},
    {.bitmap_index = 13623, .adv_w = 118, .box_w = 24, .box_h = 19, .ofs_x = 0, .ofs_y = 0},
    {.bitmap_index = 13700, .adv_w = 236, .box_w = 42, .box_h = 14, .ofs_x = 0, .ofs_y = 0},
    {.bitmap_index = 13833, .adv_w = 254, .box_w = 42, .box_h = 18, .ofs_x = 1, .ofs_y = 0},
    {.bitmap_index = 13980, .adv_w = 253, .box_w = 45, .box_h = 19, .ofs_x = 0, .ofs_y = 0},
    {.bitmap_index = 14181, .adv_w = 253, .box_w = 45, .box_h = 19, .ofs_x = 0, .ofs_y = 0},
    {.bitmap_index = 14383, .adv_w = 253, .box_w = 45, .box_h = 19, .ofs_x = 0, .ofs_y = 0},
    {.bitmap_index = 14600, .adv_w = 253, .box_w = 45, .box_h = 19, .ofs_x = 0, .ofs_y = 0},
    {.bitmap_index = 14811, .adv_w = 253, .box_w = 45, .box_h = 19, .ofs_x = 0, .ofs_y = 0},
    {.bitmap_index = 15017, .adv_w = 183, .box_w = 33, .box_h = 10, .ofs_x = 0, .ofs_y = 2},
    {.bitmap_index = 15116, .adv_w = 253, .box_w = 45, .box_h = 16, .ofs_x = 0, .ofs_y = -1},
    {.bitmap_index = 15322, .adv_w = 239, .box_w = 39, .box_h = 19, .ofs_x = 1, .ofs_y = 0},
    {.bitmap_index = 15440, .adv_w = 239, .box_w = 39, .box_h = 19, .ofs_x = 1, .ofs_y = 0},
    {.bitmap_index = 15559, .adv_w = 239, .box_w = 39, .box_h = 19, .ofs_x = 1, .ofs_y = 0},
    {.bitmap_index = 15693, .adv_w = 239, .box_w = 39, .box_h = 19, .ofs_x = 1, .ofs_y = 0},
    {.bitmap_index = 15816, .adv_w = 193, .box_w = 42, .box_h = 19, .ofs_x = -1, .ofs_y = 0},
    {.bitmap_index = 15963, .adv_w = 198, .box_w = 33, .box_h = 14, .ofs_x = 1, .ofs_y = 0},
    {.bitmap_index = 16051, .adv_w = 218, .box_w = 39, .box_h = 15, .ofs_x = 1, .ofs_y = 0},
    {.bitmap_index = 16191, .adv_w = 188, .box_w = 33, .box_h = 15, .ofs_x = 0, .ofs_y = 0},
    {.bitmap_index = 16322, .adv_w = 188, .box_w = 33, .box_h = 15, .ofs_x = 0, .ofs_y = 0},
    {.bitmap_index = 16454, .adv_w = 188, .box_w = 33, .box_h = 15, .ofs_x = 0, .ofs_y = 0},
    {.bitmap_index = 16594, .adv_w = 188, .box_w = 33, .box_h = 15, .ofs_x = 0, .ofs_y = 0},
    {.bitmap_index = 16738, .adv_w = 188, .box_w = 33, .box_h = 15, .ofs_x = 0, .ofs_y = 0},
    {.bitmap_index = 16879, .adv_w = 188, .box_w = 33, .box_h = 18, .ofs_x = 0, .ofs_y = 0},
    {.bitmap_index = 17035, .adv_w = 287, .box_w = 54, .box_h = 11, .ofs_x = 0, .ofs_y = 0},
    {.bitmap_index = 17202, .adv_w = 160, .box_w = 30, .box_h = 16, .ofs_x = 0, .ofs_y = -5},
    {.bitmap_index = 17334, .adv_w = 186, .box_w = 36, .box_h = 15, .ofs_x = 0, .ofs_y = 0},
    {.bitmap_index = 17468, .adv_w = 186, .box_w = 36, .box_h = 15, .ofs_x = 0, .ofs_y = 0},
    {.bitmap_index = 17604, .adv_w = 186, .box_w = 36, .box_h = 15, .ofs_x = 0, .ofs_y = 0},
    {.bitmap_index = 17750, .adv_w = 186, .box_w = 36, .box_h = 15, .ofs_x = 0, .ofs_y = 0},
    {.bitmap_index = 17894, .adv_w = 92, .box_w = 18, .box_h = 15, .ofs_x = -1, .ofs_y = 0},
    {.bitmap_index = 17930, .adv_w = 92, .box_w = 21, .box_h = 15, .ofs_x = 0, .ofs_y = 0},
    {.bitmap_index = 17968, .adv_w = 92, .box_w = 30, .box_h = 15, .ofs_x = -2, .ofs_y = 0},
    {.bitmap_index = 18024, .adv_w = 92, .box_w = 24, .box_h = 15, .ofs_x = -1, .ofs_y = 0},
    {.bitmap_index = 18072, .adv_w = 196, .box_w = 36, .box_h = 16, .ofs_x = 0, .ofs_y = 0},
    {.bitmap_index = 18235, .adv_w = 205, .box_w = 33, .box_h = 15, .ofs_x = 1, .ofs_y = 0},
    {.bitmap_index = 18336, .adv_w = 196, .box_w = 36, .box_h = 15, .ofs_x = 0, .ofs_y = 0},
    {.bitmap_index = 18481, .adv_w = 196, .box_w = 36, .box_h = 15, .ofs_x = 0, .ofs_y = 0},
    {.bitmap_index = 18628, .adv_w = 196, .box_w = 36, .box_h = 15, .ofs_x = 0, .ofs_y = 0},
    {.bitmap_index = 18786, .adv_w = 196, .box_w = 36, .box_h = 15, .ofs_x = 0, .ofs_y = 0},
    {.bitmap_index = 18946, .adv_w = 196, .box_w = 36, .box_h = 15, .ofs_x = 0, .ofs_y = 0},
    {.bitmap_index = 19102, .adv_w = 183, .box_w = 33, .box_h = 10, .ofs_x = 0, .ofs_y = 2},
    {.bitmap_index = 19168, .adv_w = 196, .box_w = 36, .box_h = 13, .ofs_x = 0, .ofs_y = -1},
    {.bitmap_index = 19302, .adv_w = 205, .box_w = 33, .box_h = 15, .ofs_x = 1, .ofs_y = 0},
    {.bitmap_index = 19388, .adv_w = 205, .box_w = 33, .box_h = 15, .ofs_x = 1, .ofs_y = 0},
    {.bitmap_index = 19477, .adv_w = 205, .box_w = 33, .box_h = 15, .ofs_x = 1, .ofs_y = 0},
    {.bitmap_index = 19573, .adv_w = 205, .box_w = 33, .box_h = 15, .ofs_x = 1, .ofs_y = 0},
    {.bitmap_index = 19670, .adv_w = 175, .box_w = 39, .box_h = 20, .ofs_x = -1, .ofs_y = -5},
    {.bitmap_index = 19849, .adv_w = 200, .box_w = 33, .box_h = 20, .ofs_x = 1, .ofs_y = -5},
    {.bitmap_index = 19970, .adv_w = 175, .box_w = 39, .box_h = 20, .ofs_x = -1, .ofs_y = -5},
    {.bitmap_index = 20159, .adv_w = 203, .box_w = 39, .box_h = 19, .ofs_x = 0, .ofs_y = 0},
    {.bitmap_index = 20329, .adv_w = 160, .box_w = 30, .box_h = 15, .ofs_x = 0, .ofs_y = 0},
    {.bitmap_index = 20456, .adv_w = 236, .box_w = 39, .box_h = 19, .ofs_x = 1, .ofs_y = 0},
    {.bitmap_index = 20621, .adv_w = 200, .box_w = 45, .box_h = 15, .ofs_x = 0, .ofs_y = 0},
    {.bitmap_index = 20762, .adv_w = 179, .box_w = 30, .box_h = 19, .ofs_x = 1, .ofs_y = 0},
    {.bitmap_index = 20862, .adv_w = 186, .box_w = 36, .box_h = 15, .ofs_x = 0, .ofs_y = 0},
    {.bitmap_index = 21008, .adv_w = 232, .box_w = 42, .box_h = 19, .ofs_x = 0, .ofs_y = 0},
    {.bitmap_index = 21189, .adv_w = 200, .box_w = 36, .box_h = 20, .ofs_x = 0, .ofs_y = -5},
    {.bitmap_index = 21386, .adv_w = 118, .box_w = 24, .box_h = 19, .ofs_x = 0, .ofs_y = 0},
    {.bitmap_index = 21454, .adv_w = 92, .box_w = 12, .box_h = 11, .ofs_x = 1, .ofs_y = 0},
    {.bitmap_index = 21464, .adv_w = 176, .box_w = 36, .box_h = 14, .ofs_x = -1, .ofs_y = 0},
    {.bitmap_index = 21533, .adv_w = 92, .box_w = 24, .box_h = 15, .ofs_x = -1, .ofs_y = 0},
    {.bitmap_index = 21583, .adv_w = 254, .box_w = 42, .box_h = 19, .ofs_x = 1, .ofs_y = 0},
    {.bitmap_index = 21733, .adv_w = 205, .box_w = 33, .box_h = 15, .ofs_x = 1, .ofs_y = 0},
    {.bitmap_index = 21832, .adv_w = 207, .box_w = 39, .box_h = 19, .ofs_x = 1, .ofs_y = 0},
    {.bitmap_index = 21988, .adv_w = 140, .box_w = 30, .box_h = 15, .ofs_x = 0, .ofs_y = 0},
    {.bitmap_index = 22076, .adv_w = 176, .box_w = 33, .box_h = 19, .ofs_x = 0, .ofs_y = -5},
    {.bitmap_index = 22248, .adv_w = 157, .box_w = 30, .box_h = 16, .ofs_x = 0, .ofs_y = -5},
    {.bitmap_index = 22387, .adv_w = 176, .box_w = 33, .box_h = 19, .ofs_x = 0, .ofs_y = 0},
    {.bitmap_index = 22563, .adv_w = 157, .box_w = 30, .box_h = 15, .ofs_x = 0, .ofs_y = 0},
    {.bitmap_index = 22701, .adv_w = 182, .box_w = 39, .box_h = 19, .ofs_x = -1, .ofs_y = 0},
    {.bitmap_index = 22792, .adv_w = 130, .box_w = 33, .box_h = 15, .ofs_x = 0, .ofs_y = 0},
    {.bitmap_index = 22882, .adv_w = 239, .box_w = 39, .box_h = 21, .ofs_x = 1, .ofs_y = 0},
    {.bitmap_index = 23011, .adv_w = 205, .box_w = 33, .box_h = 18, .ofs_x = 1, .ofs_y = 0},
    {.bitmap_index = 23122, .adv_w = 184, .box_w = 36, .box_h = 19, .ofs_x = 0, .ofs_y = 0},
    {.bitmap_index = 23272, .adv_w = 154, .box_w = 30, .box_h = 15, .ofs_x = 0, .ofs_y = 0},
    {.bitmap_index = 23388, .adv_w = 179, .box_w = 30, .box_h = 19, .ofs_x = 1, .ofs_y = 0},
    {.bitmap_index = 23483, .adv_w = 215, .box_w = 45, .box_h = 14, .ofs_x = -1, .ofs_y = 0},
    {.bitmap_index = 23628, .adv_w = 201, .box_w = 33, .box_h = 14, .ofs_x = 1, .ofs_y = 0},
    {.bitmap_index = 23713, .adv_w = 212, .box_w = 36, .box_h = 14, .ofs_x = 1, .ofs_y = 0},
    {.bitmap_index = 23825, .adv_w = 175, .box_w = 30, .box_h = 14, .ofs_x = 1, .ofs_y = 0},
    {.bitmap_index = 23856, .adv_w = 236, .box_w = 48, .box_h = 18, .ofs_x = -1, .ofs_y = -4},
    {.bitmap_index = 23974, .adv_w = 179, .box_w = 30, .box_h = 14, .ofs_x = 1, .ofs_y = 0},
    {.bitmap_index = 24030, .adv_w = 291, .box_w = 60, .box_h = 14, .ofs_x = -1, .ofs_y = 0},
    {.bitmap_index = 24233, .adv_w = 200, .box_w = 36, .box_h = 14, .ofs_x = 0, .ofs_y = 0},
    {.bitmap_index = 24371, .adv_w = 257, .box_w = 42, .box_h = 14, .ofs_x = 1, .ofs_y = 0},
    {.bitmap_index = 24472, .adv_w = 257, .box_w = 42, .box_h = 19, .ofs_x = 1, .ofs_y = 0},
    {.bitmap_index = 24627, .adv_w = 209, .box_w = 39, .box_h = 14, .ofs_x = 1, .ofs_y = 0},
    {.bitmap_index = 24739, .adv_w = 234, .box_w = 45, .box_h = 14, .ofs_x = -1, .ofs_y = 0},
    {.bitmap_index = 24835, .adv_w = 297, .box_w = 51, .box_h = 14, .ofs_x = 1, .ofs_y = 0},
    {.bitmap_index = 24980, .adv_w = 242, .box_w = 39, .box_h = 14, .ofs_x = 1, .ofs_y = 0},
    {.bitmap_index = 25025, .adv_w = 253, .box_w = 45, .box_h = 14, .ofs_x = 0, .ofs_y = 0},
    {.bitmap_index = 25192, .adv_w = 237, .box_w = 39, .box_h = 14, .ofs_x = 1, .ofs_y = 0},
    {.bitmap_index = 25228, .adv_w = 198, .box_w = 33, .box_h = 14, .ofs_x = 1, .ofs_y = 0},
    {.bitmap_index = 25315, .adv_w = 203, .box_w = 39, .box_h = 14, .ofs_x = 0, .ofs_y = 0},
    {.bitmap_index = 25438, .adv_w = 182, .box_w = 39, .box_h = 14, .ofs_x = -1, .ofs_y = 0},
    {.bitmap_index = 25479, .adv_w = 207, .box_w = 45, .box_h = 14, .ofs_x = -1, .ofs_y = 0},
    {.bitmap_index = 25632, .adv_w = 268, .box_w = 51, .box_h = 14, .ofs_x = 0, .ofs_y = 0},
    {.bitmap_index = 25803, .adv_w = 204, .box_w = 45, .box_h = 14, .ofs_x = -1, .ofs_y = 0},
    {.bitmap_index = 25961, .adv_w = 245, .box_w = 45, .box_h = 18, .ofs_x = 1, .ofs_y = -4},
    {.bitmap_index = 26023, .adv_w = 229, .box_w = 39, .box_h = 14, .ofs_x = 0, .ofs_y = 0},
    {.bitmap_index = 26096, .adv_w = 340, .box_w = 57, .box_h = 14, .ofs_x = 1, .ofs_y = 0},
    {.bitmap_index = 26160, .adv_w = 348, .box_w = 63, .box_h = 18, .ofs_x = 1, .ofs_y = -4},
    {.bitmap_index = 26247, .adv_w = 228, .box_w = 45, .box_h = 14, .ofs_x = -1, .ofs_y = 0},
    {.bitmap_index = 26335, .adv_w = 284, .box_w = 48, .box_h = 14, .ofs_x = 1, .ofs_y = 0},
    {.bitmap_index = 26423, .adv_w = 205, .box_w = 36, .box_h = 14, .ofs_x = 1, .ofs_y = 0},
    {.bitmap_index = 26502, .adv_w = 209, .box_w = 39, .box_h = 14, .ofs_x = 0, .ofs_y = 0},
    {.bitmap_index = 26639, .adv_w = 340, .box_w = 60, .box_h = 14, .ofs_x = 1, .ofs_y = 0},
    {.bitmap_index = 26827, .adv_w = 210, .box_w = 39, .box_h = 14, .ofs_x = -1, .ofs_y = 0},
    {.bitmap_index = 26938, .adv_w = 188, .box_w = 33, .box_h = 11, .ofs_x = 0, .ofs_y = 0},
    {.bitmap_index = 27040, .adv_w = 196, .box_w = 36, .box_h = 16, .ofs_x = 0, .ofs_y = 0},
    {.bitmap_index = 27199, .adv_w = 195, .box_w = 33, .box_h = 11, .ofs_x = 1, .ofs_y = 0},
    {.bitmap_index = 27284, .adv_w = 148, .box_w = 27, .box_h = 11, .ofs_x = 1, .ofs_y = 0},
    {.bitmap_index = 27308, .adv_w = 203, .box_w = 42, .box_h = 15, .ofs_x = -1, .ofs_y = -4},
    {.bitmap_index = 27405, .adv_w = 186, .box_w = 36, .box_h = 11, .ofs_x = 0, .ofs_y = 0},
    {.bitmap_index = 27511, .adv_w = 265, .box_w = 54, .box_h = 11, .ofs_x = -1, .ofs_y = 0},
    {.bitmap_index = 27668, .adv_w = 170, .box_w = 33, .box_h = 11, .ofs_x = 0, .ofs_y = 0},
    {.bitmap_index = 27770, .adv_w = 221, .box_w = 36, .box_h = 11, .ofs_x = 1, .ofs_y = 0},
    {.bitmap_index = 27848, .adv_w = 221, .box_w = 36, .box_h = 16, .ofs_x = 1, .ofs_y = 0},
    {.bitmap_index = 27978, .adv_w = 187, .box_w = 33, .box_h = 11, .ofs_x = 1, .ofs_y = 0},
    {.bitmap_index = 28064, .adv_w = 198, .box_w = 39, .box_h = 11, .ofs_x = -1, .ofs_y = 0},
    {.bitmap_index = 28137, .adv_w = 258, .box_w = 42, .box_h = 11, .ofs_x = 1, .ofs_y = 0},
    {.bitmap_index = 28243, .adv_w = 209, .box_w = 33, .box_h = 11, .ofs_x = 1, .ofs_y = 0},
    {.bitmap_index = 28276, .adv_w = 196, .box_w = 36, .box_h = 11, .ofs_x = 0, .ofs_y = 0},
    {.bitmap_index = 28393, .adv_w = 205, .box_w = 33, .box_h = 11, .ofs_x = 1, .ofs_y = 0},
    {.bitmap_index = 28416, .adv_w = 200, .box_w = 33, .box_h = 16, .ofs_x = 1, .ofs_y = -5},
    {.bitmap_index = 28532, .adv_w = 160, .box_w = 30, .box_h = 11, .ofs_x = 0, .ofs_y = 0},
    {.bitmap_index = 28622, .adv_w = 168, .box_w = 33, .box_h = 11, .ofs_x = 0, .ofs_y = 0},
    {.bitmap_index = 28652, .adv_w = 175, .box_w = 39, .box_h = 16, .ofs_x = -1, .ofs_y = -5},
    {.bitmap_index = 28801, .adv_w = 250, .box_w = 45, .box_h = 20, .ofs_x = 0, .ofs_y = -5},
    {.bitmap_index = 28972, .adv_w = 179, .box_w = 39, .box_h = 11, .ofs_x = -1, .ofs_y = 0},
    {.bitmap_index = 29090, .adv_w = 213, .box_w = 39, .box_h = 15, .ofs_x = 1, .ofs_y = -4},
    {.bitmap_index = 29139, .adv_w = 205, .box_w = 36, .box_h = 11, .ofs_x = 0, .ofs_y = 0},
    {.bitmap_index = 29202, .adv_w = 301, .box_w = 51, .box_h = 11, .ofs_x = 1, .ofs_y = 0},
    {.bitmap_index = 29244, .adv_w = 306, .box_w = 57, .box_h = 15, .ofs_x = 1, .ofs_y = -4},
    {.bitmap_index = 29312, .adv_w = 226, .box_w = 45, .box_h = 11, .ofs_x = -1, .ofs_y = 0},
    {.bitmap_index = 29391, .adv_w = 263, .box_w = 45, .box_h = 11, .ofs_x = 1, .ofs_y = 0},
    {.bitmap_index = 29465, .adv_w = 194, .box_w = 33, .box_h = 11, .ofs_x = 1, .ofs_y = 0},
    {.bitmap_index = 29529, .adv_w = 162, .box_w = 30, .box_h = 11, .ofs_x = 0, .ofs_y = 0},
    {.bitmap_index = 29622, .adv_w = 276, .box_w = 48, .box_h = 11, .ofs_x = 1, .ofs_y = 0},
    {.bitmap_index = 29755, .adv_w = 186, .box_w = 36, .box_h = 11, .ofs_x = -1, .ofs_y = 0},
    {.bitmap_index = 29847, .adv_w = 186, .box_w = 36, .box_h = 14, .ofs_x = 0, .ofs_y = 0},
    {.bitmap_index = 29983, .adv_w = 120, .box_w = 21, .box_h = 6, .ofs_x = 0, .ofs_y = 4},
    {.bitmap_index = 30021, .adv_w = 320, .box_w = 66, .box_h = 21, .ofs_x = -1, .ofs_y = -3},
    {.bitmap_index = 30208, .adv_w = 320, .box_w = 66, .box_h = 15, .ofs_x = -1, .ofs_y = 0},
    {.bitmap_index = 30404, .adv_w = 320, .box_w = 66, .box_h = 19, .ofs_x = -1, .ofs_y = -2},
    {.bitmap_index = 30564, .adv_w = 320, .box_w = 66, .box_h = 15, .ofs_x = -1, .ofs_y = 0},
    {.bitmap_index = 30737, .adv_w = 220, .box_w = 48, .box_h = 15, .ofs_x = -1, .ofs_y = 0},
    {.bitmap_index = 30920, .adv_w = 320, .box_w = 63, .box_h = 21, .ofs_x = -1, .ofs_y = -3},
    {.bitmap_index = 31196, .adv_w = 320, .box_w = 60, .box_h = 21, .ofs_x = 0, .ofs_y = -3},
    {.bitmap_index = 31454, .adv_w = 360, .box_w = 72, .box_h = 19, .ofs_x = -1, .ofs_y = -2},
    {.bitmap_index = 31705, .adv_w = 320, .box_w = 66, .box_h = 21, .ofs_x = -1, .ofs_y = -3},
    {.bitmap_index = 31885, .adv_w = 360, .box_w = 72, .box_h = 15, .ofs_x = -1, .ofs_y = 0},
    {.bitmap_index = 32054, .adv_w = 320, .box_w = 66, .box_h = 21, .ofs_x = -1, .ofs_y = -3},
    {.bitmap_index = 32330, .adv_w = 160, .box_w = 36, .box_h = 16, .ofs_x = -1, .ofs_y = 0},
    {.bitmap_index = 32401, .adv_w = 240, .box_w = 51, .box_h = 16, .ofs_x = -1, .ofs_y = -1},
    {.bitmap_index = 32520, .adv_w = 360, .box_w = 72, .box_h = 19, .ofs_x = -1, .ofs_y = -2},
    {.bitmap_index = 32809, .adv_w = 320, .box_w = 66, .box_h = 15, .ofs_x = -1, .ofs_y = 0},
    {.bitmap_index = 32966, .adv_w = 220, .box_w = 48, .box_h = 21, .ofs_x = -1, .ofs_y = -3},
    {.bitmap_index = 33159, .adv_w = 280, .box_w = 45, .box_h = 19, .ofs_x = 1, .ofs_y = -2},
    {.bitmap_index = 33276, .adv_w = 280, .box_w = 57, .box_h = 21, .ofs_x = -1, .ofs_y = -3},
    {.bitmap_index = 33414, .adv_w = 280, .box_w = 57, .box_h = 19, .ofs_x = -1, .ofs_y = -2},
    {.bitmap_index = 33531, .adv_w = 280, .box_w = 57, .box_h = 19, .ofs_x = -1, .ofs_y = -2},
    {.bitmap_index = 33603, .adv_w = 280, .box_w = 42, .box_h = 19, .ofs_x = 2, .ofs_y = -2},
    {.bitmap_index = 33720, .adv_w = 280, .box_w = 60, .box_h = 19, .ofs_x = -1, .ofs_y = -2},
    {.bitmap_index = 33862, .adv_w = 200, .box_w = 36, .box_h = 19, .ofs_x = 0, .ofs_y = -2},
    {.bitmap_index = 34012, .adv_w = 200, .box_w = 36, .box_h = 19, .ofs_x = 0, .ofs_y = -2},
    {.bitmap_index = 34165, .adv_w = 280, .box_w = 57, .box_h = 19, .ofs_x = -1, .ofs_y = -2},
    {.bitmap_index = 34286, .adv_w = 280, .box_w = 57, .box_h = 5, .ofs_x = -1, .ofs_y = 5},
    {.bitmap_index = 34317, .adv_w = 360, .box_w = 72, .box_h = 15, .ofs_x = -1, .ofs_y = 0},
    {.bitmap_index = 34603, .adv_w = 400, .box_w = 81, .box_h = 21, .ofs_x = -1, .ofs_y = -3},
    {.bitmap_index = 34969, .adv_w = 360, .box_w = 75, .box_h = 21, .ofs_x = -1, .ofs_y = -3},
    {.bitmap_index = 35189, .adv_w = 320, .box_w = 66, .box_h = 19, .ofs_x = -1, .ofs_y = -2},
    {.bitmap_index = 35447, .adv_w = 280, .box_w = 57, .box_h = 11, .ofs_x = -1, .ofs_y = 2},
    {.bitmap_index = 35582, .adv_w = 280, .box_w = 57, .box_h = 11, .ofs_x = -1, .ofs_y = 2},
    {.bitmap_index = 35721, .adv_w = 400, .box_w = 81, .box_h = 16, .ofs_x = -1, .ofs_y = -1},
    {.bitmap_index = 35925, .adv_w = 320, .box_w = 66, .box_h = 15, .ofs_x = -1, .ofs_y = 0},
    {.bitmap_index = 36002, .adv_w = 320, .box_w = 66, .box_h = 21, .ofs_x = -1, .ofs_y = -3},
    {.bitmap_index = 36181, .adv_w = 320, .box_w = 66, .box_h = 21, .ofs_x = -1, .ofs_y = -3},
    {.bitmap_index = 36401, .adv_w = 280, .box_w = 60, .box_h = 19, .ofs_x = -1, .ofs_y = -2},
    {.bitmap_index = 36682, .adv_w = 280, .box_w = 57, .box_h = 21, .ofs_x = -1, .ofs_y = -3},
    {.bitmap_index = 36806, .adv_w = 280, .box_w = 57, .box_h = 19, .ofs_x = -1, .ofs_y = -2},
    {.bitmap_index = 36943, .adv_w = 280, .box_w = 57, .box_h = 17, .ofs_x = -1, .ofs_y = -1},
    {.bitmap_index = 37027, .adv_w = 320, .box_w = 66, .box_h = 15, .ofs_x = -1, .ofs_y = 0},
    {.bitmap_index = 37181, .adv_w = 200, .box_w = 42, .box_h = 21, .ofs_x = -1, .ofs_y = -3},
    {.bitmap_index = 37341, .adv_w = 280, .box_w = 57, .box_h = 21, .ofs_x = -1, .ofs_y = -3},
    {.bitmap_index = 37487, .adv_w = 280, .box_w = 57, .box_h = 21, .ofs_x = -1, .ofs_y = -3},
    {.bitmap_index = 37651, .adv_w = 360, .box_w = 72, .box_h = 15, .ofs_x = -1, .ofs_y = 0},
    {.bitmap_index = 37874, .adv_w = 320, .box_w = 66, .box_h = 21, .ofs_x = -1, .ofs_y = -3},
    {.bitmap_index = 38054, .adv_w = 240, .box_w = 51, .box_h = 21, .ofs_x = -1, .ofs_y = -3},
    {.bitmap_index = 38147, .adv_w = 400, .box_w = 81, .box_h = 19, .ofs_x = -1, .ofs_y = -2},
    {.bitmap_index = 38429, .adv_w = 400, .box_w = 81, .box_h = 13, .ofs_x = -1, .ofs_y = 1},
    {.bitmap_index = 38533, .adv_w = 400, .box_w = 81, .box_h = 13, .ofs_x = -1, .ofs_y = 1},
    {.bitmap_index = 38637, .adv_w = 400, .box_w = 81, .box_h = 13, .ofs_x = -1, .ofs_y = 1},
    {.bitmap_index = 38741, .adv_w = 400, .box_w = 81, .box_h = 13, .ofs_x = -1, .ofs_y = 1},
    {.bitmap_index = 38845, .adv_w = 400, .box_w = 81, .box_h = 13, .ofs_x = -1, .ofs_y = 1},
    {.bitmap_index = 38939, .adv_w = 400, .box_w = 81, .box_h = 17, .ofs_x = -1, .ofs_y = -1},
    {.bitmap_index = 39155, .adv_w = 280, .box_w = 51, .box_h = 21, .ofs_x = 0, .ofs_y = -3},
    {.bitmap_index = 39432, .adv_w = 280, .box_w = 57, .box_h = 21, .ofs_x = -1, .ofs_y = -3},
    {.bitmap_index = 39577, .adv_w = 320, .box_w = 66, .box_h = 21, .ofs_x = -1, .ofs_y = -3},
    {.bitmap_index = 39790, .adv_w = 400, .box_w = 81, .box_h = 15, .ofs_x = -1, .ofs_y = 0},
    {.bitmap_index = 40002, .adv_w = 240, .box_w = 51, .box_h = 21, .ofs_x = -1, .ofs_y = -3},
    {.bitmap_index = 40113, .adv_w = 322, .box_w = 66, .box_h = 13, .ofs_x = -1, .ofs_y = 1}
};

/*---------------------
 *  CHARACTER MAPPING
 *--------------------*/

static const uint16_t unicode_list_2[] = {
    0x0, 0x1, 0x2, 0x3, 0xe, 0xf, 0x12, 0x13,
    0x24, 0x25, 0x35, 0x36, 0x3b, 0x3c, 0x4c, 0x4d,
    0x52, 0x53, 0x54, 0x55, 0x58, 0x59, 0x62, 0x63,
    0x71, 0x72, 0x2f5
};

static const uint16_t unicode_list_4[] = {
    0x0, 0x1bd1, 0xebb0, 0xebb7, 0xebba, 0xebbb, 0xebbc, 0xebc0,
    0xebc2, 0xebc4, 0xebc8, 0xebcb, 0xebd0, 0xebd5, 0xebd6, 0xebd7,
    0xebed, 0xebf2, 0xebf7, 0xebfa, 0xebfb, 0xebfc, 0xec00, 0xec01,
    0xec02, 0xec03, 0xec16, 0xec17, 0xec1d, 0xec1f, 0xec20, 0xec23,
    0xec26, 0xec27, 0xec28, 0xec2a, 0xec42, 0xec44, 0xec73, 0xec74,
    0xec76, 0xec78, 0xec8f, 0xec96, 0xec99, 0xeca2, 0xeccb, 0xecd3,
    0xed0a, 0xed9a, 0xedef, 0xedf0, 0xedf1, 0xedf2, 0xedf3, 0xee36,
    0xee42, 0xee9c, 0xeeb3, 0xf109, 0xf371, 0xf451
};

/*Collect the unicode lists and glyph_id offsets*/
static const lv_font_fmt_txt_cmap_t cmaps[] =
{
    {
        .range_start = 32, .range_length = 95, .glyph_id_start = 1,
        .unicode_list = NULL, .glyph_id_ofs_list = NULL, .list_length = 0, .type = LV_FONT_FMT_TXT_CMAP_FORMAT0_TINY
    },
    {
        .range_start = 160, .range_length = 96, .glyph_id_start = 96,
        .unicode_list = NULL, .glyph_id_ofs_list = NULL, .list_length = 0, .type = LV_FONT_FMT_TXT_CMAP_FORMAT0_TINY
    },
    {
        .range_start = 268, .range_length = 758, .glyph_id_start = 192,
        .unicode_list = unicode_list_2, .glyph_id_ofs_list = NULL, .list_length = 27, .type = LV_FONT_FMT_TXT_CMAP_SPARSE_TINY
    },
    {
        .range_start = 1040, .range_length = 64, .glyph_id_start = 219,
        .unicode_list = NULL, .glyph_id_ofs_list = NULL, .list_length = 0, .type = LV_FONT_FMT_TXT_CMAP_FORMAT0_TINY
    },
    {
        .range_start = 1105, .range_length = 62546, .glyph_id_start = 283,
        .unicode_list = unicode_list_4, .glyph_id_ofs_list = NULL, .list_length = 62, .type = LV_FONT_FMT_TXT_CMAP_SPARSE_TINY
    }
};

/*-----------------
 *    KERNING
 *----------------*/


/*Map glyph_ids to kern left classes*/
static const uint8_t kern_left_class_mapping[] =
{
    0, 0, 0, 1, 0, 0, 0, 2,
    1, 3, 0, 0, 0, 4, 5, 4,
    0, 0, 0, 0, 0, 0, 0, 0,
    0, 0, 0, 0, 0, 0, 0, 0,
    0, 0, 6, 7, 8, 9, 10, 11,
    0, 0, 0, 0, 8, 12, 0, 0,
    9, 13, 9, 14, 0, 15, 16, 17,
    17, 8, 18, 19, 3, 0, 0, 0,
    0, 0, 20, 21, 22, 0, 21, 23,
    0, 20, 0, 0, 0, 0, 20, 20,
    21, 21, 0, 24, 0, 22, 0, 25,
    25, 26, 25, 0, 3, 0, 0, 0,
    0, 27, 0, 0, 0, 0, 0, 0,
    0, 0, 0, 28, 0, 0, 0, 0,
    0, 0, 0, 0, 0, 0, 0, 0,
    0, 0, 0, 29, 0, 0, 0, 30,
    6, 6, 6, 6, 6, 6, 10, 8,
    10, 10, 10, 10, 0, 0, 0, 0,
    9, 0, 9, 9, 9, 9, 9, 0,
    9, 16, 16, 16, 16, 18, 13, 0,
    20, 20, 20, 20, 20, 20, 21, 0,
    21, 21, 21, 21, 0, 0, 0, 0,
    21, 0, 21, 21, 21, 21, 21, 0,
    21, 0, 0, 0, 0, 25, 21, 25,
    8, 0, 9, 31, 10, 21, 0, 0,
    0, 0, 12, 0, 0, 0, 0, 24,
    0, 0, 0, 0, 15, 22, 16, 0,
    19, 0, 0, 32, 33, 34, 35, 0,
    0, 36, 34, 0, 0, 36, 0, 0,
    0, 37, 0, 38, 39, 35, 40, 41,
    36, 0, 0, 0, 0, 42, 0, 42,
    37, 37, 0, 20, 0, 43, 44, 20,
    20, 45, 43, 0, 0, 45, 0, 0,
    0, 46, 0, 46, 0, 44, 47, 46,
    45, 20, 0, 0, 20, 48, 0, 48,
    46, 46, 0, 20, 0, 0, 0, 0,
    0, 0, 0, 0, 0, 0, 0, 0,
    0, 0, 0, 0, 0, 0, 0, 0,
    0, 0, 0, 0, 0, 0, 0, 0,
    0, 0, 0, 0, 0, 0, 0, 0,
    0, 0, 0, 0, 0, 0, 0, 0,
    0, 0, 0, 0, 0, 0, 0, 0,
    0, 0, 0, 0, 0, 0, 0, 0,
    0
};

/*Map glyph_ids to kern right classes*/
static const uint8_t kern_right_class_mapping[] =
{
    0, 0, 0, 1, 0, 0, 0, 2,
    1, 0, 3, 0, 0, 4, 5, 4,
    0, 0, 0, 0, 0, 0, 0, 0,
    0, 0, 0, 0, 0, 0, 0, 0,
    6, 0, 7, 0, 8, 0, 0, 0,
    8, 0, 0, 9, 0, 0, 0, 0,
    8, 0, 8, 0, 0, 10, 11, 12,
    12, 13, 14, 15, 0, 0, 3, 0,
    0, 0, 16, 17, 18, 18, 18, 0,
    19, 17, 0, 20, 17, 17, 21, 21,
    18, 21, 18, 21, 22, 0, 21, 23,
    23, 23, 23, 24, 0, 0, 3, 0,
    0, 0, 0, 0, 0, 0, 0, 0,
    0, 0, 0, 25, 0, 0, 0, 0,
    0, 0, 0, 0, 0, 0, 0, 0,
    0, 0, 0, 26, 0, 0, 0, 0,
    7, 7, 7, 7, 7, 7, 27, 8,
    0, 0, 0, 0, 0, 0, 0, 0,
    0, 0, 8, 8, 8, 8, 8, 0,
    8, 11, 11, 11, 11, 14, 0, 0,
    18, 16, 16, 16, 16, 16, 16, 18,
    18, 18, 18, 18, 0, 0, 0, 0,
    0, 0, 18, 18, 18, 18, 18, 0,
    18, 21, 21, 21, 21, 23, 17, 23,
    8, 18, 0, 18, 0, 18, 8, 19,
    0, 0, 0, 0, 0, 0, 0, 0,
    0, 22, 0, 0, 10, 0, 11, 21,
    15, 24, 0, 28, 0, 0, 0, 29,
    0, 30, 31, 0, 0, 0, 29, 0,
    0, 32, 0, 0, 32, 33, 34, 35,
    30, 0, 36, 0, 0, 37, 0, 0,
    31, 0, 38, 39, 0, 40, 40, 41,
    42, 43, 44, 40, 40, 40, 41, 40,
    40, 42, 40, 40, 42, 45, 46, 42,
    43, 40, 47, 40, 40, 45, 40, 40,
    44, 40, 48, 42, 0, 0, 0, 0,
    0, 0, 0, 0, 0, 0, 0, 0,
    0, 0, 0, 0, 0, 0, 0, 0,
    0, 0, 0, 0, 0, 0, 0, 0,
    0, 0, 0, 0, 0, 0, 0, 0,
    0, 0, 0, 0, 0, 0, 0, 0,
    0, 0, 0, 0, 0, 0, 0, 0,
    0, 0, 0, 0, 0, 0, 0, 0,
    0
};

/*Kern values between classes*/
static const int8_t kern_class_values[] =
{
    0, 0, 0, 0, 0, 0, -22, 0,
    0, 6, 0, 6, 0, 3, 0, -13,
    0, -19, -10, 0, -10, -10, 0, 0,
    0, 0, -26, -22, -19, 0, 0, 0,
    0, 0, 0, 0, 6, 0, -6, 0,
    -22, -19, 0, 0, 0, 0, 0, 0,
    0, 0, 0, 0, 0, 0, 0, 0,
    0, -19, 0, -6, 0, -10, 0, 0,
    0, 0, 0, 0, 0, 0, 0, 0,
    0, 0, 0, 0, 0, 0, 0, 0,
    0, 0, 0, 0, 0, 0, 0, 0,
    0, 0, 0, 0, 0, 0, 0, 0,
    0, 0, 0, 0, 0, 0, 0, 0,
    29, 0, 0, 0, 0, 0, 0, 0,
    0, 0, 0, 13, 0, 0, 0, 0,
    0, 0, 0, 0, 0, 0, 0, 0,
    0, 0, 0, 0, 0, 0, 0, 0,
    0, 0, 0, 0, 0, 0, 0, 0,
    0, 0, 0, 0, 0, 0, 0, -16,
    0, -22, -6, -19, 0, -19, 0, 0,
    0, 0, 0, 0, 0, 0, 0, 0,
    0, 0, 0, 0, 0, 0, 0, -16,
    -22, 0, -13, -26, -22, 0, 0, 0,
    0, 0, 0, 0, -16, 0, -19, 0,
    0, 0, 0, 0, 0, 0, 0, 0,
    0, -13, 0, 0, 0, 0, 0, 0,
    0, 0, 0, 0, 0, 0, 0, 0,
    0, 0, 0, 0, 0, 0, 0, 0,
    -13, 0, 0, 0, -13, 0, 0, 0,
    0, 0, 0, 0, -6, 0, 0, 0,
    -22, 0, 0, 0, 0, 0, 0, -6,
    16, -22, 0, -13, 0, -19, 0, 0,
    0, 0, 0, 0, 0, 0, 0, 0,
    0, 0, 0, 0, 0, 0, 0, 0,
    0, 0, 0, 0, 0, 0, 0, 0,
    0, 0, 0, 0, 0, 0, 0, 0,
    0, 0, 0, -3, 0, 0, 0, 0,
    0, 0, 0, 0, 0, 0, 0, 0,
    0, 0, 0, 0, 0, 0, 0, 0,
    0, 0, 0, 0, 0, 0, 0, 0,
    0, 0, 0, 0, 0, 0, 0, 0,
    0, 0, 0, 0, 0, 0, 0, 0,
    0, 0, 0, 0, 0, 0, 0, -6,
    0, 0, 0, 0, 0, 0, 0, 0,
    0, 0, 0, 0, 0, 0, 0, 0,
    -6, 0, 0, 0, 0, 0, 0, 0,
    0, 0, 0, 0, 0, 0, 0, 0,
    0, 0, 0, 0, 0, 0, 0, 0,
    0, 0, 0, -13, 0, 0, -6, 0,
    0, -10, 0, -3, -6, -3, -3, 0,
    0, 0, 0, 0, 0, 0, 0, 0,
    0, 0, 0, 0, 0, 0, 0, 0,
    0, 0, 0, 0, 0, 0, 0, 0,
    0, 0, 0, 0, 0, 0, 0, 0,
    0, 0, 0, 0, 0, 0, 0, 0,
    19, 0, 0, 0, 0, 0, 0, 0,
    0, 0, 0, 0, 0, 0, 0, 0,
    0, 0, 0, 0, 0, 0, 0, 0,
    0, 0, 0, 0, 0, 0, 0, 0,
    0, 0, 0, 0, 0, 0, 0, 0,
    0, 0, 6, -19, 0, 6, -6, 0,
    0, 0, 0, 0, 0, 0, 0, 0,
    0, 0, 0, 0, 0, 0, 0, 0,
    0, 0, 0, 0, 0, 0, 0, 0,
    0, 0, 0, 0, 0, 0, 0, 0,
    0, 0, 0, 0, 0, 0, 0, 0,
    -26, 0, 0, 0, 0, 0, 0, -6,
    0, -6, -3, -6, 0, -10, 0, 0,
    0, 0, 0, 0, 0, 0, 0, 0,
    0, 0, 0, 0, 0, 0, 0, 0,
    0, 0, 0, 0, 0, 0, 0, 0,
    0, 0, 0, 0, 0, 0, 0, 0,
    0, -3, 0, -42, 0, 0, -16, 0,
    0, 0, 0, 0, -6, 0, -3, 0,
    0, 0, 0, 0, 0, 0, 0, 0,
    -6, 0, -10, 0, 0, 0, 0, 0,
    0, 0, 0, 0, 0, 0, 0, 0,
    0, 0, 0, 0, 0, 0, 0, 0,
    0, 0, 0, 0, 0, 0, 0, 0,
    0, 0, 0, 0, 0, 0, 0, 0,
    0, 0, 0, 0, 0, 0, 0, 0,
    -3, 0, 0, 0, 0, 0, 0, 0,
    0, 0, 0, 0, 0, 0, 0, 0,
    0, 0, 0, 0, 0, 0, 0, 0,
    0, -6, 0, -19, -13, 6, -22, -6,
    0, 6, 0, 0, 0, 0, 0, -26,
    0, -22, -22, 0, -16, -19, -6, -13,
    -19, -10, 0, 0, 0, 0, 0, 0,
    0, 0, 0, 0, 0, 0, 0, 0,
    0, 0, 0, 0, 0, 0, 0, 0,
    0, 0, 0, -6, 0, 0, -3, 0,
    0, 0, 0, 0, 0, 0, 0, 0,
    0, 0, 0, 0, 0, 0, 0, 0,
    0, 0, 0, 0, 0, 0, 0, 0,
    0, 0, 0, 0, 0, 0, 0, 0,
    0, 0, 0, 0, 0, 0, 0, 0,
    0, 0, 0, -16, 0, 6, -13, -3,
    0, 0, 0, 0, 0, 0, 0, -6,
    0, -6, -3, 0, -3, -3, 0, 0,
    -10, -3, 0, 0, 0, 0, 0, 0,
    0, 0, 0, 0, 0, 0, 0, 0,
    0, 0, 0, 0, 0, 0, 0, 0,
    0, -10, 0, -19, 0, 6, -19, -6,
    0, 0, 0, 0, 0, 0, 0, -16,
    0, -16, -16, 0, -10, -13, 0, -6,
    -26, -10, 0, 0, 0, 0, 0, 0,
    0, 0, 0, 0, 0, 0, 0, 0,
    0, 0, 0, 0, 0, 0, 0, 0,
    0, 0, 0, 0, 0, 0, 0, -3,
    0, 0, 0, 0, 0, 0, 0, 0,
    0, 0, 0, 0, 0, 0, 0, 0,
    -6, 0, 0, 0, 0, 0, 0, 0,
    0, 0, 0, 0, 0, 0, 0, 0,
    0, 0, 0, 0, 0, 0, 0, 0,
    -3, 0, 0, 0, 0, 0, 0, 0,
    0, 0, 0, 0, 0, 0, 0, 0,
    0, 0, 0, 0, 0, 0, 0, 0,
    0, 0, 0, 0, 0, 0, 0, 0,
    0, 0, 0, 0, 0, 0, 0, 0,
    0, 0, 0, 0, 0, 0, 0, 0,
    -3, 0, 0, 0, 0, 0, 0, 0,
    0, 0, 0, 0, 0, 0, 0, 0,
    0, 0, 0, 0, 0, 0, -6, -3,
    0, 0, 0, 0, 0, 0, 0, 0,
    0, 0, 0, 0, 0, 0, 0, 0,
    0, 0, 0, 0, 0, 0, 0, 0,
    6, 0, 0, 0, 0, 0, 0, 0,
    0, 0, 0, 0, 0, 0, 0, 0,
    0, 0, 0, 0, 0, 0, 0, 0,
    0, 0, 0, 0, 0, 0, 0, 0,
    0, 0, 0, 0, 0, 0, 0, 0,
    0, 0, 0, 0, 0, 0, 0, 0,
    19, 0, 13, -6, 0, 0, 0, 0,
    0, 0, 0, 0, 0, 0, 0, 0,
    0, 0, 0, 0, 0, 0, 0, 0,
    0, 0, 0, 0, 0, 0, 0, 0,
    0, 0, 0, 0, 0, 0, 0, 0,
    0, 0, 0, 0, 0, 0, 0, 0,
    13, 0, 0, -19, 0, 0, 0, 0,
    0, 0, 0, 0, 0, 0, 0, -6,
    0, -6, -3, 0, 0, 0, 0, 0,
    0, 0, 0, 0, 0, 0, 0, 0,
    0, 0, 0, 0, 0, 0, 0, 0,
    0, 0, 0, 0, 0, 0, 0, 0,
    13, 0, 0, -13, 0, 6, 0, 0,
    0, 0, 0, 0, 0, 0, 0, 0,
    0, 0, 0, 0, 0, 0, 0, 0,
    0, 0, 0, 0, 0, 0, 0, 0,
    0, 0, 0, 0, 0, 0, 0, 0,
    0, 0, 0, 0, 0, 0, 0, 0,
    0, 0, 0, 0, 0, 0, 0, 0,
    0, 0, 0, 0, 0, 0, 0, 0,
    0, -6, 0, 0, 0, 0, 0, 0,
    0, 0, 0, 0, 0, 0, 0, 0,
    0, 0, 0, 0, 0, 0, 0, 0,
    0, 0, 0, 0, 0, 0, 0, 0,
    0, 0, 0, 0, 0, 0, 0, 0,
    16, -6, 0, -3, 0, -10, 0, 0,
    0, 0, 0, 0, 0, 0, 0, 0,
    0, 0, 0, 0, 0, 0, 0, 0,
    0, 0, 0, 0, 0, 0, 0, 0,
    0, 0, 0, 0, 0, 0, 0, 0,
    0, 0, 0, 0, 0, 0, 0, 0,
    0, -10, 0, -3, 0, -10, 0, 0,
    0, 0, 0, 0, 0, 0, 0, 0,
    0, 0, 0, 0, 0, 0, 0, 0,
    -10, 0, 0, 0, -3, 0, 0, 0,
    0, 0, 0, 0, 0, 0, 0, 0,
    0, 0, 0, 0, 0, 0, 0, 0,
    0, -19, 0, -10, -6, -26, 0, 0,
    0, 0, 0, 0, 0, 0, 0, 0,
    0, 0, 0, 0, 0, -6, 0, 0,
    -19, -6, 0, -6, -13, -3, 0, 0,
    0, 0, 0, 0, 0, 0, 0, 0,
    0, 0, 0, 0, 0, 0, 0, 0,
    32, -13, 0, -10, 0, -13, 0, 0,
    0, 0, 0, 0, 0, 0, 0, 0,
    0, 0, 0, 0, 0, 0, 0, 0,
    0, 0, 0, 0, 0, 0, 0, 0,
    0, 0, 0, 0, 0, 0, 0, 0,
    13, 0, 22, 0, 0, 26, 0, 0,
    0, 0, 0, 0, 0, 0, 0, 0,
    10, 0, 0, 0, 0, 0, 0, 0,
    0, 0, 0, 0, 0, 0, 0, 0,
    0, 0, 0, 0, 0, 0, 0, 0,
    0, 0, 0, 0, 0, 0, 0, 0,
    -22, 0, 0, 0, 0, 0, 0, 0,
    0, 0, 0, 0, 0, 0, 0, 0,
    0, 0, 0, 0, 0, 0, 0, 0,
    0, 0, 0, 0, 0, 0, 0, 0,
    -22, 0, -6, -16, -16, 0, 0, 0,
    0, 0, 0, 0, -6, 0, -6, 0,
    -6, 0, 0, 0, 0, 0, 0, 0,
    0, 0, 0, 0, 0, 0, 0, 0,
    0, 0, 0, 0, 0, 0, 0, 0,
    0, 0, 0, -3, 0, 0, 0, 0,
    0, 0, 0, -6, 0, 0, 0, 0,
    0, 0, 0, 0, 0, 0, 0, 0,
    0, 0, 0, -13, 0, 0, 0, 0,
    0, 0, 0, 0, 0, 0, 0, 0,
    0, 0, 0, 0, 0, 0, 0, 0,
    0, 0, 0, 0, 0, 0, 0, 0,
    0, 0, 0, 0, 0, 0, 0, 0,
    0, 0, 0, 0, 0, 0, 0, 0,
    0, 0, 0, -19, -13, 0, 0, 0,
    0, 0, 0, 0, 0, 0, 0, 0,
    0, 0, 0, 0, 0, 0, 0, 0,
    -19, -10, 0, -22, -16, 0, 0, -6,
    6, 0, -13, 0, 0, 0, -26, -16,
    -19, -22, -6, -6, -13, -13, -16, -10,
    0, 0, 0, 0, 0, 0, 0, 0,
    0, 0, 0, 0, 0, 0, 0, 0,
    0, 0, 0, 0, 0, 0, 0, 0,
    -6, 0, 0, 0, 0, 0, 0, -6,
    0, 0, -6, -6, 0, 0, 0, 0,
    0, 0, 0, 0, 0, 0, -6, 0,
    0, 0, 0, -13, 0, 0, 0, 0,
    0, 0, 0, 0, 0, 0, 0, 0,
    0, 0, 0, 0, 0, 0, 0, 0,
    0, 0, 0, -6, -6, -6, -3, 0,
    -10, -6, 0, -6, -3, 0, 0, 0,
    -3, 0, 0, 0, 0, 0, 0, 0,
    0, 0, 0, -42, 0, 0, 0, 0,
    0, 0, 0, 0, 0, 0, 0, 0,
    0, 0, 0, 0, 0, 0, 0, 0,
    -6, 0, 0, -16, -19, -6, 0, 0,
    0, 0, 0, 0, 0, 0, 0, 0,
    -16, 0, 0, 0, 0, 0, 0, 0,
    0, 0, 0, 0, 0, 0, 0, 0,
    0, 0, 0, 0, 0, 0, 0, 0,
    0, 0, 0, 0, 0, 0, 0, 0,
    -6, 0, 0, 0, 0, 0, 0, -6,
    0, 0, -6, 0, 0, 0, 0, 0,
    0, 0, 0, 0, 0, 0, -6, 0,
    0, 0, 0, -19, 0, 0, 0, 0,
    0, 0, 0, 0, 0, 0, 0, 0,
    0, 0, 0, 0, 0, 0, 0, 0,
    -16, -6, 0, -22, -16, 0, 0, -3,
    0, 0, -10, 0, 0, -3, 0, 0,
    -19, -6, 0, 0, 0, 0, -6, 0,
    0, 0, 0, -13, 0, 0, 0, 0,
    0, 0, 0, 0, 0, 0, 0, 0,
    0, 0, 0, 0, 0, 0, 0, 0,
    0, 0, 0, -6, -6, -6, -6, 0,
    -10, -10, 0, 0, -6, 0, 0, 0,
    -6, 0, 0, 0, 0, 0, 0, 0,
    -13, 0, 0, 0, 0, 0, 0, 0,
    0, 0, 0, 0, 0, 0, 0, 0,
    0, 0, 0, 0, 0, 0, 0, 0,
    0, 0, 0, 0, 0, 0, 0, 0,
    -16, -6, 0, -16, -19, 0, 0, 0,
    0, 0, 0, 0, -6, -6, -6, 0,
    0, 0, 0, 0, 0, 0, 0, 0,
    0, 0, 0, 0, 0, 0, 0, 0,
    0, 0, 0, 0, 0, 0, 0, 0,
    0, 0, 0, 0, 0, 0, 0, 0,
    0, 0, 0, 0, 0, 0, 0, 0,
    0, 0, 0, 0, 0, 0, 0, 10,
    0, 0, 0, -16, -6, 0, 0, 0,
    0, 0, 0, 0, 0, 0, 0, 0,
    0, 0, 0, 0, 0, 0, 0, 0,
    0, 0, 0, 0, 0, 0, 0, 0,
    0, 0, 0, 0, 0, 0, 0, 0,
    -10, -3, 0, 0, 0, 0, 0, 0,
    0, 0, 0, 0, 0, 0, 0, 0,
    0, 0, 0, 0, 0, 0, 0, 0,
    0, 0, 0, 0, 0, 0, 0, 0,
    0, 0, 0, 0, 0, 0, 0, 0,
    0, 0, 0, 0, 0, 0, 0, 0,
    0, -6, 0, 0, 0, 0, -6, 0,
    -3, 0, 0, 0, 0, 0, 0, 0,
    0, 0, 0, 0, 0, 0, 0, 0,
    0, 0, 0, 0, 0, 0, 0, 0,
    0, 0, 0, 0, 0, 0, 0, 0,
    0, 0, 0, 0, 0, 0, 0, 0,
    0, 0, -6, 0, -3, -3, -3, 0,
    0, 0, 0, -13, 0, 0, 0, 0,
    0, 0, 0, 0, 0, 0, 0, 0,
    0, 0, 0, 0, 0, 0, 0, 0,
    0, 0, 0, 0, 0, 0, 0, 0,
    0, 0, 0, 0, 0, 0, 0, 0,
    -6, 0, 0, 0, 0, 0, 0, 0,
    -19, 0, 0, 0, 0, 0, 0, 0,
    0, 0, 0, 0, 0, 0, 0, 0,
    0, 0, 0, 0, 0, 0, 0, 0,
    0, 0, 0, 0, 0, 0, 0, 0,
    0, 0, 0, 0, 0, 0, 0, 0,
    0, 0, -6, 0, -16, -10, -13, 0
};


/*Collect the kern class' data in one place*/
static const lv_font_fmt_txt_kern_classes_t kern_classes =
{
    .class_pair_values   = kern_class_values,
    .left_class_mapping  = kern_left_class_mapping,
    .right_class_mapping = kern_right_class_mapping,
    .left_class_cnt      = 48,
    .right_class_cnt     = 48,
};

/*--------------------
 *  ALL CUSTOM DATA
 *--------------------*/

#if LVGL_VERSION_MAJOR == 8
/*Store all the custom data of the font*/
static  lv_font_fmt_txt_glyph_cache_t cache;
#endif

#if LVGL_VERSION_MAJOR >= 8
static const lv_font_fmt_txt_dsc_t font_dsc = {
#else
static lv_font_fmt_txt_dsc_t font_dsc = {
#endif
    .glyph_bitmap = glyph_bitmap,
    .glyph_dsc = glyph_dsc,
    .cmaps = cmaps,
    .kern_dsc = &kern_classes,
    .kern_scale = 16,
    .cmap_num = 5,
    .bpp = 3,
    .kern_classes = 1,
    .bitmap_format = 1,
#if LVGL_VERSION_MAJOR == 8
    .cache = &cache
#endif
};



/*-----------------
 *  PUBLIC FONT
 *----------------*/

/*Initialize a public general font descriptor*/
#if LVGL_VERSION_MAJOR >= 8
const lv_font_t notosemi_20 = {
#else
lv_font_t notosemi_20 = {
#endif
    .get_glyph_dsc = lv_font_get_glyph_dsc_fmt_txt,    /*Function pointer to get glyph's data*/
    .get_glyph_bitmap = lv_font_get_bitmap_fmt_txt,    /*Function pointer to get glyph's bitmap*/
    .line_height = 26,          /*The maximum line height required by the font*/
    .base_line = 5,             /*Baseline measured from the bottom of the line*/
#if !(LVGL_VERSION_MAJOR == 6 && LVGL_VERSION_MINOR == 0)
    .subpx = LV_FONT_SUBPX_HOR,
#endif
#if LV_VERSION_CHECK(7, 4, 0) || LVGL_VERSION_MAJOR >= 8
    .underline_position = -2,
    .underline_thickness = 1,
#endif
    .dsc = &font_dsc,          /*The custom font data. Will be accessed by `get_glyph_bitmap/dsc` */
#if LV_VERSION_CHECK(8, 2, 0) || LVGL_VERSION_MAJOR >= 9
    .fallback = NULL,
#endif
    .user_data = NULL,
};



#endif /*#if NOTOSEMI_20*/

