/*******************************************************************************
 * Size: 16 px
 * Bpp: 3
 * Opts: --bpp 3 --size 16 --lcd --font NotoSans-SemiBold.ttf --range 32-127,160-255,268-271,282-283,286-287,304-305,321-322,327-328,344-345,350-351,352-353,356-357,366-367,381-382,8226,1025,1040-1103,1105 --font FontAwesome5-Solid+Brands+Regular.woff --range 61441,61448,61451,61452,61453,61457,61459,61461,61465,61468,61473,61478,61479,61480,61502,61507,61512,61515,61516,61517,61521,61522,61523,61524,61543,61544,61550,61552,61553,61556,61559,61560,61561,61563,61587,61589,61636,61637,61639,61641,61664,61671,61674,61683,61724,61732,61787,61931,62016,62017,62018,62019,62020,62087,62099,62189,62212,62810,63426,63650 --format lvgl -o notosemi_16.c
 ******************************************************************************/

#ifdef LV_LVGL_H_INCLUDE_SIMPLE
#include "lvgl.h"
#else
#include "lvgl/lvgl.h"
#endif

#ifndef NOTOSEMI_16
#define NOTOSEMI_16 1
#endif

#if NOTOSEMI_16

/*-----------------
 *    BITMAPS
 *----------------*/

/*Store the image of the glyphs*/
static LV_ATTRIBUTE_LARGE_CONST const uint8_t glyph_bitmap[] = {
    /* U+0020 " " */

    /* U+0021 "!" */
    0x0, 0x67, 0xfd, 0x58, 0x1c, 0x40, 0xe2, 0x6,
    0xe0, 0x71, 0x3, 0x10, 0x3e, 0x60, 0x73, 0x2,
    0x20, 0x78, 0x81, 0xdc, 0xf, 0x10, 0x38, 0x81,
    0x98, 0x19, 0x90, 0x38, 0xcf, 0xea, 0x80, 0xf2,
    0x6e, 0x44, 0xc, 0xa5, 0x92, 0xb1, 0x81, 0x2e,
    0x80, 0x8e, 0x40,

    /* U+0022 "\"" */
    0x0, 0x67, 0xfa, 0x20, 0xf, 0x7f, 0x66, 0x7,
    0x88, 0x2, 0x18, 0x2, 0xc0, 0x99, 0x3, 0x1e,
    0x6, 0xe4, 0x8, 0x81, 0x10, 0x3c, 0x58, 0x6,
    0x6, 0x60, 0x82, 0x18, 0x1c, 0xa6, 0xc8, 0xc0,
    0x8c, 0xfb, 0xc2, 0x0,

    /* U+0023 "#" */
    0x3, 0xfc, 0x67, 0xf4, 0x40, 0x46, 0x7f, 0x42,
    0x7, 0xff, 0x11, 0x10, 0x7, 0xa0, 0x24, 0x40,
    0x2e, 0x40, 0xff, 0xe1, 0x9e, 0xc0, 0x22, 0x4,
    0x7a, 0x0, 0x50, 0x1f, 0xfc, 0x32, 0x89, 0x2,
    0x18, 0x2, 0x88, 0x3, 0xc0, 0xff, 0x3b, 0xfe,
    0xd1, 0x0, 0x2f, 0x7e, 0xd1, 0x0, 0x33, 0x7f,
    0x54, 0x6, 0x72, 0xda, 0x32, 0x0, 0xbb, 0x68,
    0x80, 0x8b, 0xb7, 0xa2, 0x3, 0xcd, 0xc0, 0x90,
    0x2b, 0x37, 0x1, 0x8a, 0xad, 0xc9, 0x8, 0x12,
    0xbf, 0x6d, 0x10, 0x2, 0xee, 0xd4, 0x40, 0xb,
    0xdb, 0x98, 0x19, 0x4b, 0x68, 0xc8, 0x2, 0xed,
    0xa2, 0x20, 0xb, 0xb7, 0xba, 0x3, 0x8a, 0x58,
    0x10, 0xb, 0x25, 0x10, 0x40, 0x2a, 0x97, 0x12,
    0x3, 0xf9, 0x10, 0xb, 0xa0, 0x22, 0xc0, 0x2e,
    0x40, 0xff, 0xe1, 0x9e, 0x80, 0x12, 0x2, 0x58,
    0x82, 0x48, 0xf, 0xfe, 0x0,

    /* U+0024 "$" */
    0x3, 0xfe, 0x57, 0xe6, 0x7, 0xff, 0x14, 0xa7,
    0x23, 0xb0, 0x6d, 0xa4, 0x36, 0x44, 0xf, 0x29,
    0xb2, 0xc6, 0xc8, 0x80, 0x29, 0x1b, 0x48, 0xb1,
    0x1, 0x9c, 0x64, 0x2, 0x9a, 0xa0, 0x66, 0xfb,
    0x2c, 0xb1, 0x1, 0x10, 0x3e, 0x24, 0x7, 0x10,
    0x49, 0x34, 0x40, 0xc5, 0x52, 0x4, 0xaf, 0xa8,
    0x7, 0x20, 0x7f, 0xf0, 0xb, 0xd9, 0x1a, 0x3,
    0x8b, 0xdf, 0xb4, 0x64, 0xf, 0xe2, 0xe5, 0xfd,
    0x50, 0x2, 0x40, 0xb, 0x9a, 0xb0, 0x3f, 0xf8,
    0x86, 0xef, 0x50, 0x12, 0xcc, 0x1, 0x52, 0x1a,
    0x24, 0x7, 0xba, 0x4c, 0xc0, 0xc4, 0x80, 0xb2,
    0x72, 0xec, 0xfd, 0x50, 0x2e, 0xd3, 0x20, 0x15,
    0x88, 0x1, 0x9f, 0x58, 0xde, 0x44, 0x2, 0x72,
    0x2e, 0xf5, 0x1, 0xe2, 0x49, 0xc9, 0xbb, 0x7,
    0x46, 0xc8, 0x81, 0xff, 0xc5, 0x52, 0xc4, 0x7,
    0xfc,

    /* U+0025 "%" */
    0x3, 0x29, 0xb3, 0xfb, 0x58, 0x80, 0xff, 0x8c,
    0xfe, 0xa8, 0xf, 0xf9, 0x5a, 0x64, 0x26, 0x82,
    0x76, 0x90, 0x1f, 0x17, 0xd8, 0x2e, 0x20, 0x3f,
    0xcb, 0x20, 0xa, 0x59, 0x62, 0x0, 0xba, 0x3,
    0x94, 0x82, 0x14, 0x82, 0x7, 0xff, 0x0, 0x81,
    0x10, 0x38, 0x81, 0x32, 0x4, 0x64, 0x20, 0x64,
    0x20, 0x3f, 0xf8, 0xc4, 0xe, 0x20, 0x4c, 0x80,
    0x51, 0x90, 0xe3, 0x20, 0x7f, 0xf0, 0x96, 0x20,
    0x17, 0x45, 0x74, 0x0, 0xe6, 0x64, 0x20, 0xa5,
    0x6d, 0x7f, 0xf6, 0xa8, 0x81, 0xcf, 0xb2, 0x15,
    0xd5, 0x2, 0xe2, 0x4e, 0xc9, 0x38, 0x93, 0xc4,
    0x13, 0x8c, 0x92, 0xb1, 0x1, 0xc6, 0x6f, 0xb7,
    0x7d, 0x5, 0x84, 0x29, 0x5, 0xe2, 0x1, 0x78,
    0xe4, 0x20, 0xb, 0x20, 0x3f, 0x13, 0xc0, 0xb8,
    0xc1, 0x90, 0x80, 0x16, 0x4, 0x58, 0x18, 0x81,
    0x10, 0x3f, 0xf8, 0x4a, 0x41, 0xa, 0x32, 0x4,
    0x58, 0x11, 0x60, 0x62, 0x4, 0x40, 0xff, 0xe0,
    0x19, 0x8, 0x19, 0x8, 0xe, 0x59, 0x0, 0x5d,
    0xa9, 0xd0, 0x5, 0x90, 0x1f, 0xe7, 0x19, 0xf,
    0xb2, 0x7, 0xce, 0x56, 0x54, 0xad, 0x93, 0xb4,
    0x80, 0x0,

    /* U+0026 "&" */
    0x3, 0xe2, 0xa5, 0xdf, 0xf6, 0xca, 0xc8, 0x1f,
    0xfc, 0xa5, 0x35, 0x68, 0x92, 0x51, 0x32, 0x9a,
    0xa0, 0x3f, 0xf8, 0xe7, 0x30, 0x25, 0x35, 0xb6,
    0xa8, 0x9, 0x62, 0x7, 0xff, 0x1f, 0x90, 0x26,
    0x8, 0x11, 0xcc, 0x8, 0xf0, 0x3f, 0xf8, 0xe5,
    0xd4, 0x0, 0xcf, 0x23, 0x63, 0x20, 0xb8, 0xc8,
    0x1f, 0xfc, 0x87, 0xd0, 0x11, 0x6c, 0x41, 0x77,
    0x44, 0x7, 0xff, 0x21, 0x5d, 0x50, 0x1f, 0xc4,
    0xf, 0x94, 0xff, 0x66, 0x40, 0xf2, 0xb4, 0x88,
    0x5, 0x77, 0xd0, 0x82, 0xae, 0xa8, 0x2, 0xec,
    0x8, 0xd6, 0x40, 0xe3, 0x90, 0x19, 0xc4, 0x41,
    0x7b, 0x21, 0x5, 0x5f, 0xd5, 0x1, 0x38, 0xc0,
    0xfe, 0x20, 0x62, 0x80, 0xf1, 0x7a, 0xa0, 0x3e,
    0x52, 0x10, 0x1f, 0x8d, 0xa2, 0x4, 0xa7, 0xd6,
    0x45, 0xad, 0x95, 0x1, 0xf2, 0x95, 0x10, 0x3f,
    0x17, 0xb2, 0xb4, 0x4c, 0x9b, 0x24, 0x21, 0x39,
    0x77, 0xcc, 0x80, 0x57, 0x56, 0x40, 0x80,

    /* U+0027 "'" */
    0x0, 0x67, 0xfa, 0x20, 0x3c, 0x40, 0x10, 0xc0,
    0xc7, 0x81, 0xb9, 0x3, 0x8b, 0x0, 0xc0, 0xf9,
    0x4d, 0x91, 0x81, 0x0,

    /* U+0028 "(" */
    0x3, 0xe5, 0x7f, 0xab, 0x3, 0xf9, 0x5a, 0x40,
    0xc8, 0x60, 0x7c, 0x5c, 0x40, 0x15, 0x64, 0xf,
    0x8a, 0xa4, 0x2, 0xec, 0xf, 0xe5, 0x88, 0x3,
    0x90, 0x1f, 0xc7, 0xa0, 0x24, 0x40, 0xff, 0x32,
    0x4, 0x43, 0x3, 0xff, 0xa2, 0x40, 0x88, 0x60,
    0x7f, 0x9f, 0x20, 0x44, 0x80, 0xff, 0x14, 0x80,
    0x4b, 0x20, 0x3f, 0xc6, 0xb0, 0x25, 0x90, 0x1f,
    0xe3, 0x61, 0x0, 0xfa, 0x3, 0xfc, 0x5f, 0x64,
    0x2b, 0x10, 0x1f, 0xe3, 0x36, 0xd5, 0x81, 0x80,

    /* U+0029 ")" */
    0x6, 0x6f, 0xda, 0x10, 0x3e, 0x32, 0x10, 0x2f,
    0xb2, 0x7, 0xca, 0x32, 0xc, 0xa8, 0xf, 0x8d,
    0x44, 0x3, 0xe8, 0xf, 0x8e, 0x40, 0x4b, 0x10,
    0x3e, 0x5d, 0x1, 0x14, 0x7, 0xe2, 0x6, 0x60,
    0x81, 0xff, 0xc1, 0xe0, 0x7e, 0x20, 0x77, 0x20,
    0x78, 0xf6, 0x4, 0xc8, 0x1f, 0x24, 0x20, 0x16,
    0x40, 0x79, 0xd2, 0x1, 0x66, 0x7, 0x19, 0x48,
    0x5, 0xd8, 0x1c, 0xe3, 0x21, 0x5a, 0x40, 0x79,
    0x4d, 0xaa, 0x80, 0xf0,

    /* U+002A "*" */
    0x3, 0xf8, 0xcd, 0xfd, 0x8, 0x1f, 0xfc, 0x73,
    0xd8, 0x3, 0xc0, 0xff, 0xe0, 0x17, 0x6a, 0x34,
    0x84, 0xc, 0xc0, 0x14, 0xe5, 0xa8, 0x80, 0x9e,
    0x48, 0xe5, 0xad, 0x10, 0x5, 0x36, 0x58, 0xd2,
    0x88, 0x12, 0xbf, 0xed, 0x10, 0x1e, 0x33, 0x7f,
    0xb3, 0x3, 0xf2, 0x90, 0x82, 0x90, 0x81, 0x90,
    0xc8, 0x1f, 0xe3, 0x21, 0x0, 0x5d, 0xb4, 0x64,
    0x29, 0x8, 0xf, 0xe3, 0x36, 0x5a, 0x88, 0x1,
    0x9e, 0xef, 0x50, 0x1c,

    /* U+002B "+" */
    0x3, 0xfc, 0x5e, 0xfd, 0x10, 0x1f, 0xfc, 0x9e,
    0x4, 0x40, 0xff, 0xed, 0x94, 0xe4, 0xf5, 0x44,
    0x3, 0xf2, 0x7c, 0xc8, 0x7, 0xa3, 0x7f, 0x10,
    0x22, 0x9b, 0xfb, 0x20, 0xa, 0x7f, 0xf6, 0x64,
    0x2, 0xbf, 0xfd, 0x58, 0x1f, 0xfe, 0xb0,

    /* U+002C "," */
    0x2, 0x77, 0xfd, 0x10, 0x12, 0xe8, 0x9, 0x64,
    0x4, 0x50, 0x13, 0xe8, 0x9, 0x62, 0x1, 0xd4,
    0x4,

    /* U+002D "-" */
    0xa, 0x5b, 0xfe, 0x64, 0xc9, 0x7f, 0xdd, 0x80,

    /* U+002E "." */
    0x3, 0x26, 0xe4, 0x40, 0xca, 0x59, 0x2b, 0x18,
    0x12, 0xe8, 0x8, 0xe4, 0x0,

    /* U+002F "/" */
    0x3, 0xff, 0x86, 0xf7, 0xf5, 0x60, 0x7f, 0xf0,
    0xcb, 0xa4, 0x2, 0xcc, 0xf, 0xfe, 0x11, 0xb4,
    0x40, 0x2e, 0xc0, 0xff, 0xe1, 0x1a, 0x88, 0x5,
    0xd0, 0x1f, 0xfc, 0x23, 0x59, 0x0, 0xba, 0x3,
    0xff, 0x84, 0x6b, 0x2, 0x5d, 0x1, 0xff, 0xc2,
    0x55, 0x81, 0x3e, 0x80, 0xff, 0xe1, 0x2c, 0xc0,
    0x9e, 0x40, 0x7f, 0xf0, 0x97, 0x60, 0x4e, 0xa0,
    0x3f, 0xf8, 0x4b, 0xa0, 0x27, 0x48, 0x1f, 0xfc,
    0x25, 0xd0, 0x2, 0xe9, 0x3, 0xff, 0x84, 0xba,
    0x0, 0x55, 0x20, 0x7f, 0xf0, 0x0,

    /* U+0030 "0" */
    0x3, 0xc5, 0xcb, 0xbf, 0xed, 0x91, 0x90, 0x3f,
    0xca, 0xe8, 0xd1, 0x5, 0x13, 0x9c, 0xd5, 0x90,
    0x38, 0xc8, 0x40, 0x4e, 0xfd, 0x76, 0xa1, 0x0,
    0xa5, 0x40, 0x64, 0x84, 0x9, 0xd4, 0x7, 0x17,
    0x48, 0x13, 0xc4, 0x2, 0xe4, 0x8, 0xf2, 0x7,
    0xe2, 0x80, 0xc5, 0x1, 0x10, 0x33, 0x20, 0x7f,
    0x30, 0x39, 0x82, 0x7, 0xff, 0x44, 0x81, 0x99,
    0x3, 0xf9, 0x81, 0xcc, 0x10, 0xb9, 0x2, 0x3c,
    0x81, 0xf8, 0xa0, 0x31, 0x40, 0x4a, 0x90, 0x27,
    0x50, 0x1c, 0x5d, 0x20, 0x4b, 0x10, 0x22, 0xe2,
    0x2, 0x77, 0x65, 0xad, 0x90, 0x80, 0x32, 0x10,
    0x1e, 0x57, 0x56, 0x89, 0x92, 0x13, 0x29, 0x73,
    0x20, 0x40,

    /* U+0031 "1" */
    0x3, 0xfc, 0x5d, 0xdf, 0xe8, 0x80, 0xfc, 0xa6,
    0xc8, 0x88, 0x1f, 0xe2, 0xef, 0xac, 0x84, 0x84,
    0xf, 0xfe, 0x11, 0x77, 0xdc, 0x7, 0xfc, 0x5d,
    0xfa, 0x20, 0x3f, 0xff, 0xe0, 0x7f, 0xff, 0xc0,
    0xfc,

    /* U+0032 "2" */
    0x3, 0x8b, 0x97, 0x7f, 0xf6, 0xb1, 0x10, 0x3e,
    0x57, 0xe8, 0xd1, 0x4, 0xe0, 0x5, 0x3b, 0xa2,
    0x3, 0x94, 0x69, 0x25, 0xfd, 0xb6, 0xfa, 0x10,
    0x27, 0xd0, 0x1c, 0x65, 0xa6, 0x80, 0xf8, 0x92,
    0x3, 0x32, 0x7, 0xff, 0x18, 0x92, 0x3, 0x24,
    0x3, 0xff, 0x8a, 0xe4, 0x10, 0x6, 0x52, 0x7,
    0xff, 0x9, 0x4d, 0x10, 0x5, 0x3b, 0x20, 0x7f,
    0xf0, 0xb, 0xd5, 0x90, 0x5e, 0xac, 0x81, 0xff,
    0x17, 0x74, 0x20, 0xbb, 0xa1, 0x3, 0xfe, 0x2e,
    0xe8, 0x81, 0x77, 0x44, 0x7, 0xff, 0x0, 0xcf,
    0x10, 0x18, 0xa9, 0xb7, 0xfd, 0x59, 0xc, 0x90,
    0x1f, 0x13, 0xff, 0xc1, 0x7c, 0x0,

    /* U+0033 "3" */
    0x3, 0x27, 0x2e, 0xff, 0xed, 0x96, 0x22, 0x7,
    0xce, 0xd4, 0x68, 0x99, 0x28, 0x82, 0x49, 0xdd,
    0x50, 0x1c, 0xe5, 0x97, 0x7d, 0x96, 0xdb, 0xe8,
    0x40, 0x97, 0x40, 0x71, 0x4d, 0x10, 0x3f, 0x12,
    0x60, 0x7f, 0xf2, 0x49, 0x39, 0x8, 0x1, 0x71,
    0x1, 0xf9, 0x4f, 0xfb, 0x64, 0x61, 0xcd, 0x90,
    0x81, 0xfc, 0xfb, 0x4b, 0x88, 0x2, 0xe6, 0xac,
    0x81, 0xfc, 0x5c, 0xb7, 0xb7, 0xe8, 0x80, 0x29,
    0xa1, 0x3, 0xff, 0x8c, 0xf1, 0x3, 0x14, 0x0,
    0x92, 0x20, 0x7f, 0xc5, 0xd2, 0x6, 0x28, 0x3,
    0x97, 0x7e, 0xd9, 0x6e, 0xd9, 0xf4, 0x20, 0x4a,
    0x52, 0x1, 0xf6, 0x90, 0x99, 0x2c, 0x48, 0x14,
    0xe5, 0xd5, 0x90, 0x0,

    /* U+0034 "4" */
    0x3, 0xff, 0x8a, 0x66, 0xff, 0x56, 0x7, 0xff,
    0x28, 0xce, 0xc8, 0x1f, 0xfc, 0xe2, 0xfb, 0x20,
    0x7f, 0xf3, 0x8b, 0xf0, 0x86, 0xe0, 0x3f, 0xf9,
    0x6e, 0x41, 0xa, 0xcc, 0x7, 0xff, 0x29, 0x58,
    0x82, 0xb4, 0x80, 0xff, 0xe5, 0x2b, 0x48, 0x29,
    0x50, 0x1f, 0xfc, 0xa5, 0x69, 0x3, 0x21, 0x81,
    0xff, 0xcb, 0x5d, 0x1, 0x19, 0xbf, 0xf5, 0x60,
    0x65, 0x3f, 0x68, 0x40, 0xf6, 0x4b, 0xff, 0x82,
    0x48, 0xe, 0x29, 0x58, 0xf, 0x27, 0x6f, 0xff,
    0x6, 0x20, 0x32, 0xb6, 0x88, 0x81, 0xff, 0xd7,

    /* U+0035 "5" */
    0x2, 0x33, 0x7f, 0xff, 0xc4, 0x84, 0xf, 0x30,
    0x40, 0xc4, 0xff, 0xcb, 0x81, 0xf8, 0x81, 0x9f,
    0xdb, 0xfd, 0x59, 0x3, 0xc4, 0xc, 0x78, 0x1f,
    0xfc, 0x72, 0x18, 0x11, 0xb2, 0xde, 0x90, 0xd1,
    0x3, 0xff, 0x86, 0x52, 0xf3, 0x69, 0x76, 0x42,
    0x7, 0x17, 0xb6, 0xff, 0xda, 0xb4, 0x4, 0x5f,
    0x60, 0x7c, 0x4c, 0x7, 0x8a, 0x90, 0xc8, 0x11,
    0xc8, 0xf, 0xfe, 0x31, 0xe0, 0x7f, 0x8a, 0x20,
    0x7f, 0xc6, 0x52, 0x4, 0x72, 0x0, 0x54, 0xdf,
    0xdb, 0x56, 0xb6, 0x7c, 0xc8, 0x2, 0xfb, 0x2,
    0x2a, 0xb4, 0x4f, 0x24, 0x27, 0x27, 0x36, 0x42,
    0x4,

    /* U+0036 "6" */
    0x3, 0xf8, 0xb9, 0x76, 0x7f, 0xf5, 0x40, 0x7e,
    0x2e, 0xfd, 0x1a, 0x26, 0x4b, 0x89, 0x1, 0xf1,
    0x7e, 0x20, 0xa, 0x6f, 0xda, 0xde, 0xd1, 0x1,
    0xc6, 0xd1, 0x0, 0xa5, 0x64, 0xf, 0xfe, 0x22,
    0x42, 0x0, 0xe4, 0x53, 0x93, 0x9a, 0x20, 0x7c,
    0x79, 0x3, 0x5f, 0xac, 0x6f, 0xa5, 0xde, 0xa0,
    0x33, 0x3, 0x89, 0x39, 0x7f, 0xda, 0x20, 0x25,
    0x62, 0x3, 0xf1, 0x90, 0xd0, 0x18, 0xb8, 0xc8,
    0x12, 0x24, 0x1f, 0x20, 0x6e, 0x7, 0xfb, 0x81,
    0xdc, 0x1, 0x48, 0x40, 0x17, 0x50, 0x1e, 0x36,
    0x88, 0x13, 0xc4, 0x1, 0x90, 0xc0, 0x9d, 0xfa,
    0xd6, 0xd3, 0x20, 0xb, 0x88, 0xe, 0x53, 0xd8,
    0x89, 0x92, 0x13, 0x94, 0xd9, 0x8, 0x0,

    /* U+0037 "7" */
    0x2f, 0x7f, 0xff, 0xc9, 0xd0, 0x99, 0x13, 0xff,
    0xc4, 0x3, 0xdc, 0x2, 0x9b, 0x7f, 0xf0, 0xa2,
    0x3, 0x2a, 0xc8, 0x1f, 0xfc, 0x47, 0xd8, 0x12,
    0xec, 0xf, 0xfe, 0x21, 0x75, 0x1, 0x38, 0x80,
    0xff, 0xe2, 0x2b, 0x8, 0x3, 0x29, 0x3, 0xff,
    0x88, 0xbb, 0x2, 0x55, 0x90, 0x3f, 0xf8, 0x65,
    0xc4, 0x4, 0xbb, 0x3, 0xff, 0x88, 0x6d, 0x10,
    0x5, 0xc4, 0x7, 0xff, 0x11, 0x46, 0x40, 0x1b,
    0x44, 0xf, 0xfe, 0x23, 0x88, 0x9, 0x56, 0x40,
    0xff, 0xe1, 0x99, 0x48, 0x13, 0xec, 0xf, 0xfe,
    0x0,

    /* U+0038 "8" */
    0x3, 0x8a, 0x97, 0x67, 0xfe, 0xd6, 0x32, 0x7,
    0xe5, 0x35, 0x68, 0x84, 0xdc, 0x89, 0x27, 0x35,
    0x60, 0x72, 0xcc, 0x9, 0x4d, 0x64, 0xae, 0xac,
    0x9, 0x66, 0x6, 0x60, 0x81, 0x30, 0x3f, 0x88,
    0x1c, 0x40, 0xc6, 0xd2, 0x0, 0x66, 0xad, 0x39,
    0xaa, 0x0, 0x64, 0x20, 0x38, 0xbb, 0xa1, 0x5,
    0x4b, 0x19, 0xa, 0x6c, 0x64, 0xf, 0x94, 0xf0,
    0x81, 0x14, 0x40, 0x94, 0xf1, 0x1, 0xe5, 0x69,
    0x90, 0x66, 0xfa, 0xef, 0xa2, 0x5, 0xdc, 0xc8,
    0x5, 0xd0, 0x13, 0x8c, 0x81, 0xc5, 0xc8, 0x20,
    0xd, 0x44, 0x1, 0x3, 0x22, 0x7, 0xf3, 0xc4,
    0x9, 0x82, 0x15, 0x64, 0x1, 0x9f, 0x59, 0x2b,
    0xb2, 0xa0, 0x27, 0xd8, 0x11, 0x9b, 0x23, 0x44,
    0x26, 0xe4, 0x41, 0x52, 0xf8, 0x80, 0x0,

    /* U+0039 "9" */
    0x3, 0x8a, 0x97, 0x7f, 0xed, 0x62, 0x20, 0x7f,
    0x2b, 0xab, 0x44, 0x12, 0x44, 0x14, 0xee, 0xc6,
    0x40, 0xc5, 0xc4, 0x4, 0xaf, 0xd9, 0x77, 0xd0,
    0x80, 0x32, 0x10, 0x13, 0xc4, 0x9, 0x74, 0x7,
    0x8b, 0x88, 0x9, 0x74, 0x7, 0xff, 0x35, 0x90,
    0xb, 0x10, 0x25, 0x21, 0x1, 0x8a, 0x90, 0x80,
    0xfe, 0x7d, 0x90, 0x5, 0xdf, 0xf6, 0xa9, 0xa2,
    0x4, 0xc0, 0xe3, 0x36, 0x59, 0xd, 0xe9, 0x76,
    0x72, 0x40, 0x45, 0x1, 0xf1, 0x4d, 0xa4, 0xcd,
    0x12, 0xcc, 0x9, 0x62, 0x7, 0xff, 0x11, 0x4e,
    0xc0, 0x9c, 0x40, 0x71, 0x76, 0xfb, 0x67, 0xea,
    0xc8, 0x2f, 0x42, 0x7, 0xdd, 0xa5, 0xc4, 0xc9,
    0x25, 0xd9, 0x8, 0x1c,

    /* U+003A ":" */
    0x2, 0x77, 0xfb, 0x32, 0x4, 0xba, 0x2, 0x39,
    0x1, 0x29, 0x64, 0xac, 0x60, 0x72, 0x6e, 0x44,
    0xf, 0xfe, 0x92, 0x6e, 0x44, 0xc, 0xa5, 0x92,
    0xb1, 0x81, 0x2e, 0x80, 0x8e, 0x40,

    /* U+003B ";" */
    0x0, 0x5d, 0xfe, 0xcc, 0x81, 0x3c, 0x80, 0x8e,
    0x40, 0x4a, 0xd4, 0x95, 0x8c, 0xe, 0x4d, 0xc8,
    0x81, 0xff, 0xdd, 0x7b, 0xfd, 0x8, 0x12, 0xc4,
    0x9, 0xe2, 0x0, 0x93, 0x2, 0x75, 0x1, 0x2c,
    0x41, 0x74, 0x81, 0x0,

    /* U+003C "<" */
    0x3, 0xff, 0xc4, 0x53, 0xba, 0xb0, 0x3f, 0xf8,
    0x45, 0x39, 0xbe, 0xb1, 0x2, 0x40, 0x7f, 0x27,
    0x37, 0xd6, 0x30, 0xa5, 0xdf, 0x44, 0x4, 0x5c,
    0xbf, 0xac, 0x6e, 0x97, 0x7d, 0x5a, 0x20, 0x78,
    0xd8, 0xd0, 0x2, 0xa7, 0xad, 0x10, 0x3f, 0xf8,
    0x6, 0x7d, 0x62, 0xa, 0x5d, 0xfb, 0x46, 0x88,
    0x1f, 0xf1, 0x4e, 0xef, 0xda, 0x34, 0x1c, 0xbb,
    0xf6, 0xac, 0x81, 0xff, 0xc0, 0x2e, 0x5d, 0xf5,
    0x8d, 0x5, 0x90, 0x1f, 0xfc, 0x62, 0x9c, 0xbb,
    0xd6, 0x0,

    /* U+003D "=" */
    0x0, 0x9c, 0x9f, 0xfc, 0x84, 0x40, 0x1d, 0x1b,
    0xff, 0xe4, 0x74, 0x0, 0xcf, 0xff, 0xf9, 0x35,
    0x81, 0x27, 0x27, 0xff, 0x21, 0x10, 0x7, 0x46,
    0xff, 0xf9, 0x1d, 0x0,

    /* U+003E ">" */
    0x3, 0xff, 0xa0, 0xa6, 0xb1, 0x10, 0x3f, 0xf9,
    0xf, 0x84, 0xee, 0xfa, 0xc4, 0x40, 0xff, 0xe1,
    0x17, 0xbf, 0x58, 0xd9, 0x3b, 0xbe, 0xad, 0x10,
    0x3f, 0xf8, 0x29, 0xcb, 0xfb, 0x46, 0xe9, 0x77,
    0xd5, 0xa0, 0x3f, 0xf8, 0x45, 0xc8, 0xac, 0x80,
    0x2a, 0x74, 0x7, 0xe2, 0x9c, 0xbb, 0xf6, 0x8c,
    0x27, 0x37, 0xa8, 0x9, 0x4b, 0xbe, 0xb1, 0xbd,
    0x2e, 0xfa, 0xc6, 0x40, 0xe5, 0x9a, 0xa, 0x5d,
    0xf5, 0x8d, 0x10, 0x3f, 0xe5, 0x3f, 0x6a, 0xd1,
    0x3, 0xff, 0x8a,

    /* U+003F "?" */
    0x3, 0x17, 0x2e, 0xcf, 0xfd, 0xb2, 0xc4, 0x40,
    0xfc, 0xa4, 0x34, 0x4f, 0x22, 0x72, 0x77, 0xc4,
    0x7, 0x94, 0xd7, 0x7e, 0xda, 0xbb, 0x3c, 0x40,
    0xb, 0xc4, 0xf, 0x12, 0x44, 0xf, 0xfe, 0x11,
    0x3, 0xff, 0x8c, 0x5d, 0x88, 0x1, 0xb4, 0x40,
    0xff, 0xe0, 0xa9, 0xb2, 0x20, 0x5d, 0xcc, 0x81,
    0xff, 0xc0, 0x52, 0xb2, 0x14, 0xd9, 0x10, 0x1f,
    0xfc, 0x32, 0x80, 0x9f, 0x64, 0xf, 0xfe, 0x33,
    0xdb, 0x44, 0x7, 0xff, 0x20, 0xa5, 0xc0, 0x7f,
    0xf2, 0x1c, 0xb2, 0x56, 0x20, 0x3f, 0xf8, 0xcb,
    0x10, 0x25, 0xd8, 0x1f, 0xe0,

    /* U+0040 "@" */
    0x3, 0xff, 0x80, 0x53, 0x97, 0x67, 0xff, 0x6c,
    0xb1, 0xa2, 0x7, 0xff, 0x14, 0xbb, 0xb2, 0xc6,
    0xe5, 0x25, 0x6a, 0x45, 0x41, 0x4b, 0xb2, 0xb2,
    0x7, 0xfc, 0xae, 0x88, 0x3b, 0xfb, 0x58, 0xdc,
    0x91, 0xba, 0x5d, 0x95, 0x5, 0x3c, 0x20, 0x7c,
    0xa5, 0x41, 0x4d, 0x10, 0x2a, 0x5d, 0xff, 0xb6,
    0xa3, 0x57, 0xb2, 0x4e, 0x20, 0x39, 0xf6, 0xb,
    0x8c, 0x3, 0xba, 0xb7, 0x4b, 0x68, 0x81, 0x24,
    0x48, 0x1a, 0x88, 0x5d, 0x1, 0x2c, 0x81, 0x54,
    0x83, 0x21, 0x2, 0xfd, 0x69, 0x6c, 0x7, 0x10,
    0x7, 0x30, 0xc, 0x90, 0x2, 0xc0, 0x3e, 0x40,
    0x22, 0x4, 0xa9, 0x3, 0xdc, 0x9, 0x81, 0xff,
    0xcb, 0x20, 0x44, 0xf, 0xcc, 0x90, 0x11, 0x2,
    0x24, 0xc0, 0x32, 0x40, 0xb, 0x0, 0xf9, 0x0,
    0xf1, 0x5, 0x54, 0x40, 0x17, 0x10, 0x13, 0xc4,
    0x95, 0xa2, 0x17, 0x40, 0x4b, 0x10, 0x52, 0x10,
    0x5f, 0x88, 0xbb, 0xbf, 0x68, 0xe5, 0x88, 0xbd,
    0x95, 0x87, 0x69, 0x1, 0xce, 0x20, 0x64, 0x32,
    0xb, 0xbf, 0xdb, 0x5f, 0xab, 0x4e, 0xfd, 0xb7,
    0xd1, 0x1, 0xf9, 0x5a, 0x65, 0x4d, 0x95, 0xa4,
    0x27, 0xf9, 0x23, 0x95, 0x2, 0x7, 0xff, 0x9,
    0x4d, 0x95, 0xba, 0x5a, 0xd9, 0xfd, 0xb6, 0xb5,
    0x11, 0x3, 0xff, 0x90, 0x54, 0xbb, 0xfb, 0x6f,
    0xef, 0xed, 0x59, 0x3, 0xf8,

    /* U+0041 "A" */
    0x3, 0xff, 0x84, 0xaf, 0xfe, 0xac, 0xf, 0xfe,
    0x82, 0xe8, 0xf, 0x2c, 0xc0, 0xff, 0xe7, 0x2e,
    0x80, 0x14, 0x84, 0x2, 0xcc, 0xf, 0xfe, 0x62,
    0xe8, 0x9, 0x48, 0x44, 0x2, 0xac, 0xf, 0xfe,
    0x53, 0xe8, 0x9, 0xe2, 0x55, 0x10, 0x6, 0xb0,
    0x3f, 0xf9, 0xf, 0x20, 0x25, 0x90, 0x3, 0x50,
    0x11, 0xac, 0xf, 0xfe, 0x33, 0xa8, 0x9, 0x74,
    0x6, 0x39, 0x81, 0x1a, 0xc8, 0x1f, 0xfc, 0x37,
    0x48, 0x19, 0x4d, 0xbd, 0x18, 0x18, 0xd4, 0x40,
    0xff, 0xe0, 0xba, 0x40, 0xf1, 0x3f, 0x80, 0xf1,
    0xa8, 0x81, 0xfe, 0x2e, 0x90, 0x25, 0x7f, 0xff,
    0xe0, 0x54, 0x4, 0x6d, 0x10, 0x3f, 0x15, 0x48,
    0x12, 0xe8, 0xf, 0xfe, 0x2, 0xe8, 0x8, 0xaa,
    0x40, 0xf1, 0x54, 0x81, 0x2e, 0x80, 0xff, 0xe1,
    0x2e, 0x80, 0x8a, 0xa4, 0x8,

    /* U+0042 "B" */
    0x33, 0x7f, 0xff, 0xc2, 0xd6, 0xa2, 0x20, 0x7f,
    0xf0, 0x89, 0x25, 0x89, 0x0, 0x29, 0x1d, 0xd5,
    0x1, 0xff, 0x15, 0xed, 0xdb, 0x3f, 0x56, 0x6,
    0x5d, 0x81, 0xff, 0xc9, 0x5d, 0x1, 0xff, 0xcd,
    0x2a, 0x54, 0x4, 0x73, 0x3, 0xfc, 0x5e, 0xff,
    0xda, 0xb2, 0x4a, 0x6c, 0x60, 0x7f, 0xf0, 0x9,
    0x25, 0xe2, 0x40, 0xa, 0x9e, 0x20, 0x3f, 0xe2,
    0xbd, 0xbe, 0xd9, 0xea, 0x0, 0x5d, 0x88, 0xf,
    0xfe, 0x4a, 0xc4, 0xc, 0x48, 0xf, 0xfe, 0x41,
    0x78, 0x81, 0xc4, 0xf, 0xe2, 0xfe, 0xdf, 0x7d,
    0x10, 0x11, 0x71, 0x1, 0xff, 0x13, 0xf8, 0x12,
    0x4e, 0xec, 0x84, 0xc,

    /* U+0043 "C" */
    0x3, 0xfc, 0x9c, 0xbb, 0x3f, 0xf6, 0xcb, 0x51,
    0x10, 0x3e, 0x2e, 0xfb, 0x1a, 0x24, 0x9, 0xc0,
    0x92, 0x47, 0xd8, 0x1c, 0x67, 0x88, 0x9, 0x4d,
    0xfb, 0x6d, 0xfd, 0xad, 0x44, 0x6, 0x51, 0x90,
    0x25, 0x69, 0x90, 0x3f, 0x8a, 0x42, 0x6, 0x39,
    0x1, 0x9f, 0x40, 0x7f, 0xf2, 0x19, 0x3, 0x1e,
    0xc0, 0xff, 0xf4, 0x10, 0x31, 0xec, 0xf, 0xfe,
    0x4a, 0xc8, 0xc, 0xf2, 0x3, 0xff, 0x92, 0xba,
    0x3, 0x39, 0x8, 0xf, 0xf8, 0x98, 0xf, 0x2b,
    0x4c, 0x80, 0x2e, 0xfe, 0xdb, 0xdf, 0xdb, 0xd2,
    0x7, 0xca, 0x6c, 0xad, 0x12, 0x4, 0xf8, 0x12,
    0x49, 0x88,

    /* U+0044 "D" */
    0x33, 0x7f, 0xff, 0xc1, 0xd9, 0x63, 0x40, 0x7f,
    0xf1, 0x89, 0x25, 0x89, 0xe4, 0xe5, 0xfa, 0x10,
    0x3f, 0xf8, 0x25, 0x7b, 0x76, 0xd7, 0xd5, 0x90,
    0x5, 0xea, 0x80, 0xff, 0xe5, 0x15, 0x3c, 0x20,
    0x4b, 0xb0, 0x3f, 0xf9, 0x85, 0x52, 0x4, 0xb2,
    0x3, 0xff, 0x98, 0x49, 0x81, 0x99, 0x3, 0xff,
    0xda, 0x49, 0x81, 0x99, 0x3, 0xff, 0x96, 0x6d,
    0x10, 0x25, 0x90, 0x1f, 0xfc, 0x82, 0xef, 0x64,
    0x9, 0xf6, 0x7, 0xf8, 0xbf, 0xb7, 0xbf, 0x68,
    0x88, 0x5, 0x34, 0x40, 0x7f, 0xf0, 0x49, 0xfe,
    0x4d, 0xae, 0xf5, 0x90, 0x3e,

    /* U+0045 "E" */
    0x33, 0x7f, 0xff, 0xc5, 0xa8, 0xf, 0xf1, 0x4b,
    0xfe, 0xcc, 0xf, 0xc5, 0xfb, 0x7f, 0xe6, 0x40,
    0xff, 0xf6, 0x17, 0xbf, 0xff, 0x56, 0x7, 0xfc,
    0x4f, 0xff, 0x4, 0xf, 0xe2, 0xfe, 0xdf, 0xe8,
    0x80, 0xff, 0xf6, 0x97, 0xf6, 0xff, 0xa1, 0x3,
    0xfc, 0x4f, 0xff, 0x5, 0x80,

    /* U+0046 "F" */
    0x33, 0x7f, 0xff, 0xc5, 0xa8, 0xf, 0xe2, 0x49,
    0x7f, 0xd9, 0x81, 0xf8, 0xaf, 0x6f, 0xfc, 0xc8,
    0x1f, 0xfe, 0xc2, 0xbd, 0xbf, 0xe6, 0x40, 0xff,
    0x12, 0x4b, 0xfd, 0x98, 0x1f, 0xc5, 0xef, 0xff,
    0xd5, 0x1, 0xff, 0xff, 0x3, 0xff, 0x98,

    /* U+0047 "G" */
    0x3, 0xfc, 0x53, 0x97, 0x67, 0xff, 0x6c, 0xb5,
    0x19, 0x3, 0xf1, 0x53, 0x65, 0x8d, 0x12, 0x4,
    0xf0, 0x24, 0x91, 0xf6, 0x7, 0x8b, 0xf5, 0x90,
    0x5, 0xdd, 0xfb, 0x6e, 0xfe, 0xda, 0x88, 0xe,
    0x56, 0x10, 0x25, 0x34, 0x44, 0xf, 0xf1, 0x30,
    0x1e, 0x39, 0x81, 0x97, 0x60, 0x7f, 0xf2, 0xd9,
    0x3, 0x1c, 0xc0, 0xf1, 0x77, 0x6f, 0xf4, 0x40,
    0x7f, 0xc4, 0xf, 0x3c, 0x89, 0xff, 0xe0, 0x1,
    0x88, 0x18, 0xf2, 0x7, 0x95, 0xff, 0xaa, 0x3,
    0xf9, 0x64, 0x6, 0x75, 0x1, 0xff, 0xcc, 0x5d,
    0x81, 0x9c, 0xac, 0x81, 0xff, 0xca, 0x52, 0xb2,
    0x0, 0xa9, 0xbf, 0x6d, 0xef, 0x50, 0x1f, 0xfc,
    0x15, 0x36, 0x58, 0x90, 0x80, 0x27, 0xc0, 0x9,
    0x26, 0xdd, 0x0,

    /* U+0048 "H" */
    0x33, 0x7f, 0x68, 0x40, 0xff, 0xe0, 0xbd, 0xfe,
    0x88, 0xf, 0xff, 0xf8, 0x1f, 0xfe, 0x72, 0xf7,
    0xff, 0xfc, 0x18, 0x40, 0xff, 0xe1, 0x13, 0xff,
    0xc2, 0x3, 0xff, 0x84, 0x5f, 0xdb, 0xff, 0x83,
    0x8, 0x1f, 0xff, 0xf0, 0x3f, 0xfc, 0xe0,

    /* U+0049 "I" */
    0xf, 0x7f, 0xff, 0xc0, 0xa8, 0x2, 0x90, 0xc8,
    0x1e, 0x2e, 0x74, 0x0, 0xa7, 0x2a, 0x3, 0x29,
    0xd, 0x1, 0xff, 0xff, 0x3, 0xff, 0xd4, 0x53,
    0x95, 0x1, 0x97, 0x8d, 0x1, 0x29, 0xc, 0x81,
    0xe4, 0xe7, 0x40,

    /* U+004A "J" */
    0x3, 0xf8, 0xcf, 0xf6, 0x84, 0xf, 0xff, 0xf8,
    0x1f, 0xff, 0xf0, 0x3f, 0xfc, 0x5c, 0xf, 0xe2,
    0x90, 0xc, 0xc9, 0x2, 0xee, 0xd7, 0xd0, 0x81,
    0x2e, 0x80, 0xcc, 0x98, 0x1, 0x4e, 0xea, 0x80,
    0x0,

    /* U+004B "K" */
    0x33, 0x7f, 0x68, 0x40, 0xfe, 0x2f, 0x7f, 0xb4,
    0x20, 0x7f, 0xf1, 0x8c, 0xf0, 0x80, 0x53, 0xc2,
    0x7, 0xff, 0x11, 0x5c, 0xc8, 0x7, 0x69, 0x90,
    0x3f, 0xf8, 0x65, 0xea, 0x80, 0x19, 0xa2, 0x3,
    0xff, 0x86, 0xd4, 0xf0, 0x80, 0x57, 0x32, 0x7,
    0xff, 0xc, 0xa9, 0x59, 0x2, 0x7d, 0x1, 0xff,
    0xc7, 0x24, 0x7, 0x9c, 0x82, 0x7, 0xff, 0x19,
    0x4d, 0xf3, 0x20, 0xb, 0xec, 0x81, 0xff, 0xc3,
    0x24, 0x88, 0x33, 0xb2, 0x0, 0xce, 0xc8, 0x1f,
    0xfc, 0x83, 0x21, 0x81, 0x19, 0xd9, 0x3, 0xff,
    0x90, 0xa5, 0x40, 0x46, 0x43, 0x3, 0xff, 0x92,
    0xad, 0x20, 0x25, 0x2a, 0x0,

    /* U+004C "L" */
    0x33, 0x7f, 0x68, 0x40, 0xff, 0xff, 0x81, 0xff,
    0xff, 0x3, 0xff, 0xfe, 0x7, 0xff, 0x0, 0xbf,
    0xb7, 0xfd, 0x59, 0x3, 0xf8, 0x9f, 0xfe, 0x2,
    0xcc, 0x0,

    /* U+004D "M" */
    0x33, 0x7f, 0xed, 0x8, 0x1f, 0xfc, 0x35, 0x3f,
    0xfa, 0xb0, 0x3f, 0xc5, 0x21, 0x3, 0xff, 0x82,
    0xbb, 0x3, 0xff, 0x88, 0x48, 0x1, 0xa8, 0x81,
    0xff, 0x2c, 0x80, 0x12, 0x3, 0xff, 0x82, 0x94,
    0x0, 0xd4, 0x40, 0xfe, 0x59, 0x80, 0x4a, 0x20,
    0x7f, 0xf0, 0x77, 0x40, 0xd, 0x40, 0x7e, 0x5d,
    0x80, 0x5b, 0x0, 0xff, 0xe1, 0x10, 0xba, 0x0,
    0x6b, 0x3, 0xcb, 0x20, 0xb, 0x36, 0x4, 0xf,
    0xfe, 0x1a, 0xe8, 0x1, 0xcc, 0xc, 0xb3, 0x0,
    0xb3, 0x3, 0xff, 0x90, 0xba, 0x0, 0xb3, 0x0,
    0xbb, 0x0, 0xb3, 0x3, 0xff, 0x94, 0xb2, 0x0,
    0xb3, 0x59, 0x0, 0x59, 0x81, 0xff, 0xcc, 0x79,
    0x0, 0x52, 0xb0, 0xb, 0x30, 0x3f, 0xf9, 0xcf,
    0x20, 0x3c, 0xb3, 0x3, 0xff, 0xa0, 0xf1, 0x3,
    0x2c, 0xc0, 0xff, 0xe1, 0x80,

    /* U+004E "N" */
    0x33, 0x7f, 0xea, 0x80, 0xff, 0xe0, 0xab, 0xfe,
    0x84, 0xf, 0xf2, 0x90, 0x40, 0xff, 0xe9, 0x17,
    0xd9, 0x3, 0xff, 0x98, 0xe3, 0x20, 0xc, 0x84,
    0x7, 0xff, 0x30, 0xc8, 0x40, 0x4a, 0xc4, 0x7,
    0xff, 0x24, 0x80, 0x56, 0x10, 0x27, 0x20, 0x81,
    0xff, 0xcc, 0x7d, 0x90, 0x5, 0xf6, 0x40, 0xff,
    0xe5, 0x99, 0xc, 0x8, 0xc8, 0x40, 0x8, 0x1f,
    0xfc, 0x95, 0x2a, 0x2, 0x56, 0x60, 0x3f, 0xf9,
    0x8a, 0x41, 0x2, 0x6e, 0x3, 0xff, 0x98, 0x5f,
    0x64, 0xf, 0xfe, 0x91, 0x90, 0x80, 0xff, 0x0,

    /* U+004F "O" */
    0x3, 0xf8, 0xa7, 0x2e, 0xcf, 0xfd, 0xb2, 0xc6,
    0x88, 0x1f, 0xfc, 0x45, 0x36, 0x58, 0xd1, 0x20,
    0x4f, 0xc9, 0xcb, 0xb2, 0x10, 0x3f, 0xe5, 0x2b,
    0x20, 0xb, 0xbb, 0xf6, 0xdd, 0xfa, 0xb2, 0x0,
    0xbf, 0x8, 0x1f, 0x97, 0x60, 0x67, 0x21, 0x10,
    0x3f, 0x94, 0x84, 0x4, 0x5c, 0x40, 0x79, 0x64,
    0x6, 0x79, 0x1, 0xff, 0xc2, 0x5d, 0x1, 0x96,
    0x20, 0x78, 0x81, 0x8f, 0x60, 0x7f, 0xf1, 0x19,
    0x20, 0x31, 0x60, 0x7f, 0xf8, 0x48, 0x18, 0xf6,
    0x7, 0xff, 0x11, 0x92, 0x3, 0x16, 0x7, 0x2c,
    0x80, 0xcf, 0x20, 0x3f, 0xf8, 0x4b, 0xa0, 0x32,
    0xc4, 0xf, 0x2e, 0xc0, 0xce, 0x42, 0x3, 0xfc,
    0xa4, 0x20, 0x22, 0xe2, 0x3, 0xf2, 0x95, 0x90,
    0x5, 0xdf, 0xdb, 0x77, 0xf5, 0x64, 0x1, 0x9e,
    0x10, 0x3f, 0xe5, 0x36, 0x58, 0xd1, 0x3f, 0x2,
    0x49, 0xcb, 0xb1, 0x90, 0x3e,

    /* U+0050 "P" */
    0x33, 0x7f, 0xff, 0xc1, 0xd6, 0x32, 0x7, 0xff,
    0x4, 0x92, 0x51, 0x20, 0x5, 0x39, 0xb2, 0x10,
    0x3f, 0x8a, 0xf6, 0xdb, 0x3f, 0x54, 0x4, 0x5c,
    0x40, 0x7f, 0xf1, 0x97, 0x40, 0x66, 0x48, 0xf,
    0xfe, 0x31, 0x3, 0x98, 0x20, 0x7f, 0xf0, 0x8a,
    0x76, 0x20, 0x23, 0x90, 0x1f, 0x8b, 0xdf, 0xed,
    0x62, 0x2, 0x33, 0xb2, 0x7, 0xf1, 0x24, 0xb9,
    0xb4, 0xbb, 0xe6, 0x40, 0xff, 0x15, 0xed, 0xe9,
    0xd, 0x10, 0x3f, 0xff, 0xe0, 0x7f, 0xf0, 0x80,

    /* U+0051 "Q" */
    0x3, 0xf8, 0xa7, 0x2e, 0xcf, 0xfd, 0xb2, 0xc6,
    0x88, 0x1f, 0xfc, 0x45, 0x36, 0x58, 0xd1, 0x20,
    0x4f, 0xc9, 0xcb, 0xb2, 0x10, 0x3f, 0xe5, 0x2b,
    0x20, 0xb, 0xbb, 0xf6, 0xdd, 0xfa, 0xb2, 0x0,
    0xbf, 0x8, 0x1f, 0x97, 0x60, 0x67, 0x21, 0x10,
    0x3f, 0x94, 0x84, 0x4, 0x5c, 0x40, 0x79, 0x64,
    0x6, 0x79, 0x1, 0xff, 0xc2, 0x5d, 0x1, 0x96,
    0x20, 0x78, 0x81, 0x8f, 0x60, 0x7f, 0xf1, 0x19,
    0x20, 0x31, 0x60, 0x7f, 0xf8, 0x48, 0x18, 0xf6,
    0x7, 0xff, 0x11, 0x92, 0x3, 0x16, 0x7, 0x2c,
    0x80, 0xcf, 0x20, 0x3f, 0xf8, 0x4b, 0xa0, 0x32,
    0xc4, 0xf, 0x2e, 0xc0, 0xce, 0x42, 0x3, 0xfc,
    0xa4, 0x20, 0x33, 0x88, 0xf, 0xca, 0x56, 0x40,
    0x17, 0x7f, 0x6d, 0xdf, 0xd5, 0x90, 0x6, 0x68,
    0x40, 0xff, 0x94, 0xd9, 0x63, 0x44, 0xfc, 0x7,
    0x2b, 0xf3, 0x20, 0x7f, 0xf1, 0xa, 0x72, 0xec,
    0xff, 0x54, 0x6, 0x52, 0x10, 0x1f, 0xfd, 0x15,
    0x74, 0x20, 0xb, 0xba, 0x10, 0x3f, 0xfa, 0x5,
    0xec, 0x90, 0xd9, 0x74, 0x80, 0x70,

    /* U+0052 "R" */
    0x33, 0x7f, 0xff, 0xc0, 0xd9, 0x63, 0x20, 0x7f,
    0xf1, 0x4a, 0x42, 0x60, 0x49, 0x39, 0xb2, 0x10,
    0x3f, 0xf8, 0x5, 0xfb, 0x5b, 0x5f, 0xaa, 0x2,
    0x2e, 0x20, 0x3f, 0xf9, 0x2b, 0xa0, 0x33, 0x24,
    0x7, 0xff, 0x3d, 0x82, 0x7, 0xff, 0x18, 0xab,
    0x10, 0x12, 0xcc, 0xf, 0xf8, 0xbd, 0xff, 0x6a,
    0x88, 0x2e, 0xd3, 0x3, 0xff, 0x82, 0x49, 0x28,
    0x81, 0x8b, 0xf1, 0x1, 0xff, 0xc2, 0x2b, 0xdb,
    0x6a, 0x80, 0x17, 0xe1, 0x3, 0xff, 0x92, 0xad,
    0x20, 0x5, 0xf8, 0x40, 0xff, 0xe4, 0xab, 0x48,
    0x1, 0x7e, 0x10, 0x3f, 0xf9, 0x2a, 0xc4, 0x0,
    0xbf, 0x8, 0x0,

    /* U+0053 "S" */
    0x3, 0xc9, 0xcb, 0xbf, 0xf6, 0xcb, 0x51, 0x90,
    0x3c, 0xa7, 0xb1, 0xa2, 0x9, 0xc0, 0x92, 0x47,
    0x98, 0x1c, 0xbb, 0x2, 0x33, 0x7d, 0xb7, 0xf6,
    0xba, 0x20, 0x38, 0x81, 0xcc, 0x90, 0x1f, 0x8a,
    0x24, 0x7, 0x91, 0x20, 0x25, 0x6a, 0x22, 0x7,
    0xff, 0xc, 0xcf, 0x10, 0x12, 0x77, 0x7d, 0x5a,
    0x20, 0x7f, 0xc5, 0xdf, 0xa3, 0x44, 0x1, 0x52,
    0xec, 0x88, 0xf, 0xfe, 0x1, 0x72, 0xef, 0xa2,
    0x20, 0xb, 0xb0, 0x81, 0xff, 0xc4, 0x2e, 0xc4,
    0x6, 0x48, 0x4, 0x53, 0x44, 0xf, 0xf1, 0xcc,
    0xc, 0xc8, 0x1b, 0x4b, 0xbf, 0xb6, 0xf7, 0xcc,
    0x80, 0x2e, 0x20, 0x23, 0xa3, 0x44, 0x81, 0x3f,
    0x93, 0x9b, 0x21, 0x2,

    /* U+0054 "T" */
    0x2, 0x7b, 0xff, 0xfe, 0x5e, 0x84, 0xe, 0x28,
    0x9f, 0xe0, 0x3c, 0x4f, 0xe7, 0xc0, 0xf2, 0x9b,
    0x7d, 0xe9, 0x3, 0x39, 0xb7, 0xd5, 0x90, 0x3f,
    0xff, 0xe0, 0x7f, 0xff, 0xc0, 0xff, 0xff, 0x81,
    0xff, 0xfe,

    /* U+0055 "U" */
    0x53, 0xfd, 0x98, 0x1f, 0xfc, 0x12, 0xf7, 0xfa,
    0x10, 0x3f, 0xff, 0xe0, 0x7f, 0xff, 0xc0, 0xff,
    0xed, 0x10, 0x3f, 0xf8, 0x3c, 0xc, 0x40, 0x30,
    0x40, 0x8f, 0x60, 0x7f, 0xf0, 0x19, 0x20, 0x37,
    0x25, 0x90, 0x19, 0xf6, 0x40, 0xfc, 0x64, 0x20,
    0x23, 0x50, 0x5, 0x2a, 0x2, 0x53, 0x7e, 0xdb,
    0x7e, 0xcc, 0x80, 0x2e, 0x32, 0x6, 0x57, 0xd8,
    0xd1, 0x0, 0x4e, 0x4, 0x93, 0x9b, 0x22, 0x2,

    /* U+0056 "V" */
    0x0, 0x66, 0xff, 0x42, 0x7, 0xff, 0x8, 0xbd,
    0xfe, 0x88, 0xc, 0x6a, 0x20, 0x4e, 0x90, 0x3f,
    0xf8, 0x5, 0x52, 0x4, 0xf2, 0x3, 0x8d, 0x44,
    0x9, 0xd2, 0x7, 0xfc, 0xa9, 0x2, 0x79, 0x1,
    0xf1, 0xa8, 0x81, 0x2a, 0x40, 0xfe, 0x74, 0x81,
    0x3c, 0x80, 0xfe, 0x35, 0x10, 0x5, 0x52, 0x7,
    0xcf, 0x10, 0x27, 0x90, 0x1f, 0xf1, 0xa8, 0x80,
    0x29, 0x8, 0x1c, 0xf2, 0x2, 0x79, 0x1, 0xff,
    0xc1, 0x35, 0x10, 0x6, 0xa2, 0x4, 0xb2, 0x2,
    0x79, 0x1, 0xff, 0xc3, 0x35, 0x10, 0x6, 0xa0,
    0xb, 0xa0, 0x27, 0x90, 0x1f, 0xfc, 0x53, 0x51,
    0x0, 0x73, 0x59, 0x1, 0x3c, 0x80, 0xff, 0xe3,
    0x9a, 0x88, 0x5, 0x62, 0x2, 0x59, 0x1, 0xff,
    0xc9, 0x35, 0x10, 0x4, 0xc0, 0x17, 0x40, 0x7f,
    0xf2, 0xcd, 0x40, 0x79, 0x74, 0x7, 0xff, 0x0,

    /* U+0057 "W" */
    0x0, 0x5e, 0xff, 0x42, 0x7, 0xf8, 0xcd, 0xfe,
    0xac, 0xf, 0xf9, 0x5f, 0xf5, 0x40, 0x62, 0x90,
    0xc, 0x90, 0x81, 0xfc, 0x90, 0x81, 0x96, 0x40,
    0x7f, 0x1c, 0x80, 0x8e, 0x60, 0x71, 0xc8, 0x8,
    0xe6, 0x7, 0xe5, 0x88, 0x1e, 0x59, 0x1, 0xf1,
    0x48, 0x6, 0x48, 0x40, 0xf2, 0xc8, 0x9, 0x64,
    0x7, 0x97, 0x40, 0x12, 0x80, 0x96, 0x20, 0x79,
    0xe2, 0x4, 0xb1, 0x3, 0xf2, 0xc4, 0x9, 0x12,
    0x3, 0x1c, 0x80, 0x8c, 0xe8, 0x1, 0x48, 0x7,
    0x1c, 0x80, 0x96, 0x40, 0x7f, 0x14, 0x80, 0x47,
    0x20, 0x22, 0x90, 0x9, 0x62, 0xb1, 0x0, 0x72,
    0x2, 0x29, 0x0, 0x8e, 0x40, 0x7f, 0xc7, 0x20,
    0x25, 0xd0, 0x5, 0x48, 0x5, 0x90, 0x5, 0x48,
    0x5, 0xd0, 0x5, 0x88, 0x12, 0x42, 0x7, 0xff,
    0x1, 0x62, 0x4, 0xb1, 0x58, 0x80, 0x39, 0x1,
    0x14, 0x80, 0x4b, 0x15, 0xd0, 0x12, 0xc4, 0xf,
    0xfe, 0x12, 0x42, 0x0, 0x95, 0xcc, 0x1, 0x48,
    0x40, 0xc7, 0x20, 0x25, 0x72, 0x2, 0x59, 0x1,
    0xff, 0xc3, 0x39, 0x1, 0x26, 0xc4, 0x2, 0xc4,
    0xf, 0x2c, 0x80, 0x16, 0xc4, 0x1, 0xc8, 0xf,
    0xfe, 0x2a, 0xc8, 0xf, 0x96, 0x40, 0x7e, 0x78,
    0x81, 0xf2, 0x42, 0x7, 0xff, 0x19, 0x62, 0x7,
    0x1c, 0x80, 0xff, 0x24, 0x20, 0x72, 0xc4, 0xf,
    0xe0,

    /* U+0058 "X" */
    0x2, 0x2f, 0x7f, 0xb3, 0x20, 0x7f, 0xca, 0x7f,
    0xb4, 0x40, 0x78, 0xbf, 0x8, 0x3, 0x21, 0x81,
    0xf8, 0xb8, 0xc0, 0x94, 0x84, 0x7, 0xe2, 0xfb,
    0x20, 0x14, 0xa8, 0xe, 0x72, 0x8, 0x5, 0x69,
    0x1, 0xff, 0xc0, 0x32, 0x19, 0x0, 0xa4, 0x10,
    0xac, 0x40, 0x14, 0xa8, 0xf, 0xfe, 0x22, 0x90,
    0x80, 0x17, 0xb2, 0xa0, 0x6, 0x43, 0x3, 0xff,
    0x90, 0xac, 0x40, 0x44, 0x1, 0x7d, 0x90, 0x3f,
    0xf9, 0x4b, 0xa0, 0x3c, 0x49, 0x1, 0xff, 0xca,
    0x32, 0x18, 0x2, 0x90, 0x80, 0x52, 0xa0, 0x3f,
    0xf8, 0xc6, 0x76, 0x40, 0x39, 0x6b, 0xb2, 0x1,
    0x5a, 0x40, 0x7f, 0xf0, 0x8b, 0xec, 0x80, 0x56,
    0x20, 0x6, 0x42, 0x2, 0x56, 0x20, 0x3f, 0xe7,
    0x20, 0x80, 0x32, 0xa0, 0x3c, 0xac, 0x40, 0x4e,
    0x41, 0x3, 0xe5, 0x62, 0x0, 0x67, 0x60, 0x7f,
    0x9c, 0x82, 0x0, 0xbf, 0x8, 0x0,

    /* U+0059 "Y" */
    0x2, 0x77, 0xfd, 0x99, 0x3, 0xfe, 0x33, 0x7f,
    0xaa, 0x3, 0x38, 0xc0, 0x8c, 0x84, 0x7, 0xf2,
    0x8c, 0x80, 0x2e, 0x20, 0x38, 0xc8, 0x40, 0x4a,
    0x32, 0x7, 0x19, 0x8, 0x9, 0x48, 0x20, 0x7e,
    0x71, 0x90, 0x6, 0x42, 0x2, 0x51, 0x90, 0x6,
    0x42, 0x3, 0xfe, 0x32, 0x10, 0x12, 0x90, 0xa4,
    0x20, 0x25, 0x19, 0x3, 0xff, 0x84, 0xa3, 0x20,
    0xb, 0xac, 0x80, 0x32, 0x10, 0x1f, 0xfc, 0x53,
    0x21, 0x1, 0xf3, 0x8c, 0x81, 0xff, 0xc8, 0x51,
    0x81, 0x8b, 0xa8, 0xf, 0xff, 0xf8, 0x1f, 0xff,
    0x70,

    /* U+005A "Z" */
    0xe, 0xff, 0xff, 0xca, 0x88, 0xc, 0x4f, 0xff,
    0x14, 0xf, 0x1e, 0xc0, 0xca, 0x6d, 0xff, 0xc1,
    0x8c, 0xc, 0x5f, 0x64, 0xf, 0xfe, 0x2a, 0xb4,
    0x80, 0x9c, 0x82, 0x7, 0xff, 0x15, 0x5a, 0x40,
    0x4e, 0xc4, 0x7, 0xff, 0x15, 0x4a, 0x80, 0x95,
    0x88, 0xf, 0xfe, 0x29, 0x90, 0xc0, 0x95, 0xa4,
    0x7, 0xff, 0x14, 0xce, 0xc8, 0x5, 0x69, 0x1,
    0xff, 0xc5, 0x33, 0xb2, 0x1, 0x5a, 0x40, 0x7f,
    0xf1, 0x4c, 0xec, 0x80, 0x52, 0xa0, 0x3f, 0xf8,
    0xcf, 0xb2, 0x6, 0x77, 0x6f, 0xfe, 0x14, 0x40,
    0x47, 0x81, 0xf1, 0x3f, 0xfc, 0x44, 0x40, 0x80,

    /* U+005B "[" */
    0x0, 0x5e, 0xff, 0xfa, 0x10, 0x3f, 0xc5, 0x49,
    0xb1, 0x3, 0xfc, 0xfb, 0x79, 0x1, 0xff, 0xff,
    0x3, 0xff, 0xfe, 0x7, 0xff, 0x30, 0x9c, 0x7,
    0xff, 0x5, 0x4d, 0xaf, 0x8, 0x18, 0xa9, 0x6f,
    0xf8, 0x80,

    /* U+005C "\\" */
    0x2, 0x57, 0xfb, 0x32, 0x7, 0xff, 0x11, 0x74,
    0x0, 0xda, 0x20, 0x7f, 0xf1, 0x17, 0x40, 0xa,
    0xa4, 0xf, 0xfe, 0x22, 0xe8, 0x1, 0x74, 0x81,
    0xff, 0xc4, 0x5d, 0x81, 0x3a, 0x40, 0xff, 0xe2,
    0x2c, 0xc0, 0x9d, 0x40, 0x7f, 0xf1, 0x15, 0x60,
    0x4f, 0x20, 0x3f, 0xf8, 0x86, 0xb0, 0x27, 0xd0,
    0x1f, 0xfc, 0x43, 0x59, 0x0, 0xba, 0x3, 0xff,
    0x88, 0x6a, 0x20, 0x17, 0x40, 0x7f, 0xf1, 0xd,
    0xa2, 0x1, 0x74, 0x7, 0xff, 0x10, 0xba, 0x40,
    0x2e, 0xc0, 0x0,

    /* U+005D "]" */
    0x53, 0xff, 0xec, 0xc0, 0x3d, 0x26, 0x44, 0xf,
    0x8a, 0x6f, 0x76, 0x7, 0xff, 0xfc, 0xf, 0xff,
    0xc9, 0x3c, 0x7, 0xe5, 0x36, 0xd1, 0x1, 0xf2,
    0xb7, 0xfd, 0x10, 0x0,

    /* U+005E "^" */
    0x3, 0xfe, 0x4d, 0x91, 0x3, 0xff, 0x96, 0xa5,
    0x91, 0x62, 0x3, 0xff, 0x92, 0xbb, 0x3, 0x29,
    0x4, 0xf, 0xfe, 0x29, 0x71, 0x5, 0x74, 0x24,
    0xe3, 0x3, 0xff, 0x86, 0xac, 0x21, 0xf4, 0x5c,
    0x41, 0x48, 0x20, 0x7f, 0xf0, 0x1f, 0x60, 0xca,
    0x80, 0x94, 0x82, 0x1c, 0x60, 0x7f, 0x19, 0x50,
    0x55, 0x90, 0x38, 0xb8, 0x82, 0x90, 0x40, 0xf2,
    0x8c, 0x87, 0xd8, 0x1f, 0xca, 0x32, 0x1f, 0x64,
    0x8,

    /* U+005F "_" */
    0x0, 0xaf, 0xff, 0xfc, 0x6c, 0xc0, 0xe5, 0x76,
    0xff, 0xe3, 0xb0, 0x20,

    /* U+0060 "`" */
    0x0, 0x9c, 0x93, 0x62, 0x7, 0xc9, 0x3a, 0x72,
    0x35, 0x40, 0x78, 0xbd, 0x95, 0x95, 0x69, 0x90,

    /* U+0061 "a" */
    0x3, 0x14, 0xe5, 0xd9, 0xff, 0xb6, 0x56, 0x80,
    0xff, 0x1a, 0xd0, 0x4, 0x8d, 0x91, 0x32, 0x97,
    0x32, 0x7, 0x8b, 0xd9, 0xf6, 0x5a, 0x91, 0x75,
    0x40, 0x46, 0xa0, 0x3f, 0x88, 0x1f, 0xcc, 0x90,
    0x1c, 0x40, 0xe2, 0xed, 0x6f, 0xff, 0x66, 0x40,
    0xdc, 0xc, 0xae, 0x89, 0xa, 0x72, 0xd6, 0xd5,
    0x64, 0xf, 0xc7, 0x20, 0x23, 0x24, 0xd2, 0x13,
    0x2, 0x40, 0x7e, 0x3c, 0x81, 0x1b, 0x21, 0xba,
    0x5d, 0x50, 0x1f, 0xe7, 0xeb, 0x44, 0x93, 0x91,
    0x50, 0xbb, 0x22, 0x3, 0xc0,

    /* U+0062 "b" */
    0x2, 0x77, 0xfd, 0x50, 0x1f, 0xff, 0xf0, 0x3f,
    0xf8, 0x24, 0x94, 0xbb, 0xfe, 0xd6, 0x20, 0x3f,
    0xf8, 0x6e, 0x56, 0xe4, 0x84, 0x1, 0x4e, 0xe8,
    0x40, 0xff, 0xe0, 0xa9, 0xf5, 0xb6, 0xf5, 0x1,
    0x17, 0x10, 0x1f, 0xf2, 0xcc, 0xf, 0x97, 0x60,
    0x66, 0x48, 0xf, 0xf8, 0x81, 0xfc, 0xc1, 0x2,
    0x3c, 0xf, 0xfe, 0x1, 0x3, 0xf9, 0x82, 0x4,
    0x78, 0x1f, 0xf2, 0xcc, 0xf, 0x97, 0x60, 0x66,
    0x48, 0xf, 0xf9, 0x4f, 0xb2, 0xd6, 0xf5, 0x1,
    0x17, 0x10, 0x1f, 0xe2, 0xdc, 0x41, 0x48, 0x40,
    0x14, 0xee, 0x84, 0x8,

    /* U+0063 "c" */
    0x3, 0xc5, 0x4b, 0xb3, 0xff, 0x6c, 0xac, 0x81,
    0xca, 0xea, 0xd1, 0x39, 0x21, 0x39, 0x81, 0xc6,
    0x42, 0x2, 0x53, 0xec, 0xb5, 0xb3, 0xf6, 0x64,
    0x9, 0x21, 0x2, 0x5d, 0x81, 0xff, 0xc2, 0x3c,
    0xc, 0x49, 0x81, 0xff, 0xc4, 0xe0, 0x62, 0x4c,
    0xf, 0xfe, 0x19, 0x24, 0x6, 0x5d, 0x81, 0xfc,
    0x40, 0xe5, 0x61, 0x2, 0x53, 0xec, 0xb5, 0xb3,
    0xf6, 0x88, 0xc, 0x5e, 0xc8, 0xd1, 0x4, 0x92,
    0x13, 0x27, 0x98,

    /* U+0064 "d" */
    0x3, 0xff, 0x8e, 0xa7, 0xfa, 0xb0, 0x3f, 0xff,
    0x2a, 0x5d, 0xff, 0x6b, 0x10, 0x1f, 0xfc, 0x23,
    0x35, 0x68, 0x80, 0x29, 0x3, 0x6b, 0x4c, 0xf,
    0xf9, 0x56, 0x40, 0x95, 0xfa, 0xd6, 0xcf, 0x50,
    0x1f, 0xf1, 0x24, 0x6, 0x7d, 0x1, 0xf2, 0xec,
    0xf, 0xfb, 0x90, 0x22, 0x18, 0x1f, 0xcc, 0xf,
    0xfe, 0x7, 0x20, 0x44, 0x30, 0x3f, 0x98, 0x1f,
    0xf1, 0x26, 0x6, 0x7d, 0x1, 0xf2, 0xcc, 0xf,
    0xf9, 0x46, 0x40, 0x95, 0xfa, 0xdb, 0x7a, 0xc0,
    0xff, 0xe0, 0x99, 0xab, 0x44, 0x1, 0x48, 0xda,
    0x5f, 0x50, 0x1f, 0x80,

    /* U+0065 "e" */
    0x3, 0xc5, 0x4b, 0xbf, 0xf6, 0xc8, 0xc8, 0x1f,
    0xca, 0xea, 0xd1, 0x24, 0xdc, 0x81, 0x73, 0x63,
    0x20, 0x63, 0x2a, 0x2, 0x77, 0x59, 0x2b, 0xa2,
    0x0, 0x64, 0x20, 0x5, 0x20, 0x19, 0x66, 0x4f,
    0xc8, 0x90, 0x13, 0xc4, 0x7, 0x3, 0x95, 0xdb,
    0xf9, 0x90, 0x22, 0x4, 0x78, 0x1c, 0xa5, 0xbf,
    0xfc, 0x42, 0x1, 0x21, 0x2, 0x7d, 0xa5, 0xff,
    0xc2, 0x20, 0x46, 0x42, 0x0, 0x5e, 0xfa, 0xd4,
    0x8b, 0x6d, 0x9f, 0x30, 0x3c, 0xaf, 0xb1, 0xa2,
    0x49, 0x1b, 0x25, 0x6, 0xd5, 0x0,

    /* U+0066 "f" */
    0x3, 0xf8, 0xb9, 0x77, 0xfe, 0xd5, 0x90, 0x3e,
    0x2f, 0xc6, 0x88, 0x29, 0x67, 0x91, 0x3, 0xe7,
    0xc8, 0x11, 0x9a, 0xde, 0x64, 0xc, 0x5d, 0xd5,
    0x81, 0x8c, 0xff, 0x66, 0x40, 0xf8, 0xa4, 0x20,
    0x62, 0x9b, 0xd4, 0x90, 0x1c, 0x5c, 0x8e, 0xc0,
    0xcf, 0x49, 0x9a, 0x3, 0xff, 0xfe, 0x7, 0xff,
    0xf0,

    /* U+0067 "g" */
    0x3, 0xca, 0x5d, 0xff, 0x6b, 0x11, 0x57, 0xfa,
    0xb0, 0x3c, 0x5e, 0xad, 0x10, 0x5, 0x20, 0x6d,
    0x75, 0x40, 0x7f, 0x8d, 0x84, 0x9, 0x5f, 0xad,
    0x6c, 0xf5, 0x1, 0xff, 0xc0, 0x48, 0x6, 0x5d,
    0x1, 0xf2, 0xec, 0xf, 0xf1, 0xe0, 0x62, 0x4c,
    0xf, 0xe6, 0x8, 0x1f, 0xc7, 0x81, 0x88, 0x60,
    0x7f, 0xc4, 0xf, 0xf1, 0x40, 0x67, 0x90, 0x1f,
    0x1a, 0x80, 0xff, 0x95, 0x84, 0x9, 0xdf, 0xad,
    0xb6, 0x99, 0x3, 0xff, 0x80, 0x5e, 0xad, 0x10,
    0x5, 0x23, 0x65, 0x63, 0x3, 0xff, 0x86, 0xa5,
    0xdf, 0xf6, 0xb1, 0x12, 0x3, 0x88, 0x1f, 0x12,
    0x3, 0xff, 0x80, 0xba, 0x2, 0x24, 0xc0, 0xf2,
    0x9b, 0xf6, 0xb6, 0x92, 0xbb, 0x2a, 0x2, 0x56,
    0x10, 0x3c, 0xfb, 0x44, 0x25, 0x37, 0x22, 0xa,
    0x77, 0x56, 0x7, 0x0,

    /* U+0068 "h" */
    0x2, 0x77, 0xfd, 0x50, 0x1f, 0xff, 0xf0, 0x3f,
    0xf8, 0x24, 0x27, 0x77, 0xfd, 0xb2, 0x32, 0x7,
    0xff, 0x9, 0xda, 0x8c, 0x25, 0x10, 0x49, 0xcd,
    0x50, 0x1f, 0xfc, 0x13, 0x36, 0xad, 0xb6, 0x32,
    0x4, 0xb2, 0x3, 0xfe, 0x35, 0x90, 0x3c, 0x73,
    0x3, 0x10, 0x3f, 0xf8, 0xc, 0x81, 0xff, 0xc4,
    0x20, 0x7f, 0xff, 0xc0, 0xff, 0xf1, 0x80,

    /* U+0069 "i" */
    0x2, 0x53, 0x7e, 0xd0, 0x81, 0xc4, 0x80, 0x12,
    0x60, 0x65, 0x7f, 0xd5, 0x1, 0x9d, 0xff, 0x54,
    0x7, 0xff, 0xfc, 0xf, 0xfe, 0x50,

    /* U+006A "j" */
    0x3, 0xf9, 0x4d, 0xfb, 0x42, 0x7, 0xfc, 0x48,
    0x1, 0x26, 0x7, 0xf9, 0x5f, 0xf5, 0x40, 0x7f,
    0x9d, 0xff, 0x54, 0x7, 0xff, 0xfc, 0xf, 0xff,
    0xf8, 0x1f, 0xfc, 0x92, 0x18, 0x18, 0x81, 0x8b,
    0xb6, 0xde, 0x10, 0x25, 0x90, 0x1b, 0xb4, 0x84,
    0x81, 0x4e, 0xd2, 0x0,

    /* U+006B "k" */
    0x2, 0x77, 0xfd, 0x50, 0x1f, 0xff, 0xf0, 0x3f,
    0xf9, 0x4a, 0x6f, 0xf5, 0x40, 0x7f, 0xf1, 0x8c,
    0xd5, 0x90, 0x66, 0xa8, 0xf, 0xfe, 0x1, 0x0,
    0x5d, 0xcc, 0x82, 0xf6, 0x32, 0x7, 0xff, 0x8,
    0xe9, 0xe2, 0x0, 0xae, 0x84, 0xf, 0xfe, 0x2a,
    0x6c, 0x40, 0xe2, 0x40, 0x7f, 0xf2, 0xb, 0x8c,
    0x80, 0x53, 0xb2, 0x7, 0xff, 0x15, 0x48, 0x73,
    0xc2, 0x0, 0xcf, 0x8, 0x1f, 0xfc, 0x82, 0xf4,
    0x40, 0xb, 0xf1, 0x1, 0xff, 0xc9, 0x76, 0x90,
    0x2, 0xed, 0x20, 0x0,

    /* U+006C "l" */
    0x2, 0x77, 0xfd, 0x50, 0x1f, 0xff, 0xf0, 0x3f,
    0xfd, 0xc0,

    /* U+006D "m" */
    0x2, 0x77, 0xfa, 0xa2, 0xa5, 0xdf, 0xf6, 0xb1,
    0x10, 0xa, 0x5d, 0xff, 0x6c, 0x8c, 0x81, 0xff,
    0xc0, 0x57, 0x56, 0xe4, 0x84, 0x1, 0x4e, 0xfd,
    0x95, 0xb0, 0x48, 0x40, 0x12, 0x73, 0xc2, 0x7,
    0xff, 0x0, 0xcf, 0xad, 0xb6, 0x42, 0x4, 0x48,
    0x3d, 0xab, 0x5b, 0xc4, 0x4, 0x52, 0x1, 0xff,
    0x1a, 0xc0, 0xf1, 0x24, 0x6, 0x2a, 0x90, 0x3c,
    0x89, 0x1, 0xb9, 0x3, 0xfc, 0xc8, 0x1f, 0xfc,
    0x3e, 0x40, 0xff, 0xff, 0x81, 0xff, 0xff, 0x3,
    0xff, 0xc6,

    /* U+006E "n" */
    0x2, 0x77, 0xfa, 0xa2, 0xa5, 0xdf, 0xf6, 0xca,
    0xc8, 0x1f, 0xfc, 0x15, 0x75, 0x6c, 0x12, 0x88,
    0x24, 0xa6, 0xa8, 0xf, 0xfe, 0x9, 0x9b, 0x56,
    0xdb, 0x19, 0x2, 0x59, 0x1, 0xff, 0x1a, 0xc8,
    0x1e, 0x39, 0x81, 0x88, 0x1f, 0xfc, 0x6, 0x40,
    0xff, 0xe2, 0x10, 0x3f, 0xff, 0xe0, 0x7f, 0xf8,
    0xc0,

    /* U+006F "o" */
    0x3, 0xc5, 0x4b, 0xb3, 0xff, 0x6b, 0x11, 0x3,
    0xfe, 0x57, 0x56, 0x89, 0x92, 0x88, 0x29, 0xdd,
    0x8c, 0x81, 0xe3, 0x2a, 0x2, 0x57, 0xeb, 0x6d,
    0xf3, 0x20, 0xc, 0x84, 0x6, 0x29, 0x0, 0xcf,
    0xa0, 0x3e, 0x36, 0x88, 0x12, 0xc8, 0xd, 0xc0,
    0xc4, 0x30, 0x3f, 0x88, 0x60, 0x62, 0x6, 0x3c,
    0xc, 0x49, 0x81, 0xfc, 0x43, 0x3, 0xfc, 0x90,
    0x81, 0x2e, 0x80, 0xf8, 0xda, 0x20, 0x4b, 0x20,
    0x31, 0x90, 0xc0, 0x95, 0xfa, 0xdb, 0x7c, 0xc8,
    0x3, 0x21, 0x81, 0xf2, 0x9e, 0xc4, 0x4c, 0x94,
    0x41, 0x4e, 0x6c, 0x64, 0xc,

    /* U+0070 "p" */
    0x2, 0x77, 0xfa, 0xa0, 0x5d, 0xdf, 0xf6, 0xb1,
    0x1, 0xff, 0xc2, 0x57, 0xe8, 0xd9, 0x21, 0x0,
    0x53, 0xba, 0x10, 0x3f, 0xf8, 0x2a, 0x7d, 0x6d,
    0xbd, 0x40, 0x45, 0xc4, 0x7, 0xfc, 0xb3, 0x3,
    0xe5, 0xd8, 0x19, 0x92, 0x3, 0xfe, 0x20, 0x7f,
    0x30, 0x40, 0x8f, 0x3, 0xff, 0x80, 0x40, 0xfe,
    0x60, 0x81, 0x1e, 0x7, 0xfc, 0xb3, 0x3, 0xe5,
    0xd8, 0x19, 0x92, 0x3, 0xfe, 0x53, 0xec, 0xb5,
    0xbd, 0x40, 0x45, 0xc4, 0x7, 0xfc, 0xed, 0x36,
    0x9, 0x8, 0x2, 0x9d, 0xd0, 0x81, 0xff, 0xc0,
    0x21, 0x4b, 0xbf, 0xed, 0x62, 0x3, 0xff, 0xfe,
    0x7, 0xff, 0x24,

    /* U+0071 "q" */
    0x3, 0xc9, 0xdd, 0xff, 0x6b, 0x11, 0x57, 0xfa,
    0xb0, 0x3c, 0x5e, 0xb1, 0x10, 0x5, 0x20, 0x6d,
    0x75, 0x40, 0x7f, 0x95, 0x84, 0x9, 0x5f, 0xad,
    0x6c, 0xf5, 0x1, 0xff, 0x12, 0x40, 0x65, 0xd0,
    0x1f, 0x2e, 0xc0, 0xff, 0xb9, 0x2, 0x24, 0xc0,
    0xfe, 0x60, 0x7f, 0xf0, 0x39, 0x2, 0x21, 0x81,
    0xfc, 0xc0, 0xff, 0x89, 0x30, 0x33, 0xc8, 0xf,
    0x96, 0x60, 0x7f, 0xca, 0x32, 0x4, 0xef, 0xd6,
    0xdb, 0x2b, 0x3, 0xff, 0x82, 0x66, 0xad, 0x10,
    0x5, 0x23, 0x65, 0x69, 0x81, 0xff, 0xc3, 0x52,
    0xef, 0xfb, 0x58, 0x80, 0xff, 0xff, 0x81, 0xff,
    0xce,

    /* U+0072 "r" */
    0x2, 0x77, 0xfa, 0x20, 0x54, 0xdf, 0xea, 0x80,
    0xff, 0x97, 0xba, 0xb2, 0x4, 0x48, 0xf, 0xfe,
    0x1, 0x4a, 0x9b, 0xfd, 0xa2, 0x3, 0xff, 0x80,
    0x64, 0x32, 0x7, 0xff, 0x1d, 0x92, 0x3, 0xff,
    0xfe, 0x7, 0xff, 0x54,

    /* U+0073 "s" */
    0x3, 0x17, 0x2e, 0xff, 0xed, 0x96, 0x22, 0x6,
    0x57, 0x46, 0x8a, 0x6f, 0x24, 0x5, 0x13, 0x1,
    0x1c, 0x80, 0x8b, 0x93, 0xad, 0x6f, 0xd5, 0x81,
    0x8e, 0x40, 0x45, 0xec, 0xb1, 0x90, 0x3f, 0xe5,
    0x75, 0x68, 0x82, 0x9c, 0xdf, 0xb4, 0x40, 0x7e,
    0x2a, 0x5d, 0xf5, 0x88, 0x80, 0x2e, 0xd2, 0x3,
    0xff, 0x80, 0x53, 0xbd, 0x90, 0x26, 0x48, 0x1,
    0x9f, 0xb6, 0x5a, 0x93, 0x5e, 0xc8, 0x2, 0x90,
    0x80, 0x39, 0xa0, 0x9, 0x1b, 0xc8, 0x14, 0xef,
    0x84, 0x0,

    /* U+0074 "t" */
    0x3, 0xf2, 0x9f, 0xb4, 0x20, 0x7f, 0xf1, 0x16,
    0x60, 0x7f, 0xf1, 0x4a, 0xba, 0xb0, 0x22, 0xf7,
    0xfd, 0x50, 0x1e, 0x24, 0xc8, 0x1c, 0x5b, 0xf7,
    0x60, 0x71, 0x72, 0x11, 0x2, 0x2a, 0xc9, 0xc8,
    0x81, 0xff, 0xff, 0x3, 0xdc, 0xc, 0x43, 0x3,
    0xff, 0x86, 0x49, 0x81, 0x9d, 0xd6, 0xe8, 0x80,
    0xfe, 0x56, 0x9a, 0x20, 0xa, 0x53, 0x3, 0x0,

    /* U+0075 "u" */
    0x2, 0x7b, 0xfd, 0x10, 0x1f, 0xca, 0xff, 0xaa,
    0x3, 0xff, 0xfe, 0x7, 0xff, 0xd8, 0x93, 0x3,
    0xfe, 0x2c, 0xc, 0x88, 0x1f, 0x15, 0x48, 0x1f,
    0xf2, 0xc8, 0x8, 0xcd, 0x64, 0xae, 0xc8, 0x40,
    0xff, 0xe0, 0xbb, 0x51, 0x10, 0x53, 0x7e, 0xba,
    0x20, 0x3e,

    /* U+0076 "v" */
    0x0, 0x5e, 0xff, 0x44, 0x7, 0xf8, 0xcf, 0xf6,
    0x84, 0xe, 0x2a, 0x90, 0x27, 0x90, 0x1f, 0x8d,
    0x60, 0x45, 0x52, 0x7, 0x8b, 0xa4, 0x9, 0xf4,
    0x7, 0x8d, 0x60, 0x46, 0xd1, 0x3, 0xf9, 0xd4,
    0x4, 0xb2, 0x3, 0x1a, 0xc0, 0x8d, 0x44, 0xf,
    0xf9, 0xf4, 0x4, 0xf2, 0x0, 0x6b, 0x2, 0x35,
    0x90, 0x3f, 0xf8, 0x2b, 0xa0, 0x27, 0x91, 0xac,
    0x9, 0x56, 0x7, 0xff, 0x11, 0x76, 0x4, 0xbc,
    0x40, 0x4b, 0xb0, 0x3f, 0xf8, 0xcb, 0x30, 0x5,
    0x21, 0x0, 0xba, 0x3, 0xff, 0x90, 0xab, 0x3,
    0xcf, 0xa0, 0x3f, 0xe0,

    /* U+0077 "w" */
    0x2, 0x77, 0xfd, 0x50, 0x1f, 0x29, 0xff, 0xa1,
    0x3, 0xe5, 0x7f, 0xd5, 0x1, 0xcf, 0x10, 0x25,
    0x88, 0x1c, 0x72, 0x3, 0xc9, 0x8, 0x1c, 0xb2,
    0x2, 0x5d, 0x1, 0xe5, 0x48, 0x12, 0x42, 0x4,
    0x52, 0x10, 0x5b, 0x10, 0x72, 0x3, 0x1c, 0x80,
    0x8e, 0x40, 0x7c, 0x52, 0x1, 0x1c, 0x80, 0x96,
    0x20, 0xab, 0x90, 0x5, 0x90, 0x12, 0x42, 0x0,
    0xd4, 0x7, 0xf1, 0xc8, 0x9, 0x64, 0x16, 0x40,
    0x1e, 0x2b, 0xa0, 0xb, 0x20, 0xb1, 0x0, 0x52,
    0x10, 0x3f, 0xcb, 0xa0, 0x27, 0x9e, 0x40, 0x16,
    0x40, 0x16, 0x20, 0x11, 0x79, 0x1, 0x2c, 0x40,
    0xff, 0xe0, 0x2c, 0x40, 0x12, 0xc8, 0x1, 0xc8,
    0x8, 0xa4, 0x0, 0x6d, 0x20, 0x25, 0x90, 0x1f,
    0xfc, 0x25, 0x48, 0x4, 0x84, 0x14, 0x84, 0xc,
    0x72, 0x0, 0x4c, 0x1, 0x64, 0x7, 0xff, 0xc,
    0xa4, 0x20, 0x72, 0xc4, 0xf, 0x2c, 0x80, 0xe3,
    0x98, 0x1f, 0x80,

    /* U+0078 "x" */
    0x3, 0x3b, 0xfe, 0xd0, 0x81, 0xf2, 0x9f, 0xf5,
    0x40, 0x7e, 0x76, 0x20, 0x5, 0xf8, 0x40, 0x8c,
    0x86, 0x4, 0xad, 0x20, 0x3f, 0xce, 0xc4, 0x0,
    0xbe, 0xd4, 0xec, 0x80, 0x56, 0x90, 0x1f, 0xfc,
    0x27, 0x21, 0x0, 0x32, 0xb2, 0x1, 0x5a, 0x40,
    0x7f, 0xf1, 0x4b, 0xe8, 0xf, 0x9f, 0x40, 0x7f,
    0xf1, 0xcc, 0x84, 0x7, 0xce, 0x32, 0x7, 0xff,
    0x10, 0xce, 0xc8, 0x5, 0x75, 0x40, 0xc, 0xec,
    0x81, 0xff, 0xc0, 0x33, 0xb2, 0x1, 0x4a, 0x8a,
    0x90, 0x80, 0x19, 0xd9, 0x3, 0xf1, 0x9d, 0x90,
    0x6, 0x43, 0x3, 0x17, 0x20, 0x80, 0x33, 0xb2,
    0x4,

    /* U+0079 "y" */
    0x0, 0x5e, 0xff, 0x54, 0x7, 0xf9, 0x4f, 0xfa,
    0x10, 0x38, 0xba, 0x40, 0x97, 0x40, 0x7e, 0x39,
    0x81, 0x17, 0x48, 0x1f, 0x38, 0x80, 0x97, 0x40,
    0x78, 0xd6, 0x4, 0x55, 0x20, 0x7f, 0x2e, 0x80,
    0x97, 0x40, 0x63, 0x58, 0x11, 0xb4, 0x40, 0xff,
    0x97, 0x60, 0x4b, 0xb0, 0x6, 0xb0, 0x23, 0x51,
    0x3, 0xff, 0x82, 0xab, 0x2, 0x59, 0x25, 0x60,
    0x46, 0xb2, 0x7, 0xff, 0xc, 0xd8, 0x40, 0x2f,
    0xc8, 0x9, 0x56, 0x7, 0xff, 0x18, 0xba, 0x40,
    0x24, 0x20, 0x17, 0x60, 0x7f, 0xf2, 0x5d, 0x40,
    0x72, 0xe8, 0xf, 0xfe, 0x8a, 0xe8, 0xf, 0xfe,
    0x52, 0x90, 0x80, 0x9c, 0x40, 0x7f, 0xf1, 0xb,
    0xb6, 0xde, 0xb0, 0x25, 0x61, 0x3, 0xff, 0x8d,
    0xda, 0x42, 0xa, 0x77, 0x54, 0x7, 0xff, 0x10,

    /* U+007A "z" */
    0xa, 0x7f, 0xff, 0xc5, 0xac, 0x9, 0xe6, 0xff,
    0xc8, 0x81, 0xc5, 0x1, 0x15, 0x27, 0xea, 0x19,
    0x2, 0x76, 0x10, 0x3f, 0xe3, 0x3b, 0x20, 0xbb,
    0x10, 0x1f, 0xf2, 0x9d, 0x90, 0x5f, 0x88, 0xf,
    0xf9, 0x4a, 0xc8, 0x2f, 0xc2, 0x7, 0xfc, 0xad,
    0x30, 0x6, 0x78, 0x40, 0xff, 0x94, 0xa8, 0x8,
    0xbf, 0x64, 0xfc, 0xd0, 0x2, 0x48, 0xe, 0x29,
    0xbf, 0xf5, 0xc4, 0x0,

    /* U+007B "{" */
    0x3, 0xfe, 0x2e, 0xec, 0xfe, 0x88, 0xf, 0xe3,
    0x3c, 0x44, 0xc9, 0xf6, 0x7, 0xf3, 0x24, 0x0,
    0xbf, 0x63, 0x20, 0x7f, 0x10, 0x3b, 0x90, 0x3f,
    0xfa, 0xa7, 0xb0, 0x26, 0x7, 0xf1, 0x77, 0x69,
    0x90, 0x5f, 0x60, 0x7e, 0x79, 0x12, 0x0, 0x55,
    0xc8, 0xf, 0xe5, 0x7f, 0x68, 0x8a, 0x96, 0x90,
    0x1f, 0xfc, 0x2, 0xf2, 0x2, 0x64, 0xf, 0xfe,
    0xb9, 0x3, 0xc4, 0xf, 0xfe, 0xb, 0x24, 0x0,
    0xcf, 0x62, 0x20, 0x7f, 0x19, 0xe2, 0x26, 0x4f,
    0x30,

    /* U+007C "|" */
    0xa, 0xfe, 0xd0, 0x81, 0xff, 0xff, 0x3, 0xff,
    0xe2,

    /* U+007D "}" */
    0xe, 0xff, 0x6b, 0x11, 0x3, 0xfe, 0x59, 0x10,
    0x53, 0xb1, 0x81, 0xfe, 0x2e, 0xea, 0x80, 0x97,
    0x20, 0x7f, 0xf0, 0x59, 0x3, 0x98, 0x1f, 0xfd,
    0x82, 0x4, 0x88, 0x1f, 0xfc, 0x13, 0x69, 0x10,
    0x67, 0xd6, 0x32, 0x7, 0xe2, 0xba, 0x42, 0x0,
    0xa7, 0xc0, 0xfe, 0x7e, 0xb4, 0x55, 0xdf, 0xa1,
    0x3, 0xe3, 0xc8, 0x13, 0xe8, 0x81, 0xff, 0xd4,
    0x64, 0xe, 0x60, 0x7f, 0x17, 0x75, 0x40, 0x47,
    0x90, 0x3f, 0x96, 0x44, 0x14, 0xef, 0x60, 0x7f,
    0x0,

    /* U+007E "~" */
    0x3, 0x14, 0xdf, 0x22, 0x40, 0x7f, 0x13, 0x0,
    0x33, 0x65, 0x93, 0xae, 0xcf, 0xad, 0x49, 0x5d,
    0x91, 0x1, 0x75, 0x37, 0xfb, 0x58, 0xd0, 0x48,
    0xdf, 0xbb, 0x0,

    /* U+00A0 " " */

    /* U+00A1 "¡" */
    0x2, 0x77, 0xfb, 0x32, 0x4, 0xba, 0x2, 0x39,
    0x1, 0x29, 0x64, 0xac, 0x60, 0x72, 0x6e, 0x44,
    0xe, 0x53, 0xfa, 0xa0, 0x3c, 0x40, 0xff, 0xe1,
    0xb2, 0x7, 0x10, 0x3c, 0x40, 0xe6, 0x6, 0xe0,
    0x63, 0xc0, 0xc4, 0xf, 0x88, 0x1c, 0xc0, 0x98,
    0x1e, 0x20, 0x0,

    /* U+00A2 "¢" */
    0x3, 0xff, 0x80, 0x66, 0xf9, 0x81, 0xff, 0xc6,
    0x29, 0xc4, 0x41, 0xb5, 0x21, 0xa2, 0x7, 0xe2,
    0xef, 0xd6, 0x22, 0x4, 0x53, 0x69, 0xd0, 0x1f,
    0x29, 0x8, 0x9, 0x4d, 0xff, 0x6b, 0x51, 0x81,
    0xe5, 0x90, 0x11, 0x71, 0x90, 0x38, 0xa4, 0x20,
    0x7c, 0x48, 0xc, 0xf1, 0x3, 0xff, 0xc2, 0x48,
    0xc, 0xf1, 0x3, 0xff, 0x8c, 0xb2, 0x2, 0x2f,
    0xb4, 0x7, 0x12, 0x48, 0x40, 0xf9, 0x4a, 0x88,
    0x3, 0x2f, 0xfd, 0xb2, 0xc4, 0x7, 0xe2, 0xae,
    0xcb, 0x19, 0x2, 0x29, 0xc8, 0xec, 0xf, 0xfe,
    0x1, 0x4e, 0xa2, 0x15, 0xa8, 0xd8, 0x81, 0x80,

    /* U+00A3 "£" */
    0x3, 0xf1, 0x52, 0xef, 0xfd, 0xb2, 0xd4, 0x44,
    0xf, 0xf1, 0x9e, 0xb4, 0x41, 0x24, 0x84, 0x14,
    0x84, 0x10, 0x3f, 0x8d, 0x44, 0x9, 0xed, 0x5a,
    0xd9, 0xfd, 0x50, 0x1f, 0xe6, 0x8, 0x12, 0xe4,
    0xf, 0xfe, 0x39, 0x20, 0x40, 0xcc, 0x13, 0xf0,
    0x1f, 0xf3, 0xbb, 0x2a, 0x3, 0x19, 0xb7, 0xe6,
    0x40, 0xfc, 0xe5, 0xa6, 0x80, 0xc5, 0xdb, 0xf4,
    0x44, 0xf, 0xe2, 0x93, 0x10, 0x33, 0xe9, 0x7e,
    0x20, 0x7f, 0xf0, 0x88, 0x1c, 0x40, 0xff, 0xe4,
    0x17, 0xd0, 0x13, 0xe8, 0xf, 0xfe, 0x32, 0xba,
    0x20, 0x22, 0xa6, 0xdf, 0xfc, 0x18, 0x80, 0xc4,
    0xf, 0x89, 0xff, 0xe3, 0x1, 0x0,

    /* U+00A4 "¤" */
    0x3, 0x14, 0x40, 0xff, 0xe0, 0x94, 0x40, 0xf1,
    0x9e, 0xec, 0xb5, 0xb3, 0xfd, 0xad, 0x6c, 0xba,
    0xa0, 0x31, 0x9d, 0x82, 0x90, 0x36, 0x8d, 0x82,
    0x42, 0x14, 0xa8, 0xf, 0x24, 0x0, 0xae, 0xb1,
    0xc8, 0xd8, 0xc0, 0x2e, 0x40, 0xf1, 0x3, 0x10,
    0x3f, 0x1e, 0x40, 0x16, 0x7, 0x8a, 0x40, 0xe,
    0x42, 0x26, 0x4e, 0xc2, 0x16, 0x40, 0x71, 0x71,
    0x81, 0x17, 0x76, 0xac, 0x40, 0x4a, 0xc2, 0x6,
    0x2b, 0x36, 0xbf, 0xda, 0xdb, 0x67, 0xed, 0x1a,
    0xc4, 0x0,

    /* U+00A5 "¥" */
    0x2, 0x57, 0xfd, 0x98, 0x1f, 0xf2, 0xbf, 0xec,
    0xc0, 0xf2, 0x90, 0x40, 0x19, 0x4, 0xf, 0xce,
    0x20, 0x27, 0xd8, 0x1f, 0x17, 0x18, 0x13, 0x88,
    0xe, 0x32, 0x8, 0x5, 0x20, 0x81, 0xfe, 0x56,
    0x10, 0xa, 0x32, 0x1, 0x46, 0x0, 0xb8, 0xc0,
    0xff, 0xe0, 0x97, 0x18, 0x3, 0x2b, 0x90, 0x80,
    0x29, 0x4, 0xf, 0xfe, 0x22, 0xb0, 0x80, 0x71,
    0x90, 0x5c, 0x40, 0x7f, 0xf0, 0xcc, 0xdf, 0x42,
    0x7, 0xc5, 0xef, 0xd5, 0x1, 0xff, 0xc0, 0x33,
    0xed, 0x56, 0x40, 0xce, 0xed, 0xa2, 0x3, 0xff,
    0x84, 0x4e, 0x5d, 0x81, 0x10, 0xc9, 0xe0, 0x3f,
    0xf8, 0x26, 0x6f, 0xf4, 0x40, 0x45, 0xef, 0xf5,
    0x40, 0x7f, 0xf0, 0xc, 0xfb, 0x55, 0x90, 0x32,
    0x9b, 0x68, 0x80, 0xff, 0xe1, 0x13, 0x97, 0x60,
    0x44, 0x91, 0x3c, 0x7, 0xc0,

    /* U+00A6 "¦" */
    0xa, 0xfe, 0xd0, 0x81, 0xff, 0xe3, 0x7e, 0x4a,
    0x90, 0x5, 0x36, 0x44, 0xf, 0xfe, 0x1, 0x4d,
    0x91, 0x2, 0x7e, 0x4a, 0x90, 0x3f, 0xfc, 0x40,

    /* U+00A7 "§" */
    0x3, 0x15, 0x2e, 0xff, 0xed, 0x95, 0xa0, 0x38,
    0xbf, 0x5a, 0xe, 0x4e, 0x6f, 0x70, 0x3c, 0xf9,
    0x0, 0x55, 0x6f, 0xa5, 0xad, 0x10, 0x1c, 0xad,
    0x20, 0x5e, 0xfa, 0xc6, 0x40, 0xff, 0xe0, 0x16,
    0x0, 0xa6, 0xf4, 0xdf, 0x54, 0x40, 0xe5, 0x20,
    0x87, 0x2c, 0xbb, 0xe8, 0x49, 0x58, 0x80, 0xcc,
    0x81, 0x3e, 0xc8, 0x11, 0x26, 0x7, 0xf1, 0x9a,
    0x22, 0xa6, 0xfb, 0x55, 0x5, 0x21, 0x1, 0xe2,
    0xee, 0xfa, 0xc4, 0x8, 0x13, 0xec, 0xf, 0xfe,
    0x1, 0x4e, 0x6f, 0x8, 0x2f, 0xa0, 0x33, 0xba,
    0xc6, 0xe4, 0x8d, 0xa5, 0x20, 0xe, 0x60, 0x65,
    0x9b, 0x29, 0x2b, 0x52, 0x10, 0x52, 0xe6, 0x40,
    0x0,

    /* U+00A8 "¨" */
    0x2, 0x33, 0x6a, 0x20, 0x5, 0xdd, 0x95, 0x90,
    0x33, 0x0, 0x4c, 0x7, 0x32, 0x40, 0x60,

    /* U+00A9 "©" */
    0x3, 0xfe, 0x4e, 0x5d, 0x9f, 0xfb, 0x65, 0x8c,
    0x81, 0xff, 0xc5, 0x53, 0x79, 0xbf, 0xff, 0xe0,
    0x8d, 0x9f, 0x44, 0x7, 0xf8, 0xbd, 0x55, 0xd9,
    0x5b, 0x2b, 0x5b, 0xff, 0x6c, 0xbe, 0xa4, 0xb4,
    0xc8, 0x1e, 0x52, 0x1c, 0xcc, 0x85, 0x74, 0x42,
    0xd6, 0xcb, 0x2e, 0x60, 0x14, 0xed, 0xa4, 0x20,
    0x32, 0xe9, 0x3b, 0x2, 0x71, 0x7, 0x2b, 0x44,
    0x92, 0x34, 0x40, 0xc6, 0x52, 0xba, 0x0, 0x73,
    0x24, 0xc0, 0x97, 0x21, 0x64, 0x7, 0xff, 0x11,
    0x20, 0x64, 0x80, 0xff, 0xee, 0x1c, 0xc9, 0x30,
    0x27, 0xc8, 0x64, 0x80, 0xff, 0xe2, 0x22, 0x19,
    0x20, 0xb, 0x24, 0x8c, 0x1, 0x74, 0x94, 0x86,
    0x40, 0xe2, 0x40, 0x71, 0x75, 0x27, 0x40, 0x67,
    0x18, 0x99, 0x90, 0xfc, 0x4e, 0x6f, 0xfb, 0x54,
    0x0, 0xcf, 0x4, 0x84, 0x7, 0x8c, 0xf5, 0xdd,
    0x95, 0x19, 0xfe, 0xdb, 0xeb, 0xb1, 0x25, 0xcc,
    0x81, 0xfc, 0x55, 0xd9, 0x37, 0xff, 0x6d, 0x7f,
    0xd, 0x36, 0x44, 0x7, 0x80,

    /* U+00AA "ª" */
    0x0, 0xa5, 0xdf, 0xf6, 0xb1, 0x1, 0xcf, 0x79,
    0xb6, 0xad, 0x38, 0xc8, 0x18, 0xef, 0xfa, 0x20,
    0x7, 0x80, 0x2f, 0xc6, 0x26, 0xda, 0x10, 0x26,
    0x3, 0x81, 0x10, 0x22, 0xe9, 0x3, 0x8c, 0x86,
    0x5d, 0xfa, 0x7a, 0xc8, 0x6, 0x0,

    /* U+00AB "«" */
    0x3, 0xf2, 0x9b, 0x23, 0x20, 0x65, 0x36, 0x46,
    0x40, 0xf1, 0x76, 0x99, 0x3c, 0xb, 0xb4, 0xc9,
    0xe0, 0x31, 0x9e, 0x20, 0x5d, 0xa4, 0x67, 0x88,
    0x17, 0x69, 0x1, 0x19, 0x99, 0x0, 0xfc, 0x46,
    0x66, 0x40, 0x3f, 0x10, 0x1c, 0x6c, 0x40, 0x4e,
    0x32, 0x56, 0x20, 0x27, 0x19, 0x3, 0xc5, 0xda,
    0x64, 0x29, 0xe0, 0x76, 0x99, 0xa, 0x78, 0x40,
    0xf9, 0x4f, 0x8, 0x2a, 0xa0, 0xa7, 0x88, 0x15,
    0x48, 0x1f, 0x8b, 0xdf, 0xb4, 0x40, 0x45, 0xdf,
    0xda, 0x10,

    /* U+00AC "¬" */
    0x5, 0x39, 0x3f, 0xf9, 0xc, 0x80, 0x7a, 0x37,
    0xff, 0xc8, 0xc8, 0x2, 0x9f, 0xff, 0xf1, 0x61,
    0x3, 0xff, 0xde,

    /* U+00AD "­" */
    0xa, 0x5b, 0xfe, 0x64, 0xc9, 0x7f, 0xdd, 0x80,

    /* U+00AE "®" */
    0x3, 0xfe, 0x4e, 0x5d, 0x9f, 0xfb, 0x65, 0x8c,
    0x81, 0xff, 0xc5, 0x53, 0x79, 0xbf, 0xff, 0xe0,
    0x8d, 0x9f, 0x44, 0x7, 0xf8, 0xbd, 0x55, 0xd9,
    0x3c, 0xd9, 0xfe, 0xd9, 0x13, 0x97, 0xd4, 0x96,
    0x99, 0x3, 0xca, 0x43, 0x99, 0x90, 0xc1, 0xa,
    0x6d, 0x44, 0xe7, 0x84, 0x29, 0xdb, 0x48, 0x40,
    0x65, 0xd2, 0x76, 0x7, 0xf1, 0x39, 0x64, 0x9,
    0x30, 0x23, 0x29, 0x5d, 0x0, 0x39, 0x92, 0x60,
    0x7f, 0xf0, 0x8e, 0x40, 0x93, 0x3, 0x92, 0x6,
    0x48, 0xf, 0xfe, 0x22, 0xbf, 0xd9, 0x89, 0xe1,
    0x3, 0xff, 0x80, 0x73, 0x24, 0xc0, 0xfe, 0x53,
    0xe8, 0x41, 0xec, 0xf, 0x91, 0xc, 0x90, 0x5,
    0x92, 0x46, 0x7, 0xf1, 0x5, 0xf8, 0x5c, 0x82,
    0x4, 0x5d, 0x49, 0xd0, 0x19, 0xc6, 0x26, 0x64,
    0x3e, 0xd6, 0x60, 0x45, 0xf8, 0xcd, 0x49, 0x3c,
    0x12, 0x10, 0x1e, 0x33, 0xd7, 0x76, 0x41, 0xa2,
    0x20, 0x79, 0x72, 0x52, 0xa4, 0xb9, 0x90, 0x3f,
    0x8a, 0xbb, 0x26, 0xff, 0xff, 0x82, 0x34, 0xd9,
    0x10, 0x1e,

    /* U+00AF "¯" */
    0x3, 0xff, 0xa8, 0xef, 0xff, 0xfc, 0xaa, 0xc0,
    0xce, 0x5b, 0xff, 0xca, 0x8c, 0x0,

    /* U+00B0 "°" */
    0x3, 0xff, 0x9a, 0xa5, 0xdf, 0xf6, 0xac, 0x81,
    0xe5, 0x69, 0xba, 0x5b, 0x36, 0x53, 0xc2, 0x4,
    0x72, 0x6, 0xc6, 0x95, 0x3b, 0x4, 0x90, 0x11,
    0xe4, 0x1b, 0x44, 0x81, 0x5d, 0x0, 0x24, 0x6,
    0x7e, 0x22, 0xf6, 0x7d, 0x50, 0x76, 0x20, 0x38,
    0xbb, 0xfb, 0x6d, 0xfb, 0x44, 0x6,

    /* U+00B1 "±" */
    0x3, 0xfc, 0x66, 0xfd, 0x50, 0x1f, 0xff, 0x55,
    0x3f, 0xfb, 0x32, 0x1, 0x5f, 0xfe, 0xac, 0x3,
    0xd1, 0xbf, 0x88, 0x11, 0x4d, 0xfd, 0x90, 0x2,
    0x9c, 0x9e, 0xa8, 0x80, 0x7e, 0x4f, 0x99, 0x3,
    0xff, 0xb7, 0xc0, 0x88, 0x1f, 0xfc, 0x2, 0x9c,
    0x9e, 0xbd, 0x36, 0x1a, 0x4f, 0x99, 0x0, 0xf4,
    0x6f, 0xff, 0x91, 0x90,

    /* U+00B2 "²" */
    0x3, 0xff, 0x8e, 0x54, 0xbf, 0xfd, 0x59, 0x3,
    0x89, 0x7, 0x2d, 0x34, 0x14, 0xec, 0x8, 0xbb,
    0x51, 0xa4, 0xc4, 0x9, 0x90, 0x3f, 0x94, 0x86,
    0xc, 0x84, 0x7, 0x94, 0xd5, 0x87, 0x73, 0x20,
    0x65, 0x35, 0x64, 0x9d, 0xc1, 0x28, 0x80, 0x59,
    0x90, 0x22, 0xe5, 0xbe, 0x40,

    /* U+00B3 "³" */
    0x5, 0xcb, 0xbf, 0xed, 0x59, 0x3, 0xe3, 0x6e,
    0x88, 0xa9, 0x8, 0x8, 0xb9, 0xd, 0x28, 0x98,
    0x1, 0x3, 0xc6, 0x6f, 0xea, 0xc2, 0xb1, 0x1,
    0xc6, 0x7d, 0xaa, 0xc2, 0xb9, 0x90, 0x5c, 0x69,
    0x81, 0xf8, 0xf0, 0x22, 0x2c, 0xbb, 0x55, 0x85,
    0x2c, 0x20,

    /* U+00B4 "´" */
    0x3, 0xc5, 0xb4, 0x86, 0xc8, 0xe, 0x57, 0x48,
    0x64, 0x24, 0x0, 0x5e, 0xa8, 0xbb, 0xab, 0x20,
    0x0,

    /* U+00B5 "µ" */
    0x2, 0x77, 0xfd, 0x50, 0x1f, 0xca, 0xff, 0xab,
    0x3, 0xff, 0xfe, 0x7, 0xff, 0xdc, 0x81, 0xff,
    0xc6, 0x64, 0x80, 0xf9, 0xe4, 0x7, 0xff, 0x14,
    0xcf, 0x64, 0xd7, 0x44, 0x7, 0xff, 0x18, 0xa0,
    0x9b, 0xf4, 0xd5, 0x1, 0xff, 0xc4, 0x5f, 0x7f,
    0xda, 0xb2, 0xaf, 0xf5, 0x60, 0x7f, 0xc4, 0xf,
    0xff, 0xf8, 0x1c,

    /* U+00B6 "¶" */
    0x3, 0x8a, 0x97, 0x7f, 0xff, 0xc4, 0xa8, 0xe,
    0x33, 0xd6, 0x88, 0x1f, 0x8b, 0x96, 0x22, 0x7,
    0xca, 0xb2, 0x7, 0xff, 0x7, 0xb4, 0x98, 0xf,
    0xc5, 0x1, 0xff, 0xee, 0x2c, 0xf, 0xfe, 0x82,
    0xec, 0xf, 0xfe, 0x82, 0x9a, 0x32, 0x40, 0x7f,
    0xf3, 0x4b, 0x9b, 0x3f, 0xe8, 0x80, 0xff, 0xff,
    0x81, 0xff, 0xff, 0x3, 0xff, 0xa0, 0xe5, 0x88,
    0x1, 0x52, 0xc4, 0x0,

    /* U+00B7 "·" */
    0x3, 0x26, 0xe4, 0x40, 0xca, 0x59, 0x2b, 0x18,
    0x12, 0xe8, 0x8, 0xe4, 0x0,

    /* U+00B8 "¸" */
    0x3, 0x17, 0x75, 0x60, 0x7f, 0x3e, 0xca, 0x9a,
    0x20, 0x3c, 0xa6, 0x88, 0x17, 0x90, 0x13, 0xdf,
    0xd1, 0x2, 0xea, 0x2, 0x7b, 0x77, 0xed, 0x8,
    0x0,

    /* U+00B9 "¹" */
    0x3, 0x8a, 0x9b, 0xfa, 0x20, 0x25, 0x36, 0x56,
    0x40, 0xfc, 0xf5, 0x9a, 0xb0, 0x3f, 0x14, 0xd8,
    0x82, 0x7, 0xff, 0x9c,

    /* U+00BA "º" */
    0x2, 0x52, 0xef, 0xf6, 0xc8, 0x88, 0x12, 0x95,
    0xb2, 0xbb, 0x2d, 0x36, 0xb1, 0x82, 0x48, 0x15,
    0x51, 0x24, 0xf2, 0xb, 0xa2, 0x4c, 0x14, 0x84,
    0x9, 0x64, 0xf, 0x61, 0x4a, 0x84, 0xdf, 0xd5,
    0x24, 0xec, 0x80, 0x2a, 0xef, 0xfe, 0xac, 0x80,

    /* U+00BB "»" */
    0x0, 0x5d, 0xd5, 0x90, 0x32, 0x77, 0x56, 0x40,
    0xff, 0x99, 0x53, 0xc4, 0x1, 0xf6, 0x54, 0xf1,
    0x1, 0xf1, 0x7a, 0xa0, 0x5d, 0xa6, 0x26, 0xa8,
    0x17, 0x69, 0x90, 0x3e, 0x56, 0x20, 0xa, 0x76,
    0x15, 0x88, 0x2, 0x9d, 0x81, 0xe3, 0x2a, 0x0,
    0x5c, 0x60, 0xca, 0x80, 0x17, 0x18, 0x19, 0x5c,
    0xc8, 0x33, 0xc4, 0x97, 0x32, 0xc, 0xf1, 0x1,
    0x97, 0x60, 0x15, 0xcc, 0x92, 0xec, 0x3, 0xb9,
    0x90, 0x3c, 0xae, 0xfd, 0x50, 0x11, 0x57, 0x7e,
    0x88, 0xf, 0x80,

    /* U+00BC "¼" */
    0x3, 0x94, 0xdf, 0xd5, 0x1, 0xff, 0xc0, 0x57,
    0xf6, 0x84, 0xf, 0xc5, 0xdf, 0x59, 0x3, 0x10,
    0x3f, 0xc6, 0x54, 0x15, 0x84, 0xf, 0xf1, 0x76,
    0x99, 0x3, 0xff, 0x80, 0x5f, 0x60, 0xc8, 0x60,
    0x7f, 0x8b, 0x90, 0x98, 0x1f, 0xfc, 0x15, 0x20,
    0x87, 0x19, 0x3, 0xff, 0xa0, 0x64, 0x20, 0xa4,
    0x20, 0x3f, 0xfa, 0x5, 0xf6, 0x49, 0xc6, 0x4,
    0xaf, 0xfa, 0xa0, 0x3f, 0xf8, 0xca, 0x41, 0xa,
    0x41, 0x5, 0xd8, 0x80, 0xff, 0xe1, 0x99, 0xbf,
    0x56, 0x64, 0x20, 0xa5, 0x40, 0xbf, 0x5, 0x88,
    0xf, 0xfe, 0x43, 0xec, 0x93, 0x8c, 0x19, 0xe3,
    0xb4, 0xc8, 0x1f, 0xfc, 0x75, 0x61, 0xa, 0x41,
    0xa, 0x32, 0x15, 0xfd, 0x50, 0x12, 0xbe, 0xa0,
    0x3f, 0x19, 0x8, 0x19, 0x50, 0x12, 0x9b, 0x7d,
    0x10, 0x12, 0x9a, 0xa0, 0x3e, 0x71, 0x92, 0x7d,
    0x81, 0xe2, 0x7f, 0x80, 0xe2, 0x40, 0x0,

    /* U+00BD "½" */
    0x3, 0x27, 0x77, 0xf5, 0x40, 0x7f, 0xca, 0x7f,
    0x56, 0x7, 0xff, 0x1, 0x5f, 0x68, 0xf, 0xfe,
    0x21, 0x90, 0xc1, 0x90, 0xc0, 0xff, 0xe0, 0x2b,
    0xbe, 0xe8, 0xf, 0xfe, 0xb, 0xec, 0x93, 0xec,
    0x81, 0xff, 0xc3, 0x20, 0x7f, 0xf0, 0xd5, 0x84,
    0x29, 0x4, 0xf, 0xfe, 0x9a, 0x95, 0x5, 0x39,
    0xbb, 0xff, 0x68, 0x80, 0xff, 0xe4, 0x19, 0xc,
    0x19, 0x8, 0xd4, 0x1d, 0xa8, 0x81, 0x72, 0x8,
    0x1f, 0xfc, 0x22, 0x1, 0xf6, 0x49, 0xf6, 0x49,
    0xef, 0xa2, 0x47, 0x90, 0x1f, 0xfc, 0x25, 0x3f,
    0xa0, 0xb0, 0x85, 0x20, 0x81, 0xfc, 0xac, 0x40,
    0xda, 0x20, 0x7f, 0xf0, 0x54, 0xa8, 0x29, 0x50,
    0x1f, 0x94, 0xd5, 0x17, 0x73, 0x20, 0x7f, 0xf0,
    0xc, 0x86, 0xc, 0x86, 0x7, 0xc6, 0x6a, 0xca,
    0x9e, 0x20, 0x3f, 0xf8, 0x25, 0xc6, 0x49, 0xf6,
    0x40, 0xf9, 0xf6, 0x40, 0x94, 0xdf, 0xea, 0xc0,
    0xff, 0x2f, 0x77, 0x84, 0xf, 0xe7, 0xed, 0xff,
    0xe0, 0x46, 0x4,

    /* U+00BE "¾" */
    0x5, 0x4b, 0xb3, 0xfd, 0xab, 0x20, 0x7f, 0xc5,
    0xef, 0xda, 0x10, 0x3f, 0x88, 0x2, 0xa5, 0xb3,
    0xa, 0x76, 0x40, 0xfc, 0xa4, 0x10, 0xa4, 0x10,
    0x3f, 0xca, 0x49, 0x29, 0xf6, 0x1, 0x82, 0x7,
    0x8c, 0x84, 0xc, 0xa8, 0xf, 0xfe, 0x13, 0xbf,
    0xda, 0x24, 0x90, 0xc0, 0xf3, 0x8c, 0x93, 0xec,
    0xf, 0xfe, 0x23, 0xbb, 0x56, 0x24, 0x9a, 0x20,
    0x25, 0x62, 0xa, 0x41, 0x3, 0xff, 0x84, 0x52,
    0x10, 0x4c, 0x89, 0x80, 0x12, 0x6, 0x42, 0x6,
    0x42, 0x0, 0xaf, 0xfa, 0xa0, 0x3c, 0xfd, 0xdf,
    0xf5, 0x65, 0x48, 0x4e, 0x32, 0x4f, 0xb2, 0x1d,
    0x8c, 0x81, 0xff, 0x2b, 0xfd, 0xb6, 0xfe, 0xad,
    0xac, 0x41, 0x48, 0x24, 0xf4, 0x16, 0x90, 0x1f,
    0xfc, 0x42, 0x70, 0x11, 0x71, 0x83, 0x21, 0x19,
    0xe3, 0xb4, 0xc8, 0x1f, 0xfc, 0xb7, 0x20, 0x87,
    0xd9, 0x51, 0x90, 0xaf, 0xea, 0xc0, 0x95, 0xf5,
    0x1, 0xff, 0xc0, 0x52, 0x10, 0x56, 0x10, 0xa,
    0xed, 0xf4, 0x40, 0x4a, 0x6a, 0x80, 0xff, 0x17,
    0x18, 0x32, 0x10, 0x1e, 0x27, 0xf8, 0xc, 0x48,
    0xc,

    /* U+00BF "¿" */
    0x3, 0xf9, 0x5f, 0xed, 0x8, 0x1f, 0xfc, 0x33,
    0x90, 0x11, 0x48, 0x7, 0xff, 0xc, 0xcd, 0x25,
    0x7b, 0x3, 0xff, 0x8a, 0x52, 0x99, 0x3, 0xff,
    0x8a, 0x66, 0xd7, 0x84, 0xf, 0xfe, 0x11, 0x71,
    0x81, 0x3c, 0x40, 0xff, 0x8b, 0xba, 0x20, 0x55,
    0xa4, 0x7, 0xf9, 0xdd, 0x10, 0x2e, 0xea, 0x80,
    0xff, 0x17, 0x50, 0x3, 0x34, 0x40, 0x7f, 0xf0,
    0xb8, 0x1e, 0x20, 0x7e, 0x28, 0x90, 0x11, 0xa8,
    0x80, 0x33, 0x6a, 0xd6, 0xcf, 0xda, 0xe8, 0x80,
    0x8c, 0xf5, 0xa2, 0x72, 0x42, 0x9, 0x27, 0x3b,
    0x0,

    /* U+00C0 "À" */
    0x3, 0xfc, 0x53, 0x92, 0x6c, 0x40, 0xff, 0xe9,
    0x14, 0x49, 0xb4, 0x8f, 0x8, 0x1f, 0xfd, 0x25,
    0x74, 0x40, 0xbe, 0xc8, 0x1f, 0xfd, 0x22, 0xee,
    0xb2, 0x86, 0x40, 0xff, 0xe8, 0xab, 0xf5, 0x92,
    0xe8, 0xf, 0xfe, 0x82, 0xe8, 0xf, 0x2c, 0xc0,
    0xff, 0xe7, 0x2e, 0x80, 0x14, 0x84, 0x2, 0xcc,
    0xf, 0xfe, 0x62, 0xe8, 0x9, 0x48, 0x44, 0x2,
    0xac, 0xf, 0xfe, 0x53, 0xe8, 0x9, 0xe2, 0x55,
    0x10, 0x6, 0xb0, 0x3f, 0xf9, 0xf, 0x20, 0x25,
    0x90, 0x3, 0x50, 0x11, 0xac, 0xf, 0xfe, 0x33,
    0xa8, 0x9, 0x74, 0x6, 0x39, 0x81, 0x1a, 0xc8,
    0x1f, 0xfc, 0x37, 0x48, 0x19, 0x4d, 0xbd, 0x18,
    0x18, 0xd4, 0x40, 0xff, 0xe0, 0xba, 0x40, 0xf1,
    0x3f, 0x80, 0xf1, 0xa8, 0x81, 0xfe, 0x2e, 0x90,
    0x25, 0x7f, 0xff, 0xe0, 0x54, 0x4, 0x6d, 0x10,
    0x3f, 0x15, 0x48, 0x12, 0xe8, 0xf, 0xfe, 0x2,
    0xe8, 0x8, 0xaa, 0x40, 0xf1, 0x54, 0x81, 0x2e,
    0x80, 0xff, 0xe1, 0x2e, 0x80, 0x8a, 0xa4, 0x8,

    /* U+00C1 "Á" */
    0x3, 0xff, 0x8e, 0x53, 0x92, 0x68, 0x81, 0xff,
    0xd0, 0x2f, 0xd8, 0xd8, 0x86, 0x40, 0xff, 0xe7,
    0xb9, 0x4, 0x19, 0xab, 0x20, 0x7f, 0xf3, 0xd0,
    0x32, 0xec, 0x64, 0xf, 0xfe, 0x8a, 0xf1, 0xcb,
    0xbd, 0x60, 0x7f, 0xf4, 0x17, 0x40, 0x79, 0x66,
    0x7, 0xff, 0x39, 0x74, 0x0, 0xa4, 0x20, 0x16,
    0x60, 0x7f, 0xf3, 0x17, 0x40, 0x4a, 0x42, 0x20,
    0x15, 0x60, 0x7f, 0xf2, 0x9f, 0x40, 0x4f, 0x12,
    0xa8, 0x80, 0x35, 0x81, 0xff, 0xc8, 0x79, 0x1,
    0x2c, 0x80, 0x1a, 0x80, 0x8d, 0x60, 0x7f, 0xf1,
    0x9d, 0x40, 0x4b, 0xa0, 0x31, 0xcc, 0x8, 0xd6,
    0x40, 0xff, 0xe1, 0xba, 0x40, 0xca, 0x6d, 0xe8,
    0xc0, 0xc6, 0xa2, 0x7, 0xff, 0x5, 0xd2, 0x7,
    0x89, 0xfc, 0x7, 0x8d, 0x44, 0xf, 0xf1, 0x74,
    0x81, 0x2b, 0xff, 0xff, 0x2, 0xa0, 0x23, 0x68,
    0x81, 0xf8, 0xaa, 0x40, 0x97, 0x40, 0x7f, 0xf0,
    0x17, 0x40, 0x45, 0x52, 0x7, 0x8a, 0xa4, 0x9,
    0x74, 0x7, 0xff, 0x9, 0x74, 0x4, 0x55, 0x20,
    0x40,

    /* U+00C2 "Â" */
    0x3, 0xff, 0x84, 0x53, 0x93, 0x34, 0x40, 0xff,
    0xe7, 0x97, 0x2c, 0x6f, 0x4b, 0xd9, 0x3, 0xff,
    0x96, 0x5f, 0x88, 0x29, 0xb2, 0xa0, 0x67, 0x84,
    0xf, 0xfe, 0x41, 0x62, 0xcb, 0xeb, 0x24, 0xaf,
    0xd2, 0xf4, 0x40, 0xff, 0xe3, 0x94, 0xdc, 0x2f,
    0xfe, 0xa9, 0xbc, 0x40, 0xff, 0xe5, 0xae, 0x80,
    0xf2, 0xcc, 0xf, 0xfe, 0x72, 0xe8, 0x1, 0x48,
    0x40, 0x2c, 0xc0, 0xff, 0xe6, 0x2e, 0x80, 0x94,
    0x84, 0x40, 0x2a, 0xc0, 0xff, 0xe5, 0x3e, 0x80,
    0x9e, 0x25, 0x51, 0x0, 0x6b, 0x3, 0xff, 0x90,
    0xf2, 0x2, 0x59, 0x0, 0x35, 0x1, 0x1a, 0xc0,
    0xff, 0xe3, 0x3a, 0x80, 0x97, 0x40, 0x63, 0x98,
    0x11, 0xac, 0x81, 0xff, 0xc3, 0x74, 0x81, 0x94,
    0xdb, 0xd1, 0x81, 0x8d, 0x44, 0xf, 0xfe, 0xb,
    0xa4, 0xf, 0x13, 0xf8, 0xf, 0x1a, 0x88, 0x1f,
    0xe2, 0xe9, 0x2, 0x57, 0xff, 0xfe, 0x5, 0x40,
    0x46, 0xd1, 0x3, 0xf1, 0x54, 0x81, 0x2e, 0x80,
    0xff, 0xe0, 0x2e, 0x80, 0x8a, 0xa4, 0xf, 0x15,
    0x48, 0x12, 0xe8, 0xf, 0xfe, 0x12, 0xe8, 0x8,
    0xaa, 0x40, 0x80,

    /* U+00C3 "Ã" */
    0x3, 0xff, 0xca, 0x5d, 0xff, 0xb4, 0x68, 0xa9,
    0xbd, 0x40, 0x7f, 0xf1, 0xd5, 0x89, 0x25, 0x8c,
    0x39, 0x75, 0x61, 0xf4, 0x7, 0xff, 0x1d, 0xda,
    0xd5, 0xa7, 0x37, 0xed, 0x76, 0xa2, 0x3, 0xff,
    0x90, 0x49, 0x10, 0xaf, 0xfd, 0xba, 0x20, 0x7f,
    0xf3, 0xd7, 0x40, 0x79, 0x66, 0x7, 0xff, 0x39,
    0x74, 0x0, 0xa4, 0x20, 0x16, 0x60, 0x7f, 0xf3,
    0x17, 0x40, 0x4a, 0x42, 0x20, 0x15, 0x60, 0x7f,
    0xf2, 0x9f, 0x40, 0x4f, 0x12, 0xa8, 0x80, 0x35,
    0x81, 0xff, 0xc8, 0x79, 0x1, 0x2c, 0x80, 0x1a,
    0x80, 0x8d, 0x60, 0x7f, 0xf1, 0x9d, 0x40, 0x4b,
    0xa0, 0x31, 0xcc, 0x8, 0xd6, 0x40, 0xff, 0xe1,
    0xba, 0x40, 0xca, 0x6d, 0xe8, 0xc0, 0xc6, 0xa2,
    0x7, 0xff, 0x5, 0xd2, 0x7, 0x89, 0xfc, 0x7,
    0x8d, 0x44, 0xf, 0xf1, 0x74, 0x81, 0x2b, 0xff,
    0xff, 0x2, 0xa0, 0x23, 0x68, 0x81, 0xf8, 0xaa,
    0x40, 0x97, 0x40, 0x7f, 0xf0, 0x17, 0x40, 0x45,
    0x52, 0x7, 0x8a, 0xa4, 0x9, 0x74, 0x7, 0xff,
    0x9, 0x74, 0x4, 0x55, 0x20, 0x40,

    /* U+00C4 "Ä" */
    0x3, 0xfe, 0x53, 0x6a, 0x10, 0x5, 0xed, 0x44,
    0x7, 0xff, 0x30, 0x98, 0x3, 0x2, 0xe0, 0x98,
    0xf, 0xfe, 0x62, 0xbf, 0xb4, 0x40, 0xc, 0xdf,
    0xaa, 0x3, 0xff, 0x9c, 0xaf, 0xfe, 0xac, 0xf,
    0xfe, 0x82, 0xe8, 0xf, 0x2c, 0xc0, 0xff, 0xe7,
    0x2e, 0x80, 0x14, 0x84, 0x2, 0xcc, 0xf, 0xfe,
    0x62, 0xe8, 0x9, 0x48, 0x44, 0x2, 0xac, 0xf,
    0xfe, 0x53, 0xe8, 0x9, 0xe2, 0x55, 0x10, 0x6,
    0xb0, 0x3f, 0xf9, 0xf, 0x20, 0x25, 0x90, 0x3,
    0x50, 0x11, 0xac, 0xf, 0xfe, 0x33, 0xa8, 0x9,
    0x74, 0x6, 0x39, 0x81, 0x1a, 0xc8, 0x1f, 0xfc,
    0x37, 0x48, 0x19, 0x4d, 0xbd, 0x18, 0x18, 0xd4,
    0x40, 0xff, 0xe0, 0xba, 0x40, 0xf1, 0x3f, 0x80,
    0xf1, 0xa8, 0x81, 0xfe, 0x2e, 0x90, 0x25, 0x7f,
    0xff, 0xe0, 0x54, 0x4, 0x6d, 0x10, 0x3f, 0x15,
    0x48, 0x12, 0xe8, 0xf, 0xfe, 0x2, 0xe8, 0x8,
    0xaa, 0x40, 0xf1, 0x54, 0x81, 0x2e, 0x80, 0xff,
    0xe1, 0x2e, 0x80, 0x8a, 0xa4, 0x8,

    /* U+00C5 "Å" */
    0x3, 0xff, 0x82, 0x5d, 0xdf, 0xed, 0x59, 0x3,
    0xff, 0x9c, 0x55, 0x4e, 0x6c, 0x8d, 0x5a, 0x20,
    0x7f, 0xf3, 0x4a, 0x61, 0x4d, 0x91, 0x0, 0xa4,
    0xf, 0xfe, 0x73, 0x3, 0xf9, 0xa0, 0x3f, 0xf9,
    0xcb, 0xa0, 0x5, 0xb1, 0x0, 0xb3, 0x3, 0xff,
    0x98, 0xba, 0x2, 0x56, 0x91, 0x0, 0xab, 0x3,
    0xff, 0x94, 0xfa, 0x2, 0x78, 0x95, 0x44, 0x1,
    0xac, 0xf, 0xfe, 0x43, 0xc8, 0x9, 0x64, 0x0,
    0xd4, 0x4, 0x6b, 0x3, 0xff, 0x8c, 0xea, 0x2,
    0x5d, 0x1, 0x8e, 0x60, 0x46, 0xb2, 0x7, 0xff,
    0xd, 0xd2, 0x6, 0x53, 0x6f, 0x46, 0x6, 0x35,
    0x10, 0x3f, 0xf8, 0x2e, 0x90, 0x3c, 0x4f, 0xe0,
    0x3c, 0x6a, 0x20, 0x7f, 0x8b, 0xa4, 0x9, 0x5f,
    0xff, 0xf8, 0x15, 0x1, 0x1b, 0x44, 0xf, 0xc5,
    0x52, 0x4, 0xba, 0x3, 0xff, 0x80, 0xba, 0x2,
    0x2a, 0x90, 0x3c, 0x55, 0x20, 0x4b, 0xa0, 0x3f,
    0xf8, 0x4b, 0xa0, 0x22, 0xa9, 0x2,

    /* U+00C6 "Æ" */
    0x3, 0xff, 0x8a, 0xaf, 0xff, 0xfc, 0xcd, 0x8,
    0x1f, 0xfc, 0x67, 0x10, 0x11, 0x44, 0xf, 0x12,
    0x4b, 0xfc, 0xf8, 0x1f, 0xfc, 0x53, 0x29, 0x0,
    0x66, 0xb1, 0x1, 0x95, 0xd6, 0xff, 0xcc, 0x81,
    0xff, 0xc3, 0x55, 0x90, 0xa, 0x30, 0x3f, 0xfb,
    0x4f, 0xb0, 0x25, 0xd0, 0x1f, 0xfd, 0x92, 0xea,
    0x2, 0x71, 0x1, 0xfe, 0x53, 0xff, 0xfa, 0x10,
    0x3f, 0xf8, 0xa, 0xc2, 0x0, 0xca, 0x40, 0xff,
    0xe0, 0x13, 0xff, 0x2e, 0x7, 0xff, 0x1, 0x76,
    0x6, 0x37, 0xed, 0xe8, 0x80, 0xca, 0xed, 0xfe,
    0xac, 0x81, 0xfc, 0x5c, 0x40, 0x78, 0x9f, 0xe0,
    0x3f, 0xfa, 0x6, 0xc2, 0x4, 0xf7, 0xff, 0xea,
    0x80, 0xff, 0xe7, 0x28, 0xc0, 0x8c, 0x82, 0x7,
    0xff, 0x11, 0x5d, 0xbf, 0xea, 0xc8, 0x1c, 0xe2,
    0x2, 0x51, 0x81, 0xff, 0xc7, 0x27, 0xff, 0x80,
    0xf8, 0x10,

    /* U+00C7 "Ç" */
    0x3, 0xfc, 0x9c, 0xbb, 0x3f, 0xf6, 0xcb, 0x51,
    0x10, 0x3e, 0x2e, 0xfb, 0x1a, 0x24, 0x9, 0xc0,
    0x92, 0x47, 0xd8, 0x1c, 0x67, 0x88, 0x9, 0x4d,
    0xfb, 0x6d, 0xfd, 0xad, 0x44, 0x6, 0x51, 0x90,
    0x25, 0x69, 0x90, 0x3f, 0x8a, 0x42, 0x6, 0x39,
    0x1, 0x9f, 0x40, 0x7f, 0xf2, 0x19, 0x3, 0x1e,
    0xc0, 0xff, 0xf4, 0x10, 0x31, 0xec, 0xf, 0xfe,
    0x4a, 0xc8, 0xc, 0xf2, 0x3, 0xff, 0x92, 0xba,
    0x3, 0x39, 0x8, 0xf, 0xf8, 0x98, 0xf, 0x2b,
    0x4c, 0x80, 0x2e, 0xfe, 0xdb, 0xdf, 0xdb, 0xd2,
    0x7, 0xca, 0x6c, 0xad, 0x12, 0x4, 0xf8, 0x12,
    0x49, 0x88, 0x1f, 0xe2, 0xa5, 0xd1, 0x81, 0x2b,
    0xfb, 0x65, 0x88, 0xf, 0xfe, 0x23, 0xd1, 0x5,
    0x74, 0x20, 0x7f, 0xf1, 0xc8, 0x67, 0x10, 0x4,
    0x30, 0x3f, 0xf8, 0xca, 0x6c, 0xb0, 0x92, 0xb4,
    0x80, 0xf0,

    /* U+00C8 "È" */
    0x2, 0x2d, 0xa4, 0x9a, 0x20, 0x7f, 0xf0, 0xca,
    0xe9, 0xb4, 0xb1, 0x1, 0xff, 0xc3, 0x33, 0x56,
    0x42, 0xb4, 0x80, 0xff, 0xe2, 0x29, 0xb2, 0x46,
    0x24, 0x7, 0xe3, 0x37, 0xff, 0x69, 0x36, 0xff,
    0x54, 0x7, 0xf8, 0xa5, 0xff, 0x66, 0x7, 0xe2,
    0xfd, 0xbf, 0xf3, 0x20, 0x7f, 0xfb, 0xb, 0xdf,
    0xff, 0xab, 0x3, 0xfe, 0x27, 0xff, 0x82, 0x7,
    0xf1, 0x7f, 0x6f, 0xf4, 0x40, 0x7f, 0xfb, 0x4b,
    0xfb, 0x7f, 0xd0, 0x81, 0xfe, 0x27, 0xff, 0x82,
    0xc0, 0x0,

    /* U+00C9 "É" */
    0x3, 0xff, 0x80, 0x9c, 0x99, 0xa0, 0x3f, 0xf8,
    0x4a, 0x58, 0xd9, 0x2, 0x80, 0xff, 0xe0, 0x19,
    0xc, 0x15, 0x74, 0x40, 0x7f, 0xf0, 0xb, 0xf6,
    0x5d, 0x50, 0x1f, 0x8c, 0xdf, 0xed, 0x64, 0xaf,
    0xff, 0x54, 0x7, 0xf8, 0xa5, 0xff, 0x66, 0x7,
    0xe2, 0xfd, 0xbf, 0xf3, 0x20, 0x7f, 0xfb, 0xb,
    0xdf, 0xff, 0xab, 0x3, 0xfe, 0x27, 0xff, 0x82,
    0x7, 0xf1, 0x7f, 0x6f, 0xf4, 0x40, 0x7f, 0xfb,
    0x4b, 0xfb, 0x7f, 0xd0, 0x81, 0xfe, 0x27, 0xff,
    0x82, 0xc0, 0x0,

    /* U+00CA "Ê" */
    0x3, 0xe2, 0xda, 0x4c, 0xc8, 0x1f, 0xfc, 0x15,
    0x3c, 0x86, 0xf4, 0xd1, 0x1, 0xfc, 0xad, 0x32,
    0x4f, 0x69, 0x90, 0xed, 0x20, 0x3c, 0x89, 0x4b,
    0xb2, 0x13, 0x4d, 0x96, 0x12, 0x44, 0x1, 0x92,
    0x72, 0xef, 0xfe, 0xd6, 0x39, 0xd8, 0x1f, 0xe2,
    0x97, 0xfd, 0x98, 0x1f, 0x8b, 0xf6, 0xff, 0xcc,
    0x81, 0xff, 0xec, 0x2f, 0x7f, 0xfe, 0xac, 0xf,
    0xf8, 0x9f, 0xfe, 0x8, 0x1f, 0xc5, 0xfd, 0xbf,
    0xd1, 0x1, 0xff, 0xed, 0x2f, 0xed, 0xff, 0x42,
    0x7, 0xf8, 0x9f, 0xfe, 0xb, 0x0,

    /* U+00CB "Ë" */
    0x2, 0x2e, 0xec, 0xa8, 0x9, 0x5d, 0x95, 0x90,
    0x3f, 0x99, 0x20, 0x40, 0x88, 0x24, 0xc0, 0xfe,
    0x2f, 0x7e, 0xac, 0x9, 0xdf, 0xd9, 0x90, 0x31,
    0x9b, 0xff, 0xfe, 0x2d, 0x40, 0x7f, 0x8a, 0x5f,
    0xf6, 0x60, 0x7e, 0x2f, 0xdb, 0xff, 0x32, 0x7,
    0xff, 0xb0, 0xbd, 0xff, 0xfa, 0xb0, 0x3f, 0xe2,
    0x7f, 0xf8, 0x20, 0x7f, 0x17, 0xf6, 0xff, 0x44,
    0x7, 0xff, 0xb4, 0xbf, 0xb7, 0xfd, 0x8, 0x1f,
    0xe2, 0x7f, 0xf8, 0x2c, 0x0,

    /* U+00CC "Ì" */
    0x2, 0x29, 0xc9, 0x34, 0x40, 0xff, 0xe0, 0x16,
    0xb, 0x69, 0x7b, 0x20, 0x7f, 0xc5, 0xdd, 0x10,
    0x33, 0xb2, 0x7, 0xff, 0x0, 0xbb, 0xac, 0x41,
    0x81, 0xfc, 0xf7, 0xfb, 0x58, 0xe5, 0xfd, 0x50,
    0x1c, 0xa4, 0x32, 0x7, 0x8b, 0x9d, 0x1, 0xc5,
    0x39, 0x50, 0x19, 0x48, 0x68, 0xf, 0xff, 0xf8,
    0x1f, 0xff, 0xf0, 0x22, 0x9c, 0xa8, 0xc, 0xbc,
    0x68, 0xf, 0x29, 0xc, 0x81, 0xe4, 0xe7, 0x40,

    /* U+00CD "Í" */
    0x3, 0xf8, 0xa7, 0x24, 0xd1, 0x3, 0xfc, 0x5f,
    0xb1, 0xb1, 0x26, 0x40, 0xfc, 0x5f, 0x84, 0x29,
    0xaa, 0x20, 0x7f, 0x30, 0xa5, 0xd5, 0x90, 0x3f,
    0x3d, 0xfa, 0xc7, 0x2e, 0xff, 0x54, 0x7, 0x29,
    0xc, 0x81, 0xe2, 0xe7, 0x40, 0x71, 0x4e, 0x54,
    0x6, 0x52, 0x1a, 0x3, 0xff, 0xfe, 0x7, 0xff,
    0xfc, 0x8, 0xa7, 0x2a, 0x3, 0x2f, 0x1a, 0x3,
    0xca, 0x43, 0x20, 0x79, 0x39, 0xd0, 0x18,

    /* U+00CE "Î" */
    0x3, 0xe2, 0x9c, 0x99, 0xa2, 0x7, 0xff, 0x0,
    0xbf, 0x63, 0x7a, 0x5e, 0xc8, 0x1f, 0x8c, 0xf0,
    0x85, 0x76, 0x44, 0xc, 0xf0, 0x81, 0xc5, 0x7b,
    0x2f, 0xa8, 0x93, 0xbe, 0xcb, 0xd9, 0x3, 0x16,
    0x2c, 0xbf, 0xfe, 0xb3, 0x14, 0x40, 0xf2, 0x90,
    0xc8, 0x1e, 0x2e, 0x74, 0x7, 0xe2, 0x9c, 0xa8,
    0xc, 0xa4, 0x34, 0x7, 0xff, 0xfc, 0xf, 0xff,
    0xf8, 0x1f, 0xfc, 0xf2, 0x9c, 0xa8, 0xc, 0xbc,
    0x68, 0xf, 0xe5, 0x21, 0x90, 0x3c, 0x9c, 0xe8,
    0xc,

    /* U+00CF "Ï" */
    0xa, 0x6d, 0x32, 0x1, 0x4d, 0xa8, 0x80, 0x89,
    0x87, 0x3, 0xc4, 0xe, 0x57, 0xf6, 0x84, 0x2,
    0x9b, 0xe8, 0x80, 0x3d, 0xff, 0xff, 0x2, 0xa0,
    0xa, 0x43, 0x20, 0x78, 0xb9, 0xd0, 0x2, 0x9c,
    0xa8, 0xc, 0xa4, 0x34, 0x7, 0xff, 0xfc, 0xf,
    0xff, 0x51, 0x4e, 0x54, 0x6, 0x5e, 0x34, 0x4,
    0xa4, 0x32, 0x7, 0x93, 0x9d, 0x0,

    /* U+00D0 "Ð" */
    0x2, 0x2f, 0x7f, 0xff, 0xc1, 0xd9, 0x63, 0x20,
    0x7f, 0xf2, 0x8a, 0x58, 0x9e, 0x4e, 0x6f, 0xa1,
    0x3, 0xff, 0x8a, 0xfd, 0xbb, 0x6b, 0xea, 0xc8,
    0x2, 0xf5, 0x40, 0x7f, 0xf3, 0x4a, 0x9e, 0x10,
    0x25, 0xd8, 0x1f, 0xfc, 0xf2, 0xa9, 0x2, 0x59,
    0x1, 0x17, 0x7d, 0x20, 0x67, 0xed, 0xd1, 0x1,
    0xe2, 0x4c, 0xc, 0xc8, 0x13, 0xe8, 0x90, 0x1e,
    0x29, 0x71, 0x20, 0x3f, 0xf8, 0xaa, 0x7d, 0x8,
    0x19, 0xef, 0xf6, 0x64, 0xe, 0x24, 0xc0, 0xcc,
    0x81, 0xff, 0xce, 0x36, 0x88, 0x12, 0xc8, 0xf,
    0xfe, 0x59, 0x77, 0xb2, 0x4, 0xfb, 0x3, 0xff,
    0x84, 0xfe, 0xde, 0xfd, 0xa2, 0x20, 0x14, 0xd1,
    0x1, 0xff, 0xc4, 0x27, 0xf9, 0x36, 0xbb, 0xd6,
    0x40, 0xf8,

    /* U+00D1 "Ñ" */
    0x3, 0xff, 0xb8, 0x5d, 0xff, 0xb4, 0x68, 0xa9,
    0xbd, 0x40, 0x7f, 0xf0, 0x55, 0x89, 0x25, 0x8c,
    0x39, 0x75, 0x61, 0xf4, 0x7, 0xff, 0x5, 0xda,
    0xd5, 0xa7, 0x37, 0xed, 0x76, 0xa2, 0x3, 0xf1,
    0x9b, 0xfb, 0x65, 0x88, 0xf, 0x8a, 0x24, 0x1,
    0x5f, 0xf4, 0x20, 0x7f, 0x94, 0x82, 0x7, 0xff,
    0x48, 0xbe, 0xc8, 0x1f, 0xfc, 0xc7, 0x19, 0x0,
    0x64, 0x20, 0x3f, 0xf9, 0x86, 0x42, 0x2, 0x56,
    0x20, 0x3f, 0xf9, 0x24, 0x2, 0xb0, 0x81, 0x39,
    0x4, 0xf, 0xfe, 0x63, 0xec, 0x80, 0x2f, 0xb2,
    0x7, 0xff, 0x2c, 0xc8, 0x60, 0x46, 0x42, 0x0,
    0x40, 0xff, 0xe4, 0xa9, 0x50, 0x12, 0xb3, 0x1,
    0xff, 0xcc, 0x52, 0x8, 0x13, 0x70, 0x1f, 0xfc,
    0xc2, 0xfb, 0x20, 0x7f, 0xf4, 0x8c, 0x84, 0x7,
    0xf8,

    /* U+00D2 "Ò" */
    0x3, 0xfc, 0x53, 0x92, 0x6c, 0x40, 0xff, 0xe9,
    0x14, 0x81, 0x39, 0x1e, 0x20, 0x3f, 0xfa, 0x46,
    0x6c, 0xa8, 0x3b, 0x4c, 0xf, 0xfe, 0x99, 0x57,
    0x7e, 0xac, 0xf, 0xfe, 0x69, 0x4e, 0x5d, 0x9f,
    0xfb, 0x65, 0x8d, 0x10, 0x3f, 0xf8, 0x8a, 0x6c,
    0xb1, 0xa2, 0x40, 0x9f, 0x93, 0x97, 0x64, 0x20,
    0x7f, 0xca, 0x56, 0x40, 0x17, 0x77, 0xed, 0xbb,
    0xf5, 0x64, 0x1, 0x7e, 0x10, 0x3f, 0x2e, 0xc0,
    0xce, 0x42, 0x20, 0x7f, 0x29, 0x8, 0x8, 0xb8,
    0x80, 0xf2, 0xc8, 0xc, 0xf2, 0x3, 0xff, 0x84,
    0xba, 0x3, 0x2c, 0x40, 0xf1, 0x3, 0x1e, 0xc0,
    0xff, 0xe2, 0x32, 0x40, 0x62, 0xc0, 0xff, 0xf0,
    0x90, 0x31, 0xec, 0xf, 0xfe, 0x23, 0x24, 0x6,
    0x2c, 0xe, 0x59, 0x1, 0x9e, 0x40, 0x7f, 0xf0,
    0x97, 0x40, 0x65, 0x88, 0x1e, 0x5d, 0x81, 0x9c,
    0x84, 0x7, 0xf9, 0x48, 0x40, 0x45, 0xc4, 0x7,
    0xe5, 0x2b, 0x20, 0xb, 0xbf, 0xb6, 0xef, 0xea,
    0xc8, 0x3, 0x3c, 0x20, 0x7f, 0xca, 0x6c, 0xb1,
    0xa2, 0x7e, 0x4, 0x93, 0x97, 0x63, 0x20, 0x7c,

    /* U+00D3 "Ó" */
    0x3, 0xff, 0x8e, 0x53, 0x92, 0x68, 0x81, 0xff,
    0xd0, 0x33, 0xd8, 0xd0, 0x28, 0x81, 0xff, 0xce,
    0x57, 0x30, 0xa6, 0xc8, 0x80, 0xff, 0xe8, 0x2b,
    0xfb, 0x56, 0x40, 0xff, 0xe6, 0x94, 0xe5, 0xd9,
    0xff, 0xb6, 0x58, 0xd1, 0x3, 0xff, 0x88, 0xa6,
    0xcb, 0x1a, 0x24, 0x9, 0xf9, 0x39, 0x76, 0x42,
    0x7, 0xfc, 0xa5, 0x64, 0x1, 0x77, 0x7e, 0xdb,
    0xbf, 0x56, 0x40, 0x17, 0xe1, 0x3, 0xf2, 0xec,
    0xc, 0xe4, 0x22, 0x7, 0xf2, 0x90, 0x80, 0x8b,
    0x88, 0xf, 0x2c, 0x80, 0xcf, 0x20, 0x3f, 0xf8,
    0x4b, 0xa0, 0x32, 0xc4, 0xf, 0x10, 0x31, 0xec,
    0xf, 0xfe, 0x23, 0x24, 0x6, 0x2c, 0xf, 0xff,
    0x9, 0x3, 0x1e, 0xc0, 0xff, 0xe2, 0x32, 0x40,
    0x62, 0xc0, 0xe5, 0x90, 0x19, 0xe4, 0x7, 0xff,
    0x9, 0x74, 0x6, 0x58, 0x81, 0xe5, 0xd8, 0x19,
    0xc8, 0x40, 0x7f, 0x94, 0x84, 0x4, 0x5c, 0x40,
    0x7e, 0x52, 0xb2, 0x0, 0xbb, 0xfb, 0x6e, 0xfe,
    0xac, 0x80, 0x33, 0xc2, 0x7, 0xfc, 0xa6, 0xcb,
    0x1a, 0x27, 0xe0, 0x49, 0x39, 0x76, 0x32, 0x7,
    0xc0,

    /* U+00D4 "Ô" */
    0x3, 0xff, 0x84, 0x53, 0x93, 0x34, 0x40, 0xff,
    0xe7, 0xa9, 0xec, 0x69, 0x1c, 0xbe, 0x20, 0x3f,
    0xf9, 0x45, 0xea, 0xc3, 0xbb, 0x6a, 0xc3, 0xb9,
    0x90, 0x3f, 0xf8, 0xe5, 0xef, 0xda, 0x22, 0x0,
    0xa9, 0xbf, 0x66, 0x40, 0xff, 0xe3, 0x94, 0xe5,
    0xd9, 0xff, 0xb6, 0x58, 0xd1, 0x3, 0xff, 0x88,
    0xa6, 0xcb, 0x1a, 0x24, 0x9, 0xf9, 0x39, 0x76,
    0x42, 0x7, 0xfc, 0xa5, 0x64, 0x1, 0x77, 0x7e,
    0xdb, 0xbf, 0x56, 0x40, 0x17, 0xe1, 0x3, 0xf2,
    0xec, 0xc, 0xe4, 0x22, 0x7, 0xf2, 0x90, 0x80,
    0x8b, 0x88, 0xf, 0x2c, 0x80, 0xcf, 0x20, 0x3f,
    0xf8, 0x4b, 0xa0, 0x32, 0xc4, 0xf, 0x10, 0x31,
    0xec, 0xf, 0xfe, 0x23, 0x24, 0x6, 0x2c, 0xf,
    0xff, 0x9, 0x3, 0x1e, 0xc0, 0xff, 0xe2, 0x32,
    0x40, 0x62, 0xc0, 0xe5, 0x90, 0x19, 0xe4, 0x7,
    0xff, 0x9, 0x74, 0x6, 0x58, 0x81, 0xe5, 0xd8,
    0x19, 0xc8, 0x40, 0x7f, 0x94, 0x84, 0x4, 0x5c,
    0x40, 0x7e, 0x52, 0xb2, 0x0, 0xbb, 0xfb, 0x6e,
    0xfe, 0xac, 0x80, 0x33, 0xc2, 0x7, 0xfc, 0xa6,
    0xcb, 0x1a, 0x27, 0xe0, 0x49, 0x39, 0x76, 0x32,
    0x7, 0xc0,

    /* U+00D5 "Õ" */
    0x3, 0xff, 0xca, 0x5d, 0xff, 0xb4, 0x68, 0xa9,
    0xbd, 0x40, 0x7f, 0xf1, 0xd4, 0x84, 0x92, 0xc6,
    0x1c, 0xba, 0xb0, 0xe2, 0x3, 0xff, 0x8e, 0xe5,
    0xd5, 0xa7, 0x37, 0xed, 0x76, 0xa1, 0x3, 0xff,
    0x92, 0xcd, 0xad, 0x9f, 0xf6, 0x9e, 0x43, 0x44,
    0xf, 0xfe, 0x22, 0x9b, 0x2c, 0x68, 0x90, 0x27,
    0xe4, 0xe5, 0xd9, 0x8, 0x1f, 0xf2, 0x95, 0x90,
    0x5, 0xdd, 0xfb, 0x6e, 0xfd, 0x59, 0x0, 0x5f,
    0x84, 0xf, 0xcb, 0xb0, 0x33, 0x90, 0x88, 0x1f,
    0xca, 0x42, 0x2, 0x2e, 0x20, 0x3c, 0xb2, 0x3,
    0x3c, 0x80, 0xff, 0xe1, 0x2e, 0x80, 0xcb, 0x10,
    0x3c, 0x40, 0xc7, 0xb0, 0x3f, 0xf8, 0x8c, 0x90,
    0x18, 0xb0, 0x3f, 0xfc, 0x24, 0xc, 0x7b, 0x3,
    0xff, 0x88, 0xc9, 0x1, 0x8b, 0x3, 0x96, 0x40,
    0x67, 0x90, 0x1f, 0xfc, 0x25, 0xd0, 0x19, 0x62,
    0x7, 0x97, 0x60, 0x67, 0x21, 0x1, 0xfe, 0x52,
    0x10, 0x11, 0x71, 0x1, 0xf9, 0x4a, 0xc8, 0x2,
    0xef, 0xed, 0xbb, 0xfa, 0xb2, 0x0, 0xcf, 0x8,
    0x1f, 0xf2, 0x9b, 0x2c, 0x68, 0x9f, 0x81, 0x24,
    0xe5, 0xd8, 0xc8, 0x1f, 0x0,

    /* U+00D6 "Ö" */
    0x3, 0xfe, 0x57, 0xf6, 0x88, 0x2, 0x9b, 0xea,
    0x80, 0xff, 0xe6, 0x13, 0xe, 0xc0, 0x30, 0x4,
    0x10, 0x3f, 0xf9, 0x8a, 0x6d, 0x32, 0x0, 0xcd,
    0xa8, 0x80, 0xff, 0xe4, 0x94, 0xe5, 0xd9, 0xff,
    0xb6, 0x58, 0xd1, 0x3, 0xff, 0x88, 0xa6, 0xcb,
    0x1a, 0x24, 0x9, 0xf9, 0x39, 0x76, 0x42, 0x7,
    0xfc, 0xa5, 0x64, 0x1, 0x77, 0x7e, 0xdb, 0xbf,
    0x56, 0x40, 0x17, 0xe1, 0x3, 0xf2, 0xec, 0xc,
    0xe4, 0x22, 0x7, 0xf2, 0x90, 0x80, 0x8b, 0x88,
    0xf, 0x2c, 0x80, 0xcf, 0x20, 0x3f, 0xf8, 0x4b,
    0xa0, 0x32, 0xc4, 0xf, 0x10, 0x31, 0xec, 0xf,
    0xfe, 0x23, 0x24, 0x6, 0x2c, 0xf, 0xff, 0x9,
    0x3, 0x1e, 0xc0, 0xff, 0xe2, 0x32, 0x40, 0x62,
    0xc0, 0xe5, 0x90, 0x19, 0xe4, 0x7, 0xff, 0x9,
    0x74, 0x6, 0x58, 0x81, 0xe5, 0xd8, 0x19, 0xc8,
    0x40, 0x7f, 0x94, 0x84, 0x4, 0x5c, 0x40, 0x7e,
    0x52, 0xb2, 0x0, 0xbb, 0xfb, 0x6e, 0xfe, 0xac,
    0x80, 0x33, 0xc2, 0x7, 0xfc, 0xa6, 0xcb, 0x1a,
    0x27, 0xe0, 0x49, 0x39, 0x76, 0x32, 0x7, 0xc0,

    /* U+00D7 "×" */
    0x3, 0x89, 0x1, 0xff, 0xc1, 0x24, 0x7, 0xe5,
    0x76, 0xa2, 0x3, 0xe2, 0xf6, 0xd0, 0x81, 0xcb,
    0xb2, 0x4e, 0xe8, 0x81, 0x77, 0x42, 0x4a, 0x41,
    0x3, 0xca, 0x6a, 0xc9, 0x3b, 0xf4, 0x45, 0x5d,
    0x50, 0x1f, 0xf2, 0xb4, 0x40, 0xe2, 0xa2, 0x3,
    0xff, 0x80, 0x5d, 0xd0, 0x84, 0xd1, 0x27, 0xb2,
    0x10, 0x3f, 0x2b, 0xa2, 0xa, 0x6b, 0x2e, 0xac,
    0x93, 0xd8, 0xc8, 0x1c, 0xbb, 0x69, 0xab, 0x20,
    0x65, 0x35, 0x6d, 0x51, 0x0,

    /* U+00D8 "Ø" */
    0x3, 0xff, 0xa0, 0x4c, 0x7, 0xff, 0x14, 0xa7,
    0x2e, 0xcf, 0xfd, 0xb2, 0xc8, 0xbf, 0x65, 0x40,
    0x7f, 0xf0, 0x14, 0xd9, 0x63, 0x44, 0x81, 0x38,
    0x12, 0x4d, 0x91, 0xb, 0xa0, 0x3f, 0xca, 0x56,
    0x40, 0x17, 0x77, 0xed, 0xb7, 0xcc, 0x81, 0xca,
    0xc2, 0x7, 0xe5, 0xd8, 0x19, 0xc8, 0x44, 0xe,
    0x2f, 0xb2, 0x48, 0x81, 0x9c, 0x40, 0x79, 0x64,
    0x6, 0x79, 0x1, 0xe2, 0xfc, 0x25, 0x3d, 0x88,
    0xc, 0xb1, 0x3, 0xc4, 0xc, 0x7b, 0x3, 0x8b,
    0xf0, 0x93, 0xec, 0x86, 0x48, 0xc, 0x58, 0x1f,
    0xfc, 0x53, 0x3c, 0x24, 0xfc, 0x20, 0x7f, 0xf1,
    0x88, 0x18, 0xf6, 0xc, 0xec, 0x94, 0xf0, 0x81,
    0xcc, 0x90, 0x18, 0xb0, 0x39, 0x64, 0x6, 0x7e,
    0xf6, 0x4a, 0x76, 0x40, 0xf2, 0xe8, 0xc, 0xb1,
    0x3, 0xcb, 0xb0, 0x32, 0x42, 0x4f, 0xb2, 0x7,
    0x94, 0x84, 0x4, 0x5c, 0x40, 0x7e, 0x52, 0x10,
    0x1c, 0x5e, 0xfb, 0x6f, 0xea, 0xc8, 0x3, 0x3c,
    0x20, 0x7f, 0x9e, 0x40, 0xa6, 0xc8, 0x80, 0x27,
    0x2, 0x49, 0xcb, 0xb1, 0x90, 0x3f, 0xf8, 0xe,
    0xec, 0xf6, 0x45, 0xdf, 0xfd, 0xb2, 0xc6, 0x88,
    0x1f, 0xe0,

    /* U+00D9 "Ù" */
    0x3, 0xc5, 0x39, 0x26, 0x88, 0x1f, 0xfc, 0x92,
    0x90, 0x27, 0x2f, 0x88, 0xf, 0xfe, 0x49, 0x9b,
    0x22, 0xe, 0xd2, 0x3, 0xff, 0x94, 0x5d, 0xdf,
    0xaa, 0x3, 0xfe, 0x53, 0xfd, 0x98, 0x1f, 0xfc,
    0x12, 0xf7, 0xfa, 0x10, 0x3f, 0xff, 0xe0, 0x7f,
    0xff, 0xc0, 0xff, 0xed, 0x10, 0x3f, 0xf8, 0x3c,
    0xc, 0x40, 0x30, 0x40, 0x8f, 0x60, 0x7f, 0xf0,
    0x19, 0x20, 0x37, 0x25, 0x90, 0x19, 0xf6, 0x40,
    0xfc, 0x64, 0x20, 0x23, 0x50, 0x5, 0x2a, 0x2,
    0x53, 0x7e, 0xdb, 0x7e, 0xcc, 0x80, 0x2e, 0x32,
    0x6, 0x57, 0xd8, 0xd1, 0x0, 0x4e, 0x4, 0x93,
    0x9b, 0x22, 0x2,

    /* U+00DA "Ú" */
    0x3, 0xff, 0x86, 0x53, 0x92, 0x68, 0x81, 0xff,
    0xc7, 0x53, 0xd8, 0xd0, 0x48, 0x40, 0xff, 0xe2,
    0xab, 0x4c, 0x29, 0xb2, 0x10, 0x3f, 0xf8, 0xea,
    0xfe, 0xd5, 0x90, 0x3f, 0xe5, 0x3f, 0xd9, 0x81,
    0xff, 0xc1, 0x2f, 0x7f, 0xa1, 0x3, 0xff, 0xfe,
    0x7, 0xff, 0xfc, 0xf, 0xfe, 0xd1, 0x3, 0xff,
    0x83, 0xc0, 0xc4, 0x3, 0x4, 0x8, 0xf6, 0x7,
    0xff, 0x1, 0x92, 0x3, 0x72, 0x59, 0x1, 0x9f,
    0x64, 0xf, 0xc6, 0x42, 0x2, 0x35, 0x0, 0x52,
    0xa0, 0x25, 0x37, 0xed, 0xb7, 0xec, 0xc8, 0x2,
    0xe3, 0x20, 0x65, 0x7d, 0x8d, 0x10, 0x4, 0xe0,
    0x49, 0x39, 0xb2, 0x20, 0x20,

    /* U+00DB "Û" */
    0x3, 0xfc, 0x53, 0x93, 0x34, 0x40, 0xff, 0xe3,
    0x29, 0xec, 0x69, 0x1c, 0xbe, 0x20, 0x3f, 0xf8,
    0x25, 0xea, 0xc3, 0xbb, 0x6a, 0xc3, 0xb9, 0x90,
    0x3f, 0xc5, 0xef, 0xda, 0x22, 0x0, 0xa9, 0xbf,
    0x66, 0x40, 0xe5, 0x3f, 0xd9, 0x81, 0xff, 0xc1,
    0x2f, 0x7f, 0xa1, 0x3, 0xff, 0xfe, 0x7, 0xff,
    0xfc, 0xf, 0xfe, 0xd1, 0x3, 0xff, 0x83, 0xc0,
    0xc4, 0x3, 0x4, 0x8, 0xf6, 0x7, 0xff, 0x1,
    0x92, 0x3, 0x72, 0x59, 0x1, 0x9f, 0x64, 0xf,
    0xc6, 0x42, 0x2, 0x35, 0x0, 0x52, 0xa0, 0x25,
    0x37, 0xed, 0xb7, 0xec, 0xc8, 0x2, 0xe3, 0x20,
    0x65, 0x7d, 0x8d, 0x10, 0x4, 0xe0, 0x49, 0x39,
    0xb2, 0x20, 0x20,

    /* U+00DC "Ü" */
    0x3, 0xe5, 0x7f, 0x68, 0x40, 0x29, 0xbe, 0x88,
    0xf, 0xfe, 0x19, 0x30, 0xe0, 0x4c, 0x1, 0x3,
    0xff, 0x8a, 0xa6, 0xd3, 0x20, 0xc, 0xda, 0x88,
    0xf, 0x94, 0xff, 0x66, 0x7, 0xff, 0x4, 0xbd,
    0xfe, 0x84, 0xf, 0xff, 0xf8, 0x1f, 0xff, 0xf0,
    0x3f, 0xfb, 0x44, 0xf, 0xfe, 0xf, 0x3, 0x10,
    0xc, 0x10, 0x23, 0xd8, 0x1f, 0xfc, 0x6, 0x48,
    0xd, 0xc9, 0x64, 0x6, 0x7d, 0x90, 0x3f, 0x19,
    0x8, 0x8, 0xd4, 0x1, 0x4a, 0x80, 0x94, 0xdf,
    0xb6, 0xdf, 0xb3, 0x20, 0xb, 0x8c, 0x81, 0x95,
    0xf6, 0x34, 0x40, 0x13, 0x81, 0x24, 0xe6, 0xc8,
    0x80, 0x80,

    /* U+00DD "Ý" */
    0x3, 0xff, 0x8c, 0x49, 0x2e, 0x20, 0x7f, 0xf2,
    0xd5, 0xd9, 0x6a, 0x66, 0x40, 0xff, 0xe4, 0x17,
    0xaa, 0x2e, 0xec, 0x84, 0xf, 0xfe, 0x49, 0x7b,
    0xf6, 0x88, 0x81, 0xff, 0xc2, 0x77, 0xfd, 0x99,
    0x3, 0xfe, 0x33, 0x7f, 0xaa, 0x3, 0x38, 0xc0,
    0x8c, 0x84, 0x7, 0xf2, 0x8c, 0x80, 0x2e, 0x20,
    0x38, 0xc8, 0x40, 0x4a, 0x32, 0x7, 0x19, 0x8,
    0x9, 0x48, 0x20, 0x7e, 0x71, 0x90, 0x6, 0x42,
    0x2, 0x51, 0x90, 0x6, 0x42, 0x3, 0xfe, 0x32,
    0x10, 0x12, 0x90, 0xa4, 0x20, 0x25, 0x19, 0x3,
    0xff, 0x84, 0xa3, 0x20, 0xb, 0xac, 0x80, 0x32,
    0x10, 0x1f, 0xfc, 0x53, 0x21, 0x1, 0xf3, 0x8c,
    0x81, 0xff, 0xc8, 0x51, 0x81, 0x8b, 0xa8, 0xf,
    0xff, 0xf8, 0x1f, 0xff, 0x70,

    /* U+00DE "Þ" */
    0x33, 0x7f, 0x68, 0x40, 0xff, 0xf3, 0x95, 0xed,
    0xf4, 0x86, 0x88, 0x1f, 0xfc, 0x22, 0x49, 0x79,
    0xb4, 0xbb, 0xc4, 0x7, 0xf8, 0xbd, 0xff, 0x6a,
    0xc8, 0x13, 0xb0, 0x81, 0xff, 0xc4, 0x2a, 0x42,
    0x3, 0x24, 0x3, 0xff, 0xbc, 0x49, 0xd8, 0x80,
    0x8d, 0x40, 0x7e, 0x2f, 0x7f, 0xb6, 0x44, 0x40,
    0x17, 0xd9, 0x3, 0xf8, 0x92, 0x59, 0xba, 0x5d,
    0xf4, 0x20, 0x7f, 0x8a, 0xf6, 0xe9, 0x26, 0x88,
    0x1f, 0xfd, 0x70,

    /* U+00DF "ß" */
    0x3, 0xe4, 0xe5, 0xdf, 0xfe, 0xd6, 0x9a, 0x20,
    0x7f, 0xc6, 0x6b, 0x1a, 0x20, 0xa5, 0x89, 0x92,
    0x4b, 0xaa, 0x3, 0xf2, 0xac, 0x80, 0x2f, 0x7d,
    0x6e, 0xd9, 0x58, 0x19, 0xe2, 0x7, 0xe2, 0x6,
    0x78, 0x81, 0xf1, 0xc8, 0x8, 0xaa, 0x40, 0xf8,
    0x81, 0xff, 0xc0, 0x57, 0x63, 0x24, 0xee, 0x84,
    0xf, 0xfe, 0x39, 0x95, 0x10, 0x66, 0x88, 0xf,
    0xfe, 0x5f, 0x20, 0x46, 0x68, 0x88, 0x1f, 0xfc,
    0x92, 0xf6, 0x44, 0x41, 0x77, 0x65, 0x44, 0xf,
    0xfe, 0x41, 0x77, 0x65, 0x64, 0x15, 0x63, 0x3,
    0xff, 0x96, 0x55, 0x44, 0x9, 0x72, 0x7, 0xff,
    0x9, 0xdf, 0xac, 0x9a, 0xf6, 0x40, 0x96, 0x20,
    0x7f, 0xf0, 0x96, 0x41, 0x37, 0x91, 0x24, 0xe6,
    0xa8, 0x0,

    /* U+00E0 "à" */
    0x3, 0xca, 0x6f, 0xf5, 0x40, 0x7f, 0xf1, 0x94,
    0xd9, 0x11, 0x57, 0x42, 0x7, 0xff, 0x18, 0xbb,
    0xbe, 0xf4, 0xf, 0xfe, 0x11, 0x4e, 0x5d, 0x9f,
    0xdb, 0x5f, 0x56, 0x80, 0xff, 0x1a, 0xd0, 0x4,
    0x8d, 0x91, 0x32, 0x97, 0x32, 0x7, 0x8b, 0xd9,
    0xf6, 0x5a, 0x91, 0x75, 0x40, 0x46, 0xa0, 0x3f,
    0x88, 0x1f, 0xcc, 0x90, 0x1c, 0x40, 0xe2, 0xed,
    0x6f, 0xff, 0x66, 0x40, 0xdc, 0xc, 0xae, 0x89,
    0xa, 0x72, 0xd6, 0xd5, 0x64, 0xf, 0xc7, 0x20,
    0x23, 0x24, 0xd2, 0x13, 0x2, 0x40, 0x7e, 0x3c,
    0x81, 0x1b, 0x21, 0xba, 0x5d, 0x50, 0x1f, 0xe7,
    0xeb, 0x44, 0x93, 0x91, 0x50, 0xbb, 0x22, 0x3,
    0xc0,

    /* U+00E1 "á" */
    0x3, 0xff, 0x82, 0x66, 0xff, 0x56, 0x40, 0xff,
    0xe1, 0x17, 0x73, 0x2a, 0x6f, 0x59, 0x3, 0xff,
    0x86, 0xa6, 0xcf, 0x59, 0x3, 0xff, 0x80, 0x53,
    0x97, 0x7d, 0xb7, 0xed, 0x95, 0xa0, 0x3f, 0xc6,
    0xb4, 0x1, 0x23, 0x64, 0x4c, 0xa5, 0xcc, 0x81,
    0xe2, 0xf6, 0x7d, 0x96, 0xa4, 0x5d, 0x50, 0x11,
    0xa8, 0xf, 0xe2, 0x7, 0xf3, 0x24, 0x7, 0x10,
    0x38, 0xbb, 0x5b, 0xff, 0xd9, 0x90, 0x37, 0x3,
    0x2b, 0xa2, 0x42, 0x9c, 0xb5, 0xb5, 0x59, 0x3,
    0xf1, 0xc8, 0x8, 0xc9, 0x34, 0x84, 0xc0, 0x90,
    0x1f, 0x8f, 0x20, 0x46, 0xc8, 0x6e, 0x97, 0x54,
    0x7, 0xf9, 0xfa, 0xd1, 0x24, 0xe4, 0x54, 0x2e,
    0xc8, 0x80, 0xf0,

    /* U+00E2 "â" */
    0x3, 0xf1, 0x9b, 0xff, 0x68, 0x80, 0xff, 0xe0,
    0x17, 0xb1, 0x85, 0x36, 0x56, 0x1d, 0xd1, 0x1,
    0xfe, 0x5f, 0x7d, 0x59, 0x25, 0x37, 0xde, 0xb2,
    0x7, 0xc5, 0xab, 0x36, 0x7f, 0xed, 0x91, 0x32,
    0x40, 0x7e, 0x35, 0xa0, 0x9, 0x1b, 0x22, 0x65,
    0x2e, 0x64, 0xf, 0x17, 0xb3, 0xec, 0xb5, 0x22,
    0xea, 0x80, 0x8d, 0x40, 0x7f, 0x10, 0x3f, 0x99,
    0x20, 0x38, 0x81, 0xc5, 0xda, 0xdf, 0xfe, 0xcc,
    0x81, 0xb8, 0x19, 0x5d, 0x12, 0x14, 0xe5, 0xad,
    0xaa, 0xc8, 0x1f, 0x8e, 0x40, 0x46, 0x49, 0xa4,
    0x26, 0x4, 0x80, 0xfc, 0x79, 0x2, 0x36, 0x43,
    0x74, 0xba, 0xa0, 0x3f, 0xcf, 0xd6, 0x89, 0x27,
    0x22, 0xa1, 0x76, 0x44, 0x7, 0x80,

    /* U+00E3 "ã" */
    0x3, 0x94, 0xd9, 0xff, 0xff, 0x6, 0x20, 0x3e,
    0x23, 0xda, 0x93, 0xfd, 0x77, 0x88, 0xf, 0x8a,
    0x6f, 0xff, 0x82, 0x88, 0x1f, 0xe2, 0x9c, 0xbb,
    0x3f, 0xf6, 0xca, 0xd0, 0x1f, 0xe3, 0x5a, 0x0,
    0x91, 0xb2, 0x26, 0x52, 0xe6, 0x40, 0xf1, 0x7b,
    0x3e, 0xcb, 0x52, 0x2e, 0xa8, 0x8, 0xd4, 0x7,
    0xf1, 0x3, 0xf9, 0x92, 0x3, 0x88, 0x1c, 0x5d,
    0xad, 0xff, 0xec, 0xc8, 0x1b, 0x81, 0x95, 0xd1,
    0x21, 0x4e, 0x5a, 0xda, 0xac, 0x81, 0xf8, 0xe4,
    0x4, 0x64, 0x9a, 0x42, 0x60, 0x48, 0xf, 0xc7,
    0x90, 0x23, 0x64, 0x37, 0x4b, 0xaa, 0x3, 0xfc,
    0xfd, 0x68, 0x92, 0x72, 0x2a, 0x17, 0x64, 0x40,
    0x78,

    /* U+00E4 "ä" */
    0x3, 0xca, 0x6f, 0xa2, 0x0, 0x66, 0xfd, 0x50,
    0x1f, 0xfc, 0x22, 0x1, 0x81, 0x70, 0x48, 0xf,
    0xfe, 0xa, 0x9b, 0x50, 0x80, 0x2f, 0x6a, 0xa0,
    0x3f, 0x8a, 0x72, 0xec, 0xff, 0xdb, 0x2b, 0x40,
    0x7f, 0x8d, 0x68, 0x2, 0x46, 0xc8, 0x99, 0x4b,
    0x99, 0x3, 0xc5, 0xec, 0xfb, 0x2d, 0x48, 0xba,
    0xa0, 0x23, 0x50, 0x1f, 0xc4, 0xf, 0xe6, 0x48,
    0xe, 0x20, 0x71, 0x76, 0xb7, 0xff, 0xb3, 0x20,
    0x6e, 0x6, 0x57, 0x44, 0x85, 0x39, 0x6b, 0x6a,
    0xb2, 0x7, 0xe3, 0x90, 0x11, 0x92, 0x69, 0x9,
    0x81, 0x20, 0x3f, 0x1e, 0x40, 0x8d, 0x90, 0xdd,
    0x2e, 0xa8, 0xf, 0xf3, 0xf5, 0xa2, 0x49, 0xc8,
    0xa8, 0x5d, 0x91, 0x1, 0xe0,

    /* U+00E5 "å" */
    0x3, 0xf8, 0xbb, 0xbf, 0xb4, 0x40, 0x7f, 0xf1,
    0x1c, 0x87, 0x77, 0xad, 0xac, 0x20, 0x7f, 0xf1,
    0x58, 0x20, 0x62, 0x7, 0xff, 0x11, 0xc8, 0x13,
    0xf5, 0x6d, 0x20, 0x81, 0xff, 0xc3, 0x2e, 0xff,
    0xb4, 0x40, 0x7f, 0xf0, 0xa, 0x72, 0xec, 0xff,
    0xdb, 0x2b, 0x40, 0x7f, 0x8d, 0x68, 0x2, 0x46,
    0xc8, 0x99, 0x4b, 0x99, 0x3, 0xc5, 0xec, 0xfb,
    0x2d, 0x48, 0xba, 0xa0, 0x23, 0x50, 0x1f, 0xc4,
    0xf, 0xe6, 0x48, 0xe, 0x20, 0x71, 0x76, 0xb7,
    0xff, 0xb3, 0x20, 0x6e, 0x6, 0x57, 0x44, 0x85,
    0x39, 0x6b, 0x6a, 0xb2, 0x7, 0xe3, 0x90, 0x11,
    0x92, 0x69, 0x9, 0x81, 0x20, 0x3f, 0x1e, 0x40,
    0x8d, 0x90, 0xdd, 0x2e, 0xa8, 0xf, 0xf3, 0xf5,
    0xa2, 0x49, 0xc8, 0xa8, 0x5d, 0x91, 0x1, 0xe0,

    /* U+00E6 "æ" */
    0x3, 0x14, 0xe5, 0xd9, 0xff, 0xb5, 0x88, 0x92,
    0x97, 0x7f, 0xed, 0x62, 0x3, 0xfd, 0xa3, 0x41,
    0xa6, 0xe4, 0x49, 0x3b, 0xb2, 0xb4, 0x49, 0x36,
    0x44, 0x93, 0xba, 0x10, 0x3c, 0x67, 0xf6, 0xb5,
    0x25, 0x7c, 0x20, 0x71, 0x9b, 0x2c, 0x8b, 0xaa,
    0x0, 0x5c, 0x40, 0x7f, 0xf1, 0x8, 0x6, 0x6,
    0x29, 0x1, 0x3e, 0x78, 0x81, 0x3c, 0x40, 0xca,
    0x5d, 0xff, 0xdb, 0x22, 0x3, 0x17, 0xb7, 0xf4,
    0x20, 0x44, 0x30, 0xe, 0xd3, 0x44, 0x17, 0x22,
    0xdc, 0xc8, 0x18, 0xb9, 0x6f, 0xff, 0xd, 0x5,
    0xd0, 0x11, 0x9e, 0x36, 0x4a, 0x60, 0x78, 0x90,
    0x4b, 0xff, 0x84, 0x40, 0x2e, 0x40, 0x8c, 0xf6,
    0xa5, 0xad, 0x8c, 0xa6, 0x88, 0x53, 0xeb, 0x52,
    0x2d, 0xb6, 0x7c, 0xc8, 0x13, 0xf5, 0xa2, 0xa,
    0x46, 0xf4, 0xba, 0xcb, 0xac, 0x44, 0x24, 0x6c,
    0x94, 0x1a, 0xa8, 0x80,

    /* U+00E7 "ç" */
    0x3, 0xc5, 0x4b, 0xb3, 0xff, 0x6c, 0xac, 0x81,
    0xca, 0xea, 0xd1, 0x39, 0x21, 0x39, 0x81, 0xc6,
    0x42, 0x2, 0x53, 0xec, 0xb5, 0xb3, 0xf6, 0x64,
    0x9, 0x21, 0x2, 0x5d, 0x81, 0xff, 0xc2, 0x3c,
    0xc, 0x49, 0x81, 0xff, 0xc4, 0xe0, 0x62, 0x4c,
    0xf, 0xfe, 0x19, 0x24, 0x6, 0x5d, 0x81, 0xfc,
    0x40, 0xe5, 0x61, 0x2, 0x53, 0xec, 0xb5, 0xb3,
    0xf6, 0x88, 0xc, 0x5e, 0xc8, 0xd1, 0x4, 0x92,
    0x13, 0x27, 0x98, 0x1f, 0x17, 0x2c, 0x60, 0x4a,
    0xfd, 0x62, 0x20, 0x7f, 0xcf, 0x44, 0x15, 0xf0,
    0x81, 0xff, 0xc1, 0x21, 0x9c, 0x40, 0xcc, 0xf,
    0xfe, 0x2, 0x9b, 0x2c, 0x24, 0xa5, 0x40, 0x60,

    /* U+00E8 "è" */
    0x3, 0xca, 0x6f, 0xf5, 0x40, 0x7f, 0xf1, 0x94,
    0xd9, 0x11, 0x57, 0x32, 0x7, 0xff, 0x18, 0xbb,
    0xbe, 0xe8, 0xf, 0xfe, 0x21, 0x52, 0xef, 0xed,
    0xaf, 0xa3, 0x20, 0x7f, 0x2b, 0xab, 0x44, 0x93,
    0x72, 0x5, 0xcd, 0x8c, 0x81, 0x8c, 0xa8, 0x9,
    0xdd, 0x64, 0xae, 0x88, 0x1, 0x90, 0x80, 0x14,
    0x80, 0x65, 0x99, 0x3f, 0x22, 0x40, 0x4f, 0x10,
    0x1c, 0xe, 0x57, 0x6f, 0xe6, 0x40, 0x88, 0x11,
    0xe0, 0x72, 0x96, 0xff, 0xf1, 0x8, 0x4, 0x84,
    0x9, 0xf6, 0x97, 0xff, 0x8, 0x81, 0x19, 0x8,
    0x1, 0x7b, 0xeb, 0x52, 0x2d, 0xb6, 0x7c, 0xc0,
    0xf2, 0xbe, 0xc6, 0x89, 0x24, 0x6c, 0x94, 0x1b,
    0x54, 0x0,

    /* U+00E9 "é" */
    0x3, 0xff, 0x82, 0xa6, 0xfe, 0xd5, 0x10, 0x3f,
    0xf8, 0x45, 0xda, 0x65, 0x4d, 0x95, 0x10, 0x3f,
    0xf8, 0x6a, 0x6c, 0xf5, 0x90, 0x3f, 0xf8, 0x45,
    0x4b, 0xf6, 0xdf, 0xb6, 0x46, 0x40, 0xfe, 0x57,
    0x56, 0x89, 0x26, 0xe4, 0xb, 0x9b, 0x19, 0x3,
    0x19, 0x50, 0x13, 0xba, 0xc9, 0x5d, 0x10, 0x3,
    0x21, 0x0, 0x29, 0x0, 0xcb, 0x32, 0x7e, 0x44,
    0x80, 0x9e, 0x20, 0x38, 0x1c, 0xae, 0xdf, 0xcc,
    0x81, 0x10, 0x23, 0xc0, 0xe5, 0x2d, 0xff, 0xe2,
    0x10, 0x9, 0x8, 0x13, 0xed, 0x2f, 0xfe, 0x11,
    0x2, 0x32, 0x10, 0x2, 0xf7, 0xd6, 0xa4, 0x5b,
    0x6c, 0xf9, 0x81, 0xe5, 0x7d, 0x8d, 0x12, 0x48,
    0xd9, 0x28, 0x36, 0xa8, 0x0,

    /* U+00EA "ê" */
    0x3, 0xf1, 0x9b, 0xff, 0x68, 0x80, 0xff, 0xe0,
    0x19, 0xb1, 0x85, 0x36, 0x44, 0x1d, 0xd1, 0x1,
    0xfe, 0xbf, 0x7d, 0x59, 0x27, 0x77, 0xde, 0xb0,
    0x3f, 0x88, 0x76, 0xb7, 0xfe, 0xd9, 0x50, 0x20,
    0x7e, 0x57, 0x56, 0x89, 0x26, 0xe4, 0xb, 0x9b,
    0x19, 0x3, 0x19, 0x50, 0x13, 0xba, 0xc9, 0x5d,
    0x10, 0x3, 0x21, 0x0, 0x29, 0x0, 0xcb, 0x32,
    0x7e, 0x44, 0x80, 0x9e, 0x20, 0x38, 0x1c, 0xae,
    0xdf, 0xcc, 0x81, 0x10, 0x23, 0xc0, 0xe5, 0x2d,
    0xff, 0xe2, 0x10, 0x9, 0x8, 0x13, 0xed, 0x2f,
    0xfe, 0x11, 0x2, 0x32, 0x10, 0x2, 0xf7, 0xd6,
    0xa4, 0x5b, 0x6c, 0xf9, 0x81, 0xe5, 0x7d, 0x8d,
    0x12, 0x48, 0xd9, 0x28, 0x36, 0xa8, 0x0,

    /* U+00EB "ë" */
    0x3, 0xca, 0xfe, 0xd0, 0x80, 0x53, 0x7e, 0xa8,
    0xf, 0xfe, 0x1, 0x30, 0x1c, 0xc0, 0x13, 0x1,
    0xff, 0xc0, 0x53, 0x6a, 0x10, 0x6, 0x6d, 0x44,
    0x7, 0xfc, 0x54, 0xbb, 0xff, 0x6c, 0x8c, 0x81,
    0xfc, 0xae, 0xad, 0x12, 0x4d, 0xc8, 0x17, 0x36,
    0x32, 0x6, 0x32, 0xa0, 0x27, 0x75, 0x92, 0xba,
    0x20, 0x6, 0x42, 0x0, 0x52, 0x1, 0x96, 0x64,
    0xfc, 0x89, 0x1, 0x3c, 0x40, 0x70, 0x39, 0x5d,
    0xbf, 0x99, 0x2, 0x20, 0x47, 0x81, 0xca, 0x5b,
    0xff, 0xc4, 0x20, 0x12, 0x10, 0x27, 0xda, 0x5f,
    0xfc, 0x22, 0x4, 0x64, 0x20, 0x5, 0xef, 0xad,
    0x48, 0xb6, 0xd9, 0xf3, 0x3, 0xca, 0xfb, 0x1a,
    0x24, 0x91, 0xb2, 0x50, 0x6d, 0x50, 0x0,

    /* U+00EC "ì" */
    0x0, 0xa6, 0xff, 0x54, 0x7, 0x94, 0xd9, 0x19,
    0x57, 0x42, 0x7, 0x8b, 0x9b, 0xfa, 0x90, 0x3e,
    0x77, 0xfb, 0x44, 0x7, 0xff, 0xfc, 0xf, 0xff,
    0x10,

    /* U+00ED "í" */
    0x3, 0xca, 0xff, 0xb4, 0x40, 0x78, 0xcd, 0x51,
    0x73, 0x64, 0x40, 0x78, 0xdf, 0xed, 0x19, 0x3,
    0xf9, 0xcd, 0xfd, 0x50, 0x1f, 0xff, 0xf0, 0x3f,
    0xff, 0xe0,

    /* U+00EE "î" */
    0x3, 0xe5, 0x37, 0xfe, 0xd1, 0x1, 0xfc, 0xa6,
    0xac, 0x3b, 0xb2, 0xb0, 0xee, 0x88, 0xf, 0x2b,
    0xfd, 0xa2, 0x24, 0xa6, 0xfe, 0xa8, 0xf, 0x89,
    0x0, 0x77, 0xfd, 0x50, 0x2, 0x40, 0x7f, 0xff,
    0xc0, 0xff, 0xff, 0x81, 0xff, 0xe1,

    /* U+00EF "ï" */
    0x0, 0xaf, 0xed, 0x8, 0x5, 0x37, 0xd1, 0x1,
    0xf1, 0x21, 0xc0, 0xf1, 0x3, 0xf2, 0xbb, 0x4c,
    0x80, 0x53, 0x6a, 0x20, 0x3f, 0x9d, 0xff, 0x54,
    0x7, 0xff, 0xfc, 0xf, 0xff, 0xf8, 0x1f, 0xfc,
    0xd0,

    /* U+00F0 "ð" */
    0x3, 0xf8, 0xa6, 0x88, 0x1e, 0x4a, 0x3, 0xff,
    0x86, 0xad, 0x4b, 0xbd, 0xb6, 0xf6, 0xa3, 0x20,
    0x7f, 0xf0, 0x54, 0xa8, 0x9, 0x28, 0x87, 0x73,
    0x20, 0x7f, 0xf0, 0xc, 0xd5, 0x14, 0xe2, 0x20,
    0x1c, 0x84, 0x7, 0xff, 0x4, 0xcf, 0xb5, 0x63,
    0xbe, 0x10, 0x5c, 0x82, 0x7, 0xf8, 0xb9, 0xfb,
    0x7f, 0xec, 0xc8, 0x2, 0xea, 0x3, 0xc6, 0x6c,
    0x8c, 0x99, 0x37, 0x20, 0x90, 0x81, 0x96, 0x20,
    0x65, 0x19, 0x0, 0x5e, 0xcb, 0x25, 0x77, 0xa8,
    0xc, 0x49, 0x81, 0x12, 0x60, 0x65, 0x48, 0x1f,
    0x96, 0x40, 0x7f, 0xf4, 0x58, 0x18, 0x81, 0x89,
    0x20, 0x32, 0xa4, 0xf, 0xcf, 0x10, 0x25, 0x90,
    0x19, 0x58, 0x80, 0x17, 0xb2, 0xd4, 0x8b, 0xbc,
    0x40, 0xc, 0x84, 0x7, 0x8b, 0xba, 0xb4, 0x42,
    0x46, 0xc8, 0x92, 0x73, 0x63, 0x20, 0x60,

    /* U+00F1 "ñ" */
    0x3, 0xc5, 0xdd, 0xff, 0xff, 0x6, 0xb0, 0x3f,
    0xf8, 0x3a, 0xc9, 0xfe, 0xbb, 0x2b, 0x3, 0xfe,
    0x2d, 0xff, 0xf0, 0x51, 0x20, 0x3f, 0xce, 0xff,
    0x54, 0x54, 0xbb, 0xfe, 0xd9, 0x59, 0x3, 0xff,
    0x82, 0xae, 0xad, 0x82, 0x51, 0x4, 0x94, 0xd5,
    0x1, 0xff, 0xc1, 0x33, 0x6a, 0xdb, 0x63, 0x20,
    0x4b, 0x20, 0x3f, 0xe3, 0x59, 0x3, 0xc7, 0x30,
    0x31, 0x3, 0xff, 0x80, 0xc8, 0x1f, 0xfc, 0x42,
    0x7, 0xff, 0xfc, 0xf, 0xff, 0x18,

    /* U+00F2 "ò" */
    0x3, 0xc5, 0xdf, 0xf6, 0x84, 0xf, 0xfe, 0x41,
    0x77, 0xd8, 0x8b, 0xd5, 0x90, 0x3f, 0xf9, 0x29,
    0xdf, 0xb2, 0x20, 0x3f, 0xf8, 0xc5, 0x4b, 0xb3,
    0xf6, 0xdb, 0xd8, 0x88, 0x1f, 0xf2, 0xba, 0xb4,
    0x4c, 0x94, 0x41, 0x4e, 0xec, 0x64, 0xf, 0x19,
    0x50, 0x12, 0xbf, 0x5b, 0x6f, 0x99, 0x0, 0x64,
    0x20, 0x31, 0x48, 0x6, 0x7d, 0x1, 0xf1, 0xb4,
    0x40, 0x96, 0x40, 0x6e, 0x6, 0x21, 0x81, 0xfc,
    0x43, 0x3, 0x10, 0x31, 0xe0, 0x62, 0x4c, 0xf,
    0xe2, 0x18, 0x1f, 0xe4, 0x84, 0x9, 0x74, 0x7,
    0xc6, 0xd1, 0x2, 0x59, 0x1, 0x8c, 0x86, 0x4,
    0xaf, 0xd6, 0xdb, 0xe6, 0x40, 0x19, 0xc, 0xf,
    0x94, 0xf6, 0x22, 0x64, 0xa2, 0xa, 0x73, 0x63,
    0x20, 0x60,

    /* U+00F3 "ó" */
    0x3, 0xff, 0x84, 0xaf, 0xfb, 0x44, 0x7, 0xff,
    0x18, 0xcd, 0x51, 0x53, 0x64, 0x40, 0x7f, 0xf1,
    0xef, 0xdf, 0x56, 0x40, 0xff, 0xe2, 0x15, 0x2e,
    0xfb, 0x5f, 0xda, 0xc4, 0x40, 0xff, 0x95, 0xd5,
    0xa2, 0x64, 0xa2, 0xa, 0x77, 0x63, 0x20, 0x78,
    0xca, 0x80, 0x95, 0xfa, 0xdb, 0x7c, 0xc8, 0x3,
    0x21, 0x1, 0x8a, 0x40, 0x33, 0xe8, 0xf, 0x8d,
    0xa2, 0x4, 0xb2, 0x3, 0x70, 0x31, 0xc, 0xf,
    0xe2, 0x18, 0x18, 0x81, 0x8f, 0x3, 0x12, 0x60,
    0x7f, 0x10, 0xc0, 0xff, 0x24, 0x20, 0x4b, 0xa0,
    0x3e, 0x36, 0x88, 0x12, 0xc8, 0xc, 0x64, 0x30,
    0x25, 0x7e, 0xb6, 0xdf, 0x32, 0x0, 0xc8, 0x60,
    0x7c, 0xa7, 0xb1, 0x13, 0x25, 0x10, 0x53, 0x9b,
    0x19, 0x3, 0x0,

    /* U+00F4 "ô" */
    0x3, 0xf9, 0x5d, 0xff, 0xb3, 0x20, 0x7f, 0xf0,
    0xd4, 0xd5, 0x7, 0x75, 0x88, 0xcd, 0x59, 0x3,
    0xff, 0x80, 0xef, 0xdf, 0x44, 0x53, 0xbf, 0xb4,
    0x40, 0x7f, 0xf0, 0x9d, 0x9b, 0x3f, 0xf6, 0xb4,
    0xc1, 0x3, 0xfc, 0xae, 0xad, 0x13, 0x25, 0x10,
    0x53, 0xbb, 0x19, 0x3, 0xc6, 0x54, 0x4, 0xaf,
    0xd6, 0xdb, 0xe6, 0x40, 0x19, 0x8, 0xc, 0x52,
    0x1, 0x9f, 0x40, 0x7c, 0x6d, 0x10, 0x25, 0x90,
    0x1b, 0x81, 0x88, 0x60, 0x7f, 0x10, 0xc0, 0xc4,
    0xc, 0x78, 0x18, 0x93, 0x3, 0xf8, 0x86, 0x7,
    0xf9, 0x21, 0x2, 0x5d, 0x1, 0xf1, 0xb4, 0x40,
    0x96, 0x40, 0x63, 0x21, 0x81, 0x2b, 0xf5, 0xb6,
    0xf9, 0x90, 0x6, 0x43, 0x3, 0xe5, 0x3d, 0x88,
    0x99, 0x28, 0x82, 0x9c, 0xd8, 0xc8, 0x18,

    /* U+00F5 "õ" */
    0x3, 0x8a, 0x9b, 0xff, 0xfe, 0xe, 0x64, 0xf,
    0xfe, 0x7, 0xb2, 0x7f, 0xad, 0x6c, 0x64, 0xf,
    0xf1, 0x4d, 0xff, 0xf0, 0x12, 0x10, 0x3f, 0xf8,
    0x45, 0x4b, 0xb3, 0xff, 0x6b, 0x11, 0x3, 0xfe,
    0x57, 0x56, 0x89, 0x92, 0x88, 0x29, 0xdd, 0x8c,
    0x81, 0xe3, 0x2a, 0x2, 0x57, 0xeb, 0x6d, 0xf3,
    0x20, 0xc, 0x84, 0x6, 0x29, 0x0, 0xcf, 0xa0,
    0x3e, 0x36, 0x88, 0x12, 0xc8, 0xd, 0xc0, 0xc4,
    0x30, 0x3f, 0x88, 0x60, 0x62, 0x6, 0x3c, 0xc,
    0x49, 0x81, 0xfc, 0x43, 0x3, 0xfc, 0x90, 0x81,
    0x2e, 0x80, 0xf8, 0xda, 0x20, 0x4b, 0x20, 0x31,
    0x90, 0xc0, 0x95, 0xfa, 0xdb, 0x7c, 0xc8, 0x3,
    0x21, 0x81, 0xf2, 0x9e, 0xc4, 0x4c, 0x94, 0x41,
    0x4e, 0x6c, 0x64, 0xc,

    /* U+00F6 "ö" */
    0x3, 0xc5, 0xdf, 0xd9, 0x90, 0xa, 0x7e, 0xd1,
    0x1, 0xff, 0xc4, 0x24, 0xc0, 0xf1, 0x20, 0xc,
    0xf, 0xfe, 0x9, 0x77, 0x65, 0x64, 0x2, 0x9b,
    0x50, 0x81, 0xff, 0xc1, 0x2a, 0x5d, 0x9f, 0xfb,
    0x58, 0x88, 0x1f, 0xf2, 0xba, 0xb4, 0x4c, 0x94,
    0x41, 0x4e, 0xec, 0x64, 0xf, 0x19, 0x50, 0x12,
    0xbf, 0x5b, 0x6f, 0x99, 0x0, 0x64, 0x20, 0x31,
    0x48, 0x6, 0x7d, 0x1, 0xf1, 0xb4, 0x40, 0x96,
    0x40, 0x6e, 0x6, 0x21, 0x81, 0xfc, 0x43, 0x3,
    0x10, 0x31, 0xe0, 0x62, 0x4c, 0xf, 0xe2, 0x18,
    0x1f, 0xe4, 0x84, 0x9, 0x74, 0x7, 0xc6, 0xd1,
    0x2, 0x59, 0x1, 0x8c, 0x86, 0x4, 0xaf, 0xd6,
    0xdb, 0xe6, 0x40, 0x19, 0xc, 0xf, 0x94, 0xf6,
    0x22, 0x64, 0xa2, 0xa, 0x73, 0x63, 0x20, 0x60,

    /* U+00F7 "÷" */
    0x3, 0xfc, 0xa6, 0xfd, 0x50, 0x1f, 0xfc, 0x92,
    0x40, 0x19, 0x20, 0x3f, 0xf8, 0xea, 0xfd, 0xa6,
    0x40, 0xff, 0x14, 0xe4, 0xfe, 0xb5, 0x27, 0xf3,
    0x20, 0x1e, 0x8d, 0xff, 0xf2, 0x32, 0x0, 0xa7,
    0xff, 0xed, 0x9f, 0xff, 0x56, 0x7, 0xfc, 0xaf,
    0xda, 0x64, 0xf, 0xfe, 0x41, 0x20, 0xc, 0x90,
    0x1f, 0xc0,

    /* U+00F8 "ø" */
    0x3, 0xff, 0xb0, 0x54, 0xbb, 0x3f, 0xf6, 0xb5,
    0xbf, 0x44, 0x7, 0xe5, 0x75, 0x68, 0x99, 0x28,
    0x82, 0x90, 0x83, 0xd8, 0x1e, 0x32, 0xa0, 0x25,
    0x7e, 0xb5, 0x29, 0x3, 0x8c, 0x84, 0x6, 0x29,
    0x0, 0xcb, 0xa0, 0x5, 0xf8, 0x49, 0xa2, 0x4,
    0xb2, 0x3, 0x70, 0x31, 0x26, 0xc, 0xf0, 0x94,
    0xf3, 0x30, 0x31, 0x3, 0xb8, 0x18, 0x92, 0x9d,
    0x92, 0x9d, 0x92, 0xc, 0xf, 0xe2, 0x90, 0x81,
    0x28, 0xca, 0x99, 0x90, 0x6d, 0x10, 0x25, 0x90,
    0x18, 0xc8, 0x40, 0x79, 0xeb, 0x5b, 0xe6, 0x40,
    0x19, 0xc, 0xf, 0x12, 0x60, 0xa, 0x26, 0x4a,
    0x20, 0xa7, 0x36, 0x32, 0x7, 0xc5, 0xed, 0xae,
    0xcf, 0xfd, 0xac, 0x64, 0xf, 0x80,

    /* U+00F9 "ù" */
    0x3, 0xe2, 0xef, 0xfb, 0x32, 0x7, 0xff, 0x20,
    0xbb, 0xeb, 0x46, 0x6a, 0x88, 0x1f, 0xfc, 0x95,
    0x2f, 0xed, 0x11, 0x3, 0xff, 0x82, 0xf7, 0xfa,
    0x20, 0x38, 0x90, 0x5, 0x7f, 0xd5, 0x1, 0xff,
    0xff, 0x3, 0xff, 0xec, 0x49, 0x81, 0xff, 0x16,
    0x6, 0x44, 0xf, 0x8a, 0xa4, 0xf, 0xf9, 0x64,
    0x4, 0x66, 0xb2, 0x57, 0x64, 0x20, 0x7f, 0xf0,
    0x5d, 0xa8, 0x88, 0x29, 0xbf, 0x5d, 0x10, 0x1f,
    0x0,

    /* U+00FA "ú" */
    0x3, 0xff, 0x84, 0x5e, 0xff, 0x56, 0x40, 0xff,
    0xe3, 0x2b, 0xa1, 0x4e, 0xfa, 0xc8, 0x1f, 0xfc,
    0x65, 0x37, 0xeb, 0x10, 0x1f, 0xfc, 0x17, 0xbf,
    0xd1, 0x0, 0x24, 0x7, 0x2b, 0xfe, 0xa8, 0xf,
    0xff, 0xf8, 0x1f, 0xff, 0x62, 0x4c, 0xf, 0xf8,
    0xb0, 0x32, 0x20, 0x7c, 0x55, 0x20, 0x7f, 0xcb,
    0x20, 0x23, 0x35, 0x92, 0xbb, 0x21, 0x3, 0xff,
    0x82, 0xed, 0x44, 0x41, 0x4d, 0xfa, 0xe8, 0x80,
    0xf8,

    /* U+00FB "û" */
    0x3, 0xf8, 0xbb, 0xff, 0xd5, 0x90, 0x3f, 0xf8,
    0x45, 0xdd, 0x1a, 0x9b, 0x2c, 0x4e, 0x6a, 0xc8,
    0x1f, 0xf1, 0x53, 0xf6, 0xac, 0x92, 0x77, 0x7e,
    0x88, 0x81, 0xf9, 0xef, 0xdb, 0x22, 0x3, 0xf9,
    0x5d, 0x9f, 0xaa, 0x3, 0xff, 0xfe, 0x7, 0xff,
    0xd8, 0x93, 0x3, 0xfe, 0x2c, 0xc, 0x88, 0x1f,
    0x15, 0x48, 0x1f, 0xf2, 0xc8, 0x8, 0xcd, 0x64,
    0xae, 0xc8, 0x40, 0xff, 0xe0, 0xbb, 0x51, 0x10,
    0x53, 0x7e, 0xba, 0x20, 0x3e,

    /* U+00FC "ü" */
    0x3, 0xe2, 0xf7, 0xea, 0x80, 0x17, 0x7f, 0x66,
    0x40, 0xff, 0xe2, 0x12, 0x3, 0xe2, 0x4c, 0xf,
    0xfe, 0x19, 0x7b, 0x55, 0x0, 0x2e, 0xec, 0xac,
    0x81, 0xfc, 0xf7, 0xfa, 0x20, 0x3f, 0x95, 0xff,
    0x54, 0x7, 0xff, 0xfc, 0xf, 0xff, 0xb1, 0x26,
    0x7, 0xfc, 0x58, 0x19, 0x10, 0x3e, 0x2a, 0x90,
    0x3f, 0xe5, 0x90, 0x11, 0x9a, 0xc9, 0x5d, 0x90,
    0x81, 0xff, 0xc1, 0x76, 0xa2, 0x20, 0xa6, 0xfd,
    0x74, 0x40, 0x7c,

    /* U+00FD "ý" */
    0x3, 0xff, 0x86, 0x66, 0xfe, 0xd5, 0x90, 0x3f,
    0xf9, 0x5, 0xdc, 0xc2, 0x9b, 0x2b, 0x20, 0x7f,
    0xf2, 0xb, 0x9b, 0xea, 0xc8, 0x1f, 0xfc, 0x22,
    0xf7, 0xfa, 0xa0, 0x22, 0x40, 0x72, 0x9f, 0xf4,
    0x20, 0x71, 0x74, 0x81, 0x2e, 0x80, 0xfc, 0x73,
    0x2, 0x2e, 0x90, 0x3e, 0x71, 0x1, 0x2e, 0x80,
    0xf1, 0xac, 0x8, 0xaa, 0x40, 0xfe, 0x5d, 0x1,
    0x2e, 0x80, 0xc6, 0xb0, 0x23, 0x68, 0x81, 0xff,
    0x2e, 0xc0, 0x97, 0x60, 0xd, 0x60, 0x46, 0xa2,
    0x7, 0xff, 0x5, 0x56, 0x4, 0xb2, 0x4a, 0xc0,
    0x8d, 0x64, 0xf, 0xfe, 0x19, 0xb0, 0x80, 0x5f,
    0x90, 0x12, 0xac, 0xf, 0xfe, 0x31, 0x74, 0x80,
    0x48, 0x40, 0x2e, 0xc0, 0xff, 0xe4, 0xba, 0x80,
    0xe5, 0xd0, 0x1f, 0xfd, 0x15, 0xd0, 0x1f, 0xfc,
    0xa5, 0x21, 0x1, 0x38, 0x80, 0xff, 0xe2, 0x17,
    0x6d, 0xbd, 0x60, 0x4a, 0xc2, 0x7, 0xff, 0x1b,
    0xb4, 0x84, 0x14, 0xee, 0xa8, 0xf, 0xfe, 0x20,

    /* U+00FE "þ" */
    0x2, 0x77, 0xfd, 0x50, 0x1f, 0xff, 0xf0, 0x3f,
    0xf8, 0x24, 0x17, 0x77, 0xfd, 0xac, 0x40, 0x7f,
    0xf0, 0xdd, 0xd1, 0xb2, 0x42, 0x0, 0xa7, 0x74,
    0x20, 0x7f, 0xf0, 0x54, 0xfa, 0xdb, 0x7a, 0xc0,
    0x8b, 0x88, 0xf, 0xf9, 0x66, 0x7, 0xcb, 0x30,
    0x33, 0x24, 0x7, 0xfc, 0x40, 0xfe, 0x60, 0x81,
    0x1e, 0x7, 0xff, 0x0, 0x81, 0xfc, 0xc1, 0x2,
    0x3c, 0xf, 0xf9, 0x66, 0x7, 0xcb, 0xb0, 0x33,
    0x24, 0x7, 0xfc, 0xa7, 0xd9, 0x6b, 0x7a, 0x80,
    0x8b, 0x88, 0xf, 0xf9, 0xda, 0x6c, 0x12, 0x10,
    0x5, 0x3b, 0xa1, 0x3, 0xff, 0x80, 0x42, 0x97,
    0x7f, 0xda, 0xc4, 0x7, 0xff, 0xfc, 0xf, 0xfe,
    0x48,

    /* U+00FF "ÿ" */
    0x3, 0xf2, 0x9b, 0xe8, 0x80, 0x19, 0xbf, 0x54,
    0x7, 0xff, 0x20, 0x81, 0xee, 0x9, 0x1, 0xff,
    0xc7, 0x53, 0x6a, 0x20, 0x5, 0xed, 0x54, 0x7,
    0xfc, 0x5e, 0xff, 0x54, 0x7, 0xf9, 0x4f, 0xfa,
    0x10, 0x38, 0xba, 0x40, 0x97, 0x40, 0x7e, 0x39,
    0x81, 0x17, 0x48, 0x1f, 0x38, 0x80, 0x97, 0x40,
    0x78, 0xd6, 0x4, 0x55, 0x20, 0x7f, 0x2e, 0x80,
    0x97, 0x40, 0x63, 0x58, 0x11, 0xb4, 0x40, 0xff,
    0x97, 0x60, 0x4b, 0xb0, 0x6, 0xb0, 0x23, 0x51,
    0x3, 0xff, 0x82, 0xab, 0x2, 0x59, 0x25, 0x60,
    0x46, 0xb2, 0x7, 0xff, 0xc, 0xd8, 0x40, 0x2f,
    0xc8, 0x9, 0x56, 0x7, 0xff, 0x18, 0xba, 0x40,
    0x24, 0x20, 0x17, 0x60, 0x7f, 0xf2, 0x5d, 0x40,
    0x72, 0xe8, 0xf, 0xfe, 0x8a, 0xe8, 0xf, 0xfe,
    0x52, 0x90, 0x80, 0x9c, 0x40, 0x7f, 0xf1, 0xb,
    0xb6, 0xde, 0xb0, 0x25, 0x61, 0x3, 0xff, 0x8d,
    0xda, 0x42, 0xa, 0x77, 0x54, 0x7, 0xff, 0x10,

    /* U+010C "Č" */
    0x3, 0xf1, 0x4d, 0xc8, 0x81, 0xf2, 0x6f, 0x10,
    0x3f, 0xc5, 0x1d, 0x2e, 0xc8, 0xd4, 0xde, 0xcc,
    0x11, 0x3, 0xff, 0x80, 0xae, 0x84, 0x9c, 0xac,
    0x93, 0xb4, 0xc8, 0x1f, 0xfc, 0x32, 0xf7, 0xfe,
    0xd1, 0x1, 0xff, 0xc4, 0x4e, 0x5d, 0x9f, 0xfb,
    0x65, 0xa8, 0x88, 0x1f, 0x17, 0x7d, 0x8d, 0x12,
    0x4, 0xe0, 0x49, 0x23, 0xec, 0xe, 0x33, 0xc4,
    0x4, 0xa6, 0xfd, 0xb6, 0xfe, 0xd6, 0xa2, 0x3,
    0x28, 0xc8, 0x12, 0xb4, 0xc8, 0x1f, 0xc5, 0x21,
    0x3, 0x1c, 0x80, 0xcf, 0xa0, 0x3f, 0xf9, 0xc,
    0x81, 0x8f, 0x60, 0x7f, 0xfa, 0x8, 0x18, 0xf6,
    0x7, 0xff, 0x25, 0x64, 0x6, 0x79, 0x1, 0xff,
    0xc9, 0x5d, 0x1, 0x9c, 0x84, 0x7, 0xfc, 0x4c,
    0x7, 0x95, 0xa6, 0x40, 0x17, 0x7f, 0x6d, 0xef,
    0xed, 0xe9, 0x3, 0xe5, 0x36, 0x56, 0x89, 0x2,
    0x7c, 0x9, 0x24, 0xc4, 0x0,

    /* U+010D "č" */
    0x3, 0x19, 0xbf, 0x68, 0x88, 0x2, 0xee, 0xfd,
    0x59, 0x3, 0xe3, 0x36, 0x30, 0xee, 0xfd, 0xa2,
    0x77, 0x56, 0x40, 0xff, 0x19, 0xb7, 0xef, 0x51,
    0x3, 0xff, 0x80, 0x54, 0xbf, 0xb6, 0xef, 0xb2,
    0xb2, 0x7, 0xe5, 0x75, 0x68, 0x9c, 0x90, 0x9c,
    0xc0, 0xfc, 0x64, 0x20, 0x25, 0x3e, 0xcb, 0x5b,
    0x3f, 0x66, 0x40, 0xf2, 0x42, 0x4, 0xbb, 0x3,
    0xff, 0x8a, 0x78, 0x18, 0x93, 0x3, 0xff, 0x8f,
    0xc0, 0xc4, 0x98, 0x1f, 0xfc, 0x62, 0x48, 0xc,
    0xbb, 0x3, 0xf8, 0x81, 0xf9, 0x58, 0x40, 0x94,
    0xfb, 0x2d, 0x6c, 0xfd, 0xa2, 0x3, 0xe2, 0xf6,
    0x46, 0x88, 0x24, 0x90, 0x99, 0x3c, 0xc0, 0xc0,

    /* U+010E "Ď" */
    0x3, 0x93, 0x8d, 0x10, 0x3e, 0x29, 0xc6, 0x88,
    0x1f, 0xfc, 0x14, 0x4a, 0x5d, 0x91, 0x12, 0x9b,
    0x2c, 0x21, 0x90, 0x3f, 0xf8, 0x4a, 0xe6, 0x49,
    0xdd, 0x8c, 0x85, 0x69, 0x90, 0x3f, 0xf8, 0xa6,
    0x79, 0xd, 0xe9, 0x69, 0x1, 0xff, 0xc0, 0x33,
    0x7f, 0xf6, 0x90, 0xdc, 0xaf, 0x8d, 0x1, 0xff,
    0xc6, 0x24, 0x96, 0x27, 0x93, 0x97, 0xe8, 0x40,
    0xff, 0xe0, 0x95, 0xed, 0xdb, 0x5f, 0x56, 0x40,
    0x17, 0xaa, 0x3, 0xff, 0x94, 0x54, 0xf0, 0x81,
    0x2e, 0xc0, 0xff, 0xe6, 0x15, 0x48, 0x12, 0xc8,
    0xf, 0xfe, 0x61, 0x26, 0x6, 0x64, 0xf, 0xff,
    0x69, 0x26, 0x6, 0x64, 0xf, 0xfe, 0x59, 0xb4,
    0x40, 0x96, 0x40, 0x7f, 0xf2, 0xb, 0xbd, 0x90,
    0x27, 0xd8, 0x1f, 0xe2, 0xfe, 0xde, 0xfd, 0xa2,
    0x20, 0x14, 0xd1, 0x1, 0xff, 0xc1, 0x27, 0xf9,
    0x36, 0xbb, 0xd6, 0x40, 0xf8,

    /* U+010F "ď" */
    0x3, 0xff, 0x8e, 0xa7, 0xfa, 0xb0, 0xa7, 0xf6,
    0x84, 0xf, 0xfe, 0x91, 0x24, 0x1, 0x58, 0x40,
    0xff, 0xe9, 0x30, 0x9c, 0x86, 0x7, 0xfc, 0xa5,
    0xdf, 0xf6, 0xb1, 0x1, 0xf9, 0x39, 0xc, 0x81,
    0xfc, 0x66, 0xad, 0x10, 0x5, 0x20, 0x6d, 0x69,
    0x81, 0xff, 0xc8, 0x55, 0x90, 0x25, 0x7e, 0xb5,
    0xb3, 0xd4, 0x7, 0xff, 0x20, 0x92, 0x3, 0x3e,
    0x80, 0xf9, 0x76, 0x7, 0xff, 0x23, 0x90, 0x22,
    0x18, 0x1f, 0xcc, 0xf, 0xfe, 0x4f, 0x20, 0x44,
    0x30, 0x3f, 0x98, 0x1f, 0xfc, 0x82, 0x4c, 0xc,
    0xfa, 0x3, 0xe5, 0x98, 0x1f, 0xfc, 0x85, 0x19,
    0x2, 0x57, 0xeb, 0x6d, 0xeb, 0x3, 0xff, 0x94,
    0x66, 0xad, 0x10, 0x5, 0x23, 0x69, 0x7d, 0x40,
    0x7f, 0xf1, 0x40,

    /* U+011A "Ě" */
    0x0, 0x9c, 0x68, 0x81, 0xf1, 0x4e, 0x34, 0x40,
    0xc8, 0x94, 0xbb, 0x21, 0x34, 0xd9, 0x61, 0xc,
    0x81, 0xca, 0xd3, 0x5, 0xed, 0x32, 0x15, 0xa6,
    0x40, 0xfc, 0xa6, 0x90, 0xde, 0x9a, 0xa0, 0x3c,
    0x66, 0xff, 0x69, 0xd, 0xe9, 0xbf, 0xd5, 0x1,
    0xfe, 0x29, 0x7f, 0xd9, 0x81, 0xf8, 0xbf, 0x6f,
    0xfc, 0xc8, 0x1f, 0xfe, 0xc2, 0xf7, 0xff, 0xea,
    0xc0, 0xff, 0x89, 0xff, 0xe0, 0x81, 0xfc, 0x5f,
    0xdb, 0xfd, 0x10, 0x1f, 0xfe, 0xd2, 0xfe, 0xdf,
    0xf4, 0x20, 0x7f, 0x89, 0xff, 0xe0, 0xb0, 0x0,

    /* U+011B "ě" */
    0x3, 0x17, 0x7f, 0x68, 0xc8, 0x2, 0xe6, 0xfd,
    0x99, 0x3, 0xe2, 0xee, 0x8d, 0xa6, 0xfd, 0xa3,
    0x13, 0x63, 0x20, 0x7f, 0x8b, 0xbb, 0x7f, 0x32,
    0x7, 0xff, 0x0, 0xa9, 0x7e, 0xde, 0xfa, 0x32,
    0x7, 0xf2, 0xba, 0xb4, 0x49, 0x37, 0x20, 0x5c,
    0xd8, 0xc8, 0x18, 0xca, 0x80, 0x9d, 0xd6, 0x4a,
    0xe8, 0x80, 0x19, 0x8, 0x1, 0x48, 0x6, 0x59,
    0x93, 0xf2, 0x24, 0x4, 0xf1, 0x1, 0xc0, 0xe5,
    0x76, 0xfe, 0x64, 0x8, 0x81, 0x1e, 0x7, 0x29,
    0x6f, 0xff, 0x10, 0x80, 0x48, 0x40, 0x9f, 0x69,
    0x7f, 0xf0, 0x88, 0x11, 0x90, 0x80, 0x17, 0xbe,
    0xb5, 0x22, 0xdb, 0x67, 0xcc, 0xf, 0x2b, 0xec,
    0x68, 0x92, 0x46, 0xc9, 0x41, 0xb5, 0x40, 0x0,

    /* U+011E "Ğ" */
    0x3, 0xfc, 0x53, 0x64, 0x7, 0xe2, 0x9b, 0x22,
    0x7, 0xff, 0x8, 0x95, 0x97, 0x59, 0x3a, 0xfb,
    0x30, 0x20, 0x7f, 0xf0, 0xdf, 0xad, 0xff, 0xa6,
    0xa8, 0xf, 0xfe, 0x29, 0x52, 0xef, 0xfb, 0x56,
    0x40, 0xff, 0xe2, 0x94, 0xe5, 0xd9, 0xff, 0xdb,
    0x2d, 0x46, 0x40, 0xfc, 0x54, 0xd9, 0x63, 0x44,
    0x81, 0x3c, 0x9, 0x24, 0x7d, 0x81, 0xe2, 0xfd,
    0x64, 0x1, 0x77, 0x7e, 0xdb, 0xbf, 0xb6, 0xa2,
    0x3, 0x95, 0x84, 0x9, 0x4d, 0x11, 0x3, 0xfc,
    0x4c, 0x7, 0x8e, 0x60, 0x65, 0xd8, 0x1f, 0xfc,
    0xb6, 0x40, 0xc7, 0x30, 0x3c, 0x5d, 0xdb, 0xfd,
    0x10, 0x1f, 0xf1, 0x3, 0xcf, 0x22, 0x7f, 0xf8,
    0x0, 0x62, 0x6, 0x3c, 0x81, 0xe5, 0x7f, 0xea,
    0x80, 0xfe, 0x59, 0x1, 0x9d, 0x40, 0x7f, 0xf3,
    0x17, 0x60, 0x67, 0x2b, 0x20, 0x7f, 0xf2, 0x94,
    0xac, 0x80, 0x2a, 0x6f, 0xdb, 0x7b, 0xd4, 0x7,
    0xff, 0x5, 0x4d, 0x96, 0x24, 0x20, 0x9, 0xf0,
    0x2, 0x49, 0xb7, 0x40,

    /* U+011F "ğ" */
    0x3, 0xca, 0xff, 0xff, 0xc1, 0xd0, 0x81, 0xff,
    0xc0, 0x57, 0xeb, 0x27, 0xd7, 0x6a, 0x10, 0x3f,
    0xf8, 0x65, 0x37, 0xf2, 0x24, 0x7, 0xff, 0xd,
    0x4b, 0xbf, 0xed, 0x62, 0x2a, 0xff, 0x56, 0x7,
    0x8b, 0xd5, 0xa2, 0x0, 0xa4, 0xd, 0xae, 0xa8,
    0xf, 0xf1, 0xb0, 0x81, 0x2b, 0xf5, 0xad, 0x9e,
    0xa0, 0x3f, 0xf8, 0x9, 0x0, 0xcb, 0xa0, 0x3e,
    0x5d, 0x81, 0xfe, 0x3c, 0xc, 0x49, 0x81, 0xfc,
    0xc1, 0x3, 0xf8, 0xf0, 0x31, 0xc, 0xf, 0xf8,
    0x81, 0xfe, 0x28, 0xc, 0xf2, 0x3, 0xe3, 0x50,
    0x1f, 0xf2, 0xb0, 0x81, 0x3b, 0xf5, 0xb6, 0xd3,
    0x20, 0x7f, 0xf0, 0xb, 0xd5, 0xa2, 0x0, 0xa4,
    0x6c, 0xac, 0x60, 0x7f, 0xf0, 0xd4, 0xbb, 0xfe,
    0xd6, 0x22, 0x40, 0x71, 0x3, 0xe2, 0x40, 0x7f,
    0xf0, 0x17, 0x40, 0x44, 0x98, 0x1e, 0x53, 0x7e,
    0xd6, 0xd2, 0x57, 0x65, 0x40, 0x4a, 0xc2, 0x7,
    0x9f, 0x68, 0x84, 0xa6, 0xe4, 0x41, 0x4e, 0xea,
    0xc0, 0xe0,

    /* U+0130 "İ" */
    0x3, 0x8c, 0xdf, 0xb4, 0x40, 0x7f, 0x99, 0x20,
    0x4, 0x80, 0xff, 0x95, 0xff, 0x54, 0x7, 0x9e,
    0xff, 0xff, 0x81, 0x50, 0x5, 0x21, 0x90, 0x3c,
    0x5c, 0xe8, 0x1, 0x4e, 0x54, 0x6, 0x52, 0x1a,
    0x3, 0xff, 0xfe, 0x7, 0xff, 0xa8, 0xa7, 0x2a,
    0x3, 0x2f, 0x1a, 0x2, 0x52, 0x19, 0x3, 0xc9,
    0xce, 0x80,

    /* U+0131 "ı" */
    0x2, 0x77, 0xfd, 0x50, 0x1f, 0xff, 0xf0, 0x3f,
    0xf9, 0x40,

    /* U+0141 "Ł" */
    0x3, 0xc6, 0x6f, 0xed, 0x8, 0x1f, 0xff, 0xf0,
    0x3f, 0xfb, 0xc4, 0xad, 0x6f, 0x99, 0x3, 0xff,
    0x94, 0x9a, 0x24, 0xc0, 0xff, 0xe1, 0x15, 0x21,
    0x90, 0x31, 0x77, 0xea, 0xc8, 0x1f, 0xfc, 0x7,
    0x9a, 0x3, 0x8a, 0xa8, 0xf, 0xfe, 0x2a, 0x9a,
    0xb2, 0x7, 0xff, 0x38, 0xb0, 0x3f, 0xfa, 0xe5,
    0xfd, 0xbf, 0xea, 0xc8, 0x1f, 0xfc, 0x32, 0x7f,
    0xf8, 0xb, 0x30,

    /* U+0142 "ł" */
    0x3, 0xcf, 0x7f, 0xa2, 0x3, 0xff, 0xfe, 0x7,
    0xc4, 0xe0, 0x3f, 0xf8, 0xaa, 0x6f, 0x8, 0x1e,
    0x2a, 0x52, 0x6, 0x2a, 0x78, 0x40, 0xe5, 0x69,
    0x90, 0x39, 0x76, 0x40, 0xf9, 0x4d, 0x59, 0x3,
    0xff, 0x8a, 0x57, 0x3, 0xff, 0xd8,

    /* U+0147 "Ň" */
    0x3, 0xc5, 0x37, 0x20, 0x3f, 0x26, 0xf1, 0x3,
    0xff, 0x82, 0x5f, 0xb2, 0xfa, 0xc9, 0x2b, 0xec,
    0xbd, 0x10, 0x3f, 0xf8, 0x46, 0x78, 0x42, 0x9b,
    0x2a, 0x6, 0x78, 0x40, 0xff, 0xe2, 0x97, 0xec,
    0x6f, 0x4b, 0xd9, 0x3, 0xfc, 0x66, 0xff, 0xd5,
    0x14, 0xe4, 0xcd, 0x10, 0x25, 0x7f, 0xd0, 0x81,
    0xfe, 0x52, 0x8, 0x1f, 0xfd, 0x22, 0xfb, 0x20,
    0x7f, 0xf3, 0x1c, 0x64, 0x1, 0x90, 0x80, 0xff,
    0xe6, 0x19, 0x8, 0x9, 0x58, 0x80, 0xff, 0xe4,
    0x90, 0xa, 0xc2, 0x4, 0xe4, 0x10, 0x3f, 0xf9,
    0x8f, 0xb2, 0x0, 0xbe, 0xc8, 0x1f, 0xfc, 0xb3,
    0x21, 0x81, 0x19, 0x8, 0x1, 0x3, 0xff, 0x92,
    0xa5, 0x40, 0x4a, 0xcc, 0x7, 0xff, 0x31, 0x48,
    0x20, 0x4d, 0xc0, 0x7f, 0xf3, 0xb, 0xec, 0x81,
    0xff, 0xd2, 0x32, 0x10, 0x1f, 0xe0,

    /* U+0148 "ň" */
    0x3, 0xca, 0x6f, 0xd5, 0xa0, 0x25, 0x2f, 0xed,
    0x10, 0x1f, 0xf2, 0x9a, 0xb6, 0x97, 0xfa, 0xb7,
    0x5d, 0x10, 0x1f, 0xfc, 0x25, 0x36, 0xfe, 0x88,
    0xf, 0xf9, 0xdf, 0xea, 0x8a, 0xb3, 0xed, 0xbe,
    0xca, 0xc8, 0x1f, 0xfc, 0x15, 0x75, 0x6c, 0x12,
    0x88, 0x24, 0xa6, 0xa8, 0xf, 0xfe, 0x9, 0x9b,
    0x56, 0xdb, 0x19, 0x2, 0x59, 0x1, 0xff, 0x1a,
    0xc8, 0x1e, 0x39, 0x81, 0x88, 0x1f, 0xfc, 0x6,
    0x40, 0xff, 0xe2, 0x10, 0x3f, 0xff, 0xe0, 0x7f,
    0xf8, 0xc0,

    /* U+0158 "Ř" */
    0x2, 0x29, 0x44, 0xf, 0xe2, 0x94, 0x40, 0xff,
    0x88, 0xd3, 0x7d, 0x11, 0x4e, 0xfd, 0x79, 0x3,
    0xff, 0x82, 0xa6, 0xa8, 0xbb, 0xac, 0x45, 0xea,
    0xc8, 0x1f, 0xfc, 0x35, 0x7f, 0xfb, 0x42, 0x7,
    0xfc, 0x66, 0xff, 0xff, 0x81, 0xb2, 0xc6, 0x40,
    0xff, 0xe2, 0x94, 0x84, 0xc0, 0x92, 0x73, 0x64,
    0x20, 0x7f, 0xf0, 0xb, 0xf6, 0xb6, 0xbf, 0x54,
    0x4, 0x5c, 0x40, 0x7f, 0xf2, 0x57, 0x40, 0x66,
    0x48, 0xf, 0xfe, 0x7b, 0x4, 0xf, 0xfe, 0x31,
    0x56, 0x20, 0x25, 0x98, 0x1f, 0xf1, 0x7b, 0xfe,
    0xd5, 0x10, 0x5d, 0xa6, 0x7, 0xff, 0x4, 0x92,
    0x51, 0x3, 0x17, 0xe2, 0x3, 0xff, 0x84, 0x57,
    0xb6, 0xd5, 0x0, 0x2f, 0xc2, 0x7, 0xff, 0x25,
    0x5a, 0x40, 0xb, 0xf0, 0x81, 0xff, 0xc9, 0x56,
    0x90, 0x2, 0xfc, 0x20, 0x7f, 0xf2, 0x55, 0x88,
    0x1, 0x7e, 0x10, 0x0,

    /* U+0159 "ř" */
    0x0, 0x5e, 0xfd, 0xa2, 0x20, 0xb, 0xbb, 0xf5,
    0x64, 0xc, 0x5e, 0xc8, 0x1d, 0xdf, 0xb4, 0x4e,
    0x6a, 0xc8, 0x1f, 0x17, 0xb7, 0xf5, 0x64, 0xf,
    0xce, 0xff, 0x56, 0x43, 0xbf, 0x7f, 0x54, 0x7,
    0xfc, 0xbd, 0xd5, 0x90, 0x22, 0x40, 0x7f, 0xf0,
    0xa, 0x54, 0xdf, 0xed, 0x10, 0x1f, 0xfc, 0x3,
    0x21, 0x90, 0x3f, 0xf8, 0xec, 0x90, 0x1f, 0xff,
    0xf0, 0x3f, 0xfa, 0xa0,

    /* U+015E "Ş" */
    0x3, 0xc9, 0xcb, 0xbf, 0xf6, 0xcb, 0x51, 0x90,
    0x3c, 0xa7, 0xb1, 0xa2, 0x9, 0xc0, 0x92, 0x47,
    0x98, 0x1c, 0xbb, 0x2, 0x33, 0x7d, 0xb7, 0xf6,
    0xba, 0x20, 0x38, 0x81, 0xcc, 0x90, 0x1f, 0x8a,
    0x24, 0x7, 0x91, 0x20, 0x25, 0x6a, 0x22, 0x7,
    0xff, 0xc, 0xcf, 0x10, 0x12, 0x77, 0x7d, 0x5a,
    0x20, 0x7f, 0xc5, 0xdf, 0xa3, 0x44, 0x1, 0x52,
    0xec, 0x88, 0xf, 0xfe, 0x1, 0x72, 0xef, 0xa2,
    0x20, 0xb, 0xb0, 0x81, 0xff, 0xc4, 0x2e, 0xc4,
    0x6, 0x48, 0x4, 0x53, 0x44, 0xf, 0xf1, 0xcc,
    0xc, 0xc8, 0x1b, 0x4b, 0xbf, 0xb6, 0xf7, 0xcc,
    0x80, 0x2e, 0x20, 0x23, 0xa3, 0x44, 0x81, 0x3e,
    0x5, 0x39, 0xb2, 0x10, 0x39, 0x39, 0x76, 0x7a,
    0x80, 0x17, 0x75, 0x8c, 0x81, 0xff, 0xc3, 0x7d,
    0xa2, 0xee, 0x64, 0xf, 0xfe, 0x21, 0xf, 0x12,
    0x0, 0x78, 0x1f, 0xfc, 0x47, 0x36, 0x56, 0xb,
    0xb4, 0x40, 0xfc,

    /* U+015F "ş" */
    0x3, 0x17, 0x2e, 0xff, 0xed, 0x96, 0x22, 0x6,
    0x57, 0x46, 0x8a, 0x6f, 0x24, 0x5, 0x13, 0x1,
    0x1c, 0x80, 0x8b, 0x93, 0xad, 0x6f, 0xd5, 0x81,
    0x8e, 0x40, 0x45, 0xec, 0xb1, 0x90, 0x3f, 0xe5,
    0x75, 0x68, 0x82, 0x9c, 0xdf, 0xb4, 0x40, 0x7e,
    0x2a, 0x5d, 0xf5, 0x88, 0x80, 0x2e, 0xd2, 0x3,
    0xff, 0x80, 0x53, 0xbd, 0x90, 0x26, 0x48, 0x1,
    0x9f, 0xb6, 0x5a, 0x93, 0x5e, 0xc8, 0x2, 0x90,
    0x80, 0x39, 0xa0, 0x9, 0x1b, 0xc8, 0x92, 0x77,
    0xc2, 0x6, 0x52, 0xec, 0xf5, 0x81, 0x2b, 0xac,
    0x44, 0xf, 0xfe, 0x3, 0xd1, 0x5, 0x74, 0x20,
    0x7f, 0xf0, 0x48, 0x67, 0x10, 0x4, 0x30, 0x3f,
    0xf8, 0xa, 0x6c, 0xb0, 0x92, 0xb4, 0x80, 0xf0,

    /* U+0160 "Š" */
    0x3, 0x16, 0xf1, 0x3, 0xe2, 0x9b, 0x91, 0x3,
    0xe2, 0x85, 0x9b, 0xd6, 0x9d, 0xd9, 0x6b, 0x94,
    0x40, 0xfc, 0x5e, 0xa8, 0x29, 0x62, 0x2a, 0x78,
    0x80, 0xff, 0xe0, 0xab, 0xff, 0xd5, 0x90, 0x3f,
    0xf8, 0x29, 0xcb, 0xbf, 0xf6, 0xcb, 0x51, 0x90,
    0x3c, 0xa7, 0xb1, 0xa2, 0x9, 0xc0, 0x92, 0x47,
    0x98, 0x1c, 0xbb, 0x2, 0x33, 0x7d, 0xb7, 0xf6,
    0xba, 0x20, 0x38, 0x81, 0xcc, 0x90, 0x1f, 0x8a,
    0x24, 0x7, 0x91, 0x20, 0x25, 0x6a, 0x22, 0x7,
    0xff, 0xc, 0xcf, 0x10, 0x12, 0x77, 0x7d, 0x5a,
    0x20, 0x7f, 0xc5, 0xdf, 0xa3, 0x44, 0x1, 0x52,
    0xec, 0x88, 0xf, 0xfe, 0x1, 0x72, 0xef, 0xa2,
    0x20, 0xb, 0xb0, 0x81, 0xff, 0xc4, 0x2e, 0xc4,
    0x6, 0x48, 0x4, 0x53, 0x44, 0xf, 0xf1, 0xcc,
    0xc, 0xc8, 0x1b, 0x4b, 0xbf, 0xb6, 0xf7, 0xcc,
    0x80, 0x2e, 0x20, 0x23, 0xa3, 0x44, 0x81, 0x3f,
    0x93, 0x9b, 0x21, 0x2,

    /* U+0161 "š" */
    0x0, 0x66, 0xfd, 0xa2, 0x20, 0xb, 0xbb, 0xf5,
    0x64, 0xc, 0x66, 0xc6, 0x1d, 0xdf, 0xb4, 0x4e,
    0x6a, 0xc8, 0x1f, 0x19, 0xb7, 0xef, 0x59, 0x3,
    0xf8, 0xb9, 0x7e, 0xde, 0xfb, 0x2c, 0x44, 0xc,
    0xae, 0x8d, 0x14, 0xde, 0x48, 0xa, 0x26, 0x2,
    0x39, 0x1, 0x17, 0x27, 0x5a, 0xdf, 0xab, 0x3,
    0x1c, 0x80, 0x8b, 0xd9, 0x63, 0x20, 0x7f, 0xca,
    0xea, 0xd1, 0x5, 0x39, 0xbf, 0x68, 0x80, 0xfc,
    0x54, 0xbb, 0xeb, 0x11, 0x0, 0x5d, 0xa4, 0x7,
    0xff, 0x0, 0xa7, 0x7b, 0x20, 0x4c, 0x90, 0x3,
    0x3f, 0x6c, 0xb5, 0x26, 0xbd, 0x90, 0x5, 0x21,
    0x0, 0x73, 0x40, 0x12, 0x37, 0x90, 0x29, 0xdf,
    0x8, 0x0,

    /* U+0164 "Ť" */
    0x3, 0xe2, 0xe3, 0x62, 0x7, 0xc5, 0x37, 0x22,
    0x7, 0xff, 0x4, 0x90, 0xb3, 0x64, 0x44, 0x9e,
    0xcb, 0x28, 0x64, 0xf, 0xfe, 0x12, 0x9d, 0x92,
    0x77, 0x64, 0x21, 0x5c, 0xc8, 0x1f, 0xfc, 0x53,
    0x3d, 0x8d, 0xe9, 0x69, 0x1, 0xff, 0xc1, 0x7b,
    0xff, 0xb5, 0x8d, 0xe9, 0x7f, 0xfb, 0x42, 0x7,
    0x14, 0x4f, 0xf0, 0x1e, 0x27, 0xf3, 0xe0, 0x79,
    0x4d, 0xbe, 0xf4, 0x81, 0x9c, 0xdb, 0xea, 0xc8,
    0x1f, 0xff, 0xf0, 0x3f, 0xff, 0xe0, 0x7f, 0xff,
    0xc0, 0xff, 0xff, 0x0,

    /* U+0165 "ť" */
    0x3, 0xff, 0x92, 0x5e, 0xfe, 0xa8, 0xf, 0xf1,
    0x4d, 0x10, 0x3e, 0x78, 0x82, 0xe2, 0x3, 0xf1,
    0x7e, 0xc8, 0xa4, 0xf, 0x8b, 0x92, 0x20, 0x71,
    0x52, 0xf8, 0x40, 0x17, 0xbf, 0xea, 0x24, 0x34,
    0x7, 0xe2, 0x7, 0xe2, 0xdf, 0xbb, 0x3, 0xfe,
    0x2e, 0x42, 0x20, 0x45, 0x59, 0x39, 0x10, 0x3f,
    0xff, 0xe0, 0x7f, 0xf4, 0xb8, 0x18, 0x86, 0x7,
    0xff, 0x24, 0x93, 0x3, 0x3b, 0xad, 0xd1, 0x1,
    0xff, 0xc3, 0x56, 0x9a, 0x20, 0xa, 0x53, 0x3,
    0xfc,

    /* U+016E "Ů" */
    0x3, 0xf8, 0xbb, 0xbf, 0xda, 0xb2, 0x7, 0xff,
    0x14, 0xaa, 0x9d, 0xfd, 0x1a, 0xb4, 0x40, 0xff,
    0xe2, 0x15, 0x52, 0x5f, 0xd1, 0x25, 0xa2, 0x7,
    0xff, 0x14, 0xbb, 0xff, 0xab, 0x20, 0x7f, 0x29,
    0xfe, 0xcc, 0xf, 0xfe, 0x9, 0x7b, 0xfd, 0x8,
    0x1f, 0xff, 0xf0, 0x3f, 0xff, 0xe0, 0x7f, 0xf6,
    0x88, 0x1f, 0xfc, 0x1e, 0x6, 0x20, 0x18, 0x20,
    0x47, 0xb0, 0x3f, 0xf8, 0xc, 0x90, 0x1b, 0x92,
    0xc8, 0xc, 0xfb, 0x20, 0x7e, 0x32, 0x10, 0x11,
    0xa8, 0x2, 0x95, 0x1, 0x29, 0xbf, 0x6d, 0xbf,
    0x66, 0x40, 0x17, 0x19, 0x3, 0x2b, 0xec, 0x68,
    0x80, 0x27, 0x2, 0x49, 0xcd, 0x91, 0x1, 0x0,

    /* U+016F "ů" */
    0x3, 0xfc, 0x5d, 0xdf, 0xda, 0xb2, 0x7, 0xff,
    0x19, 0x58, 0xd6, 0xf9, 0x39, 0x8, 0xf, 0xff,
    0x1a, 0xb1, 0xad, 0xf2, 0x72, 0x10, 0x1f, 0xfc,
    0x62, 0xee, 0xfe, 0xd5, 0x90, 0x3f, 0xf8, 0xf,
    0x7f, 0xa2, 0x3, 0xf9, 0x5f, 0xf5, 0x40, 0x7f,
    0xff, 0xc0, 0xff, 0xfb, 0x12, 0x60, 0x7f, 0xc5,
    0x81, 0x91, 0x3, 0xe2, 0xa9, 0x3, 0xfe, 0x59,
    0x1, 0x19, 0xac, 0x95, 0xd9, 0x8, 0x1f, 0xfc,
    0x17, 0x6a, 0x22, 0xa, 0x6f, 0xd7, 0x44, 0x7,
    0xc0,

    /* U+017D "Ž" */
    0x3, 0x14, 0xdc, 0x80, 0xfc, 0x5b, 0xc4, 0xf,
    0xf1, 0x62, 0xcb, 0xeb, 0x24, 0xaf, 0xd2, 0xf2,
    0x40, 0x7f, 0xc5, 0xf8, 0x82, 0x9b, 0x2a, 0x6,
    0x78, 0x80, 0xff, 0xe1, 0x17, 0x2c, 0x6f, 0x4b,
    0xd9, 0x3, 0xfc, 0xef, 0xfe, 0xd6, 0x37, 0xa5,
    0xdf, 0xfa, 0x20, 0x31, 0x3f, 0xfc, 0x50, 0x3c,
    0x7b, 0x3, 0x29, 0xb7, 0xff, 0x6, 0x30, 0x31,
    0x7d, 0x90, 0x3f, 0xf8, 0xaa, 0xd2, 0x2, 0x72,
    0x8, 0x1f, 0xfc, 0x55, 0x69, 0x1, 0x3b, 0x10,
    0x1f, 0xfc, 0x55, 0x2a, 0x2, 0x56, 0x20, 0x3f,
    0xf8, 0xa6, 0x43, 0x2, 0x56, 0x90, 0x1f, 0xfc,
    0x53, 0x3b, 0x20, 0x15, 0xa4, 0x7, 0xff, 0x14,
    0xce, 0xc8, 0x5, 0x69, 0x1, 0xff, 0xc5, 0x33,
    0xb2, 0x1, 0x4a, 0x80, 0xff, 0xe3, 0x3e, 0xc8,
    0x19, 0xdd, 0xbf, 0xf8, 0x51, 0x1, 0x1e, 0x7,
    0xc4, 0xff, 0xf1, 0x11, 0x2,

    /* U+017E "ž" */
    0x0, 0xa6, 0xfd, 0x62, 0x20, 0xa9, 0x7f, 0x68,
    0x80, 0xe5, 0x36, 0x37, 0x5d, 0xf5, 0x6e, 0xba,
    0x20, 0x3f, 0x19, 0xbe, 0xdd, 0xf4, 0x40, 0x7c,
    0xa7, 0xfe, 0xdb, 0xbf, 0xf5, 0x60, 0x4f, 0x37,
    0xfe, 0x44, 0xe, 0x28, 0x8, 0xa9, 0x3f, 0x50,
    0xc8, 0x13, 0xb0, 0x81, 0xff, 0x19, 0xd9, 0x5,
    0xd8, 0x80, 0xff, 0x94, 0xec, 0x82, 0xfc, 0x40,
    0x7f, 0xca, 0x56, 0x41, 0x7e, 0x10, 0x3f, 0xe5,
    0x69, 0x80, 0x33, 0xc2, 0x7, 0xfc, 0xa5, 0x40,
    0x45, 0xfb, 0x27, 0xe6, 0x80, 0x12, 0x40, 0x71,
    0x4d, 0xff, 0xae, 0x20,

    /* U+0401 "Ё" */
    0x2, 0x2e, 0xec, 0xa8, 0x9, 0x5d, 0x95, 0x90,
    0x3f, 0x99, 0x20, 0x40, 0x88, 0x24, 0xc0, 0xfe,
    0x2f, 0x7e, 0xac, 0x9, 0xdf, 0xd9, 0x90, 0x31,
    0x9b, 0xff, 0xfe, 0x2d, 0x40, 0x7f, 0x8a, 0x5f,
    0xf6, 0x60, 0x7e, 0x2f, 0xdb, 0xff, 0x32, 0x7,
    0xff, 0xb0, 0xbd, 0xff, 0xfa, 0xb0, 0x3f, 0xe2,
    0x7f, 0xf8, 0x20, 0x7f, 0x17, 0xf6, 0xff, 0x44,
    0x7, 0xff, 0xb4, 0xbf, 0xb7, 0xfd, 0x8, 0x1f,
    0xe2, 0x7f, 0xf8, 0x2c, 0x0,

    /* U+0410 "А" */
    0x3, 0xff, 0x84, 0xaf, 0xfe, 0xac, 0xf, 0xfe,
    0x82, 0xe8, 0xf, 0x2c, 0xc0, 0xff, 0xe7, 0x2e,
    0x80, 0x14, 0x84, 0x2, 0xcc, 0xf, 0xfe, 0x62,
    0xe8, 0x9, 0x48, 0x44, 0x2, 0xac, 0xf, 0xfe,
    0x53, 0xe8, 0x9, 0xe2, 0x55, 0x10, 0x6, 0xb0,
    0x3f, 0xf9, 0xf, 0x20, 0x25, 0x90, 0x3, 0x50,
    0x11, 0xac, 0xf, 0xfe, 0x33, 0xa8, 0x9, 0x74,
    0x6, 0x39, 0x81, 0x1a, 0xc8, 0x1f, 0xfc, 0x37,
    0x48, 0x19, 0x4d, 0xbd, 0x18, 0x18, 0xd4, 0x40,
    0xff, 0xe0, 0xba, 0x40, 0xf1, 0x3f, 0x80, 0xf1,
    0xa8, 0x81, 0xfe, 0x2e, 0x90, 0x25, 0x7f, 0xff,
    0xe0, 0x54, 0x4, 0x6d, 0x10, 0x3f, 0x15, 0x48,
    0x12, 0xe8, 0xf, 0xfe, 0x2, 0xe8, 0x8, 0xaa,
    0x40, 0xf1, 0x54, 0x81, 0x2e, 0x80, 0xff, 0xe1,
    0x2e, 0x80, 0x8a, 0xa4, 0x8,

    /* U+0411 "Б" */
    0x33, 0x7f, 0xff, 0xc6, 0xd0, 0x81, 0xff, 0x13,
    0xff, 0xc1, 0x7c, 0xf, 0xf1, 0x7f, 0x6f, 0xfe,
    0x5, 0x64, 0xf, 0xff, 0x99, 0x7b, 0xff, 0x6c,
    0xb1, 0xa0, 0x3f, 0xf8, 0x45, 0x21, 0x30, 0x24,
    0x9c, 0xbe, 0xa0, 0x3f, 0x8b, 0xf6, 0xb6, 0xbf,
    0x68, 0x40, 0x94, 0x64, 0xf, 0xfe, 0x29, 0x54,
    0x81, 0x1e, 0xc0, 0xff, 0xe2, 0x95, 0x48, 0x11,
    0xec, 0xf, 0x8b, 0xf6, 0xb6, 0xbf, 0x68, 0x40,
    0x95, 0x64, 0xf, 0xe2, 0x90, 0x98, 0x1, 0x24,
    0xee, 0xac, 0x8,

    /* U+0412 "В" */
    0x33, 0x7f, 0xff, 0xc2, 0xd6, 0xa2, 0x20, 0x7f,
    0xf0, 0x89, 0x25, 0x89, 0x0, 0x29, 0x1d, 0xd5,
    0x1, 0xff, 0x15, 0xed, 0xdb, 0x3f, 0x56, 0x6,
    0x5d, 0x81, 0xff, 0xc9, 0x5d, 0x1, 0xff, 0xcd,
    0x2a, 0x54, 0x4, 0x73, 0x3, 0xfc, 0x5e, 0xff,
    0xda, 0xb2, 0x4a, 0x6c, 0x60, 0x7f, 0xf0, 0x9,
    0x25, 0xe2, 0x40, 0xa, 0x9e, 0x20, 0x3f, 0xe2,
    0xbd, 0xbe, 0xd9, 0xea, 0x0, 0x5d, 0x88, 0xf,
    0xfe, 0x4a, 0xc4, 0xc, 0x48, 0xf, 0xfe, 0x41,
    0x78, 0x81, 0xc4, 0xf, 0xe2, 0xfe, 0xdf, 0x7d,
    0x10, 0x11, 0x71, 0x1, 0xff, 0x13, 0xf8, 0x12,
    0x4e, 0xec, 0x84, 0xc,

    /* U+0413 "Г" */
    0x33, 0x7f, 0xff, 0xc6, 0xcc, 0xf, 0xe2, 0x7f,
    0xf8, 0x28, 0x81, 0xf1, 0x7f, 0x6f, 0xfe, 0x4,
    0x40, 0x7f, 0xff, 0xc0, 0xff, 0xff, 0x81, 0xff,
    0xf7,

    /* U+0414 "Д" */
    0x3, 0xff, 0x82, 0x67, 0xff, 0xfc, 0x5a, 0x80,
    0xff, 0xe3, 0x22, 0x6, 0x27, 0xf0, 0x1f, 0xfc,
    0xc3, 0xd8, 0x12, 0x9b, 0x7a, 0x90, 0x3f, 0xf9,
    0x68, 0x90, 0x11, 0x60, 0x7f, 0xf4, 0x96, 0x40,
    0x4b, 0x10, 0x3f, 0xfa, 0x27, 0x20, 0x25, 0x90,
    0x1f, 0xfd, 0x13, 0x50, 0x11, 0xc8, 0xf, 0xfe,
    0x89, 0xac, 0x80, 0x35, 0x10, 0x3f, 0xfa, 0xa,
    0xb0, 0x23, 0x51, 0x3, 0xff, 0xa0, 0xfb, 0x2,
    0x55, 0x90, 0x3f, 0xf9, 0xa5, 0xdd, 0x10, 0x19,
    0x5d, 0xbf, 0xf8, 0x14, 0x81, 0x94, 0xd9, 0x10,
    0x13, 0xe8, 0x81, 0xf1, 0x3f, 0xfc, 0x20, 0x3c,
    0x4c, 0x89, 0x1, 0xf9, 0x4f, 0xff, 0xf9, 0x19,
    0x90, 0x3f, 0xff, 0xe0, 0x7f, 0xca, 0xeb, 0x68,
    0xc0, 0xff, 0xe4, 0x1b, 0xed, 0xbb, 0x20,

    /* U+0415 "Е" */
    0x33, 0x7f, 0xff, 0xc5, 0xa8, 0xf, 0xf1, 0x4b,
    0xfe, 0xcc, 0xf, 0xc5, 0xfb, 0x7f, 0xe6, 0x40,
    0xff, 0xf6, 0x17, 0xbf, 0xff, 0x56, 0x7, 0xfc,
    0x4f, 0xff, 0x4, 0xf, 0xe2, 0xfe, 0xdf, 0xe8,
    0x80, 0xff, 0xf6, 0x97, 0xf6, 0xff, 0xa1, 0x3,
    0xfc, 0x4f, 0xff, 0x5, 0x80,

    /* U+0416 "Ж" */
    0x2, 0x2f, 0x7f, 0xab, 0x3, 0xf9, 0x5f, 0xf4,
    0x20, 0x7e, 0x2f, 0x7f, 0xaa, 0x3, 0x8b, 0xf1,
    0x0, 0x52, 0xb0, 0x3f, 0xf9, 0x26, 0x78, 0x40,
    0x2b, 0x48, 0xf, 0x8b, 0xb1, 0x0, 0x52, 0xb0,
    0x3f, 0xf8, 0xa6, 0x76, 0x41, 0x76, 0x90, 0x1f,
    0xfc, 0x7, 0x69, 0x0, 0x52, 0xb0, 0x3f, 0xf8,
    0x26, 0x76, 0x41, 0x7e, 0x20, 0x3f, 0xf8, 0x8a,
    0xd2, 0x0, 0xa5, 0x64, 0xf, 0x99, 0x9d, 0x90,
    0x5f, 0x84, 0xf, 0xfe, 0x42, 0xb4, 0x80, 0x29,
    0xe3, 0x3, 0x29, 0xd9, 0x5, 0xf8, 0x40, 0xff,
    0xe5, 0x9c, 0xc0, 0x8a, 0x46, 0x6, 0x69, 0x81,
    0x14, 0x84, 0xf, 0xfe, 0x51, 0x9d, 0x90, 0xe,
    0x46, 0x3, 0x8d, 0xa8, 0x80, 0x19, 0xd9, 0x3,
    0xff, 0x8c, 0xa7, 0x64, 0x17, 0x62, 0x3, 0xfc,
    0xed, 0x20, 0x6, 0x76, 0x40, 0xff, 0xe1, 0x29,
    0x59, 0x5, 0xf8, 0x80, 0xff, 0xe1, 0x2b, 0x10,
    0x3, 0x3c, 0x20, 0x7f, 0x95, 0xa6, 0x0, 0xbf,
    0x8, 0x1f, 0xfc, 0x67, 0x62, 0x0, 0x5f, 0x84,
    0xf, 0x2b, 0x48, 0x1, 0x7e, 0x10, 0x3f, 0xf9,
    0x4e, 0xd2, 0x0, 0x5f, 0x84, 0x0,

    /* U+0417 "З" */
    0x3, 0x14, 0xe5, 0xd9, 0xff, 0xdb, 0x2c, 0x44,
    0xf, 0xce, 0xeb, 0x1a, 0x20, 0xa5, 0x89, 0xc9,
    0xdd, 0x8c, 0x81, 0xce, 0x59, 0x1b, 0xf6, 0xcb,
    0x76, 0xcf, 0x50, 0x11, 0x94, 0x81, 0xc5, 0x36,
    0x20, 0x7f, 0xcc, 0x90, 0x11, 0x3, 0xff, 0x8e,
    0x49, 0x4e, 0xc8, 0x5, 0x61, 0x3, 0xf3, 0xbf,
    0xfd, 0xb2, 0xb7, 0x4d, 0xeb, 0x3, 0xfc, 0xb2,
    0x5e, 0x24, 0x4, 0x9c, 0xf5, 0x90, 0x3f, 0xc5,
    0xdb, 0xed, 0x9f, 0xb5, 0x64, 0x94, 0xd5, 0x1,
    0xff, 0xc8, 0x2a, 0xa0, 0x32, 0xc4, 0x8, 0x98,
    0xf, 0xfe, 0x12, 0xa8, 0xc, 0x79, 0x0, 0xae,
    0xcf, 0xdb, 0x56, 0xfb, 0x7e, 0xac, 0x80, 0x2e,
    0x30, 0x25, 0xa3, 0x44, 0x12, 0x4b, 0xc4, 0x12,
    0x4e, 0xec, 0x88, 0x8,

    /* U+0418 "И" */
    0x33, 0x7f, 0x54, 0x7, 0xff, 0x9, 0x5f, 0xfd,
    0x50, 0x1f, 0xfc, 0x95, 0x69, 0x1, 0xff, 0xcf,
    0x52, 0xa0, 0x3f, 0xf9, 0xe6, 0x43, 0x2, 0x2d,
    0x90, 0x1f, 0xfc, 0x83, 0x3b, 0x20, 0xb, 0xf7,
    0xb0, 0x3f, 0xf8, 0xc5, 0xf6, 0x40, 0x17, 0xe1,
    0x3, 0xff, 0x90, 0xe4, 0x10, 0x27, 0x20, 0x81,
    0x70, 0x3f, 0xf8, 0x8a, 0xc4, 0x4, 0xac, 0x40,
    0x7f, 0xf2, 0x35, 0xa4, 0x4, 0xa5, 0x40, 0x7f,
    0xf2, 0x53, 0x40, 0x46, 0x43, 0x3, 0xff, 0x9e,
    0x5f, 0x64, 0xf, 0xfe, 0x71, 0x7e, 0x10, 0x3f,
    0xf9, 0x0,

    /* U+0419 "Й" */
    0x3, 0xc5, 0x49, 0x22, 0x7, 0xe2, 0xe4, 0x99,
    0x3, 0xff, 0x81, 0x9b, 0xac, 0x64, 0xc, 0x5f,
    0x8d, 0xdc, 0xf, 0xfe, 0x1, 0x95, 0x90, 0xa6,
    0xff, 0x68, 0x49, 0x4d, 0x8, 0x1f, 0xfc, 0x15,
    0x37, 0xf6, 0xde, 0xfd, 0xab, 0x20, 0x7c, 0x66,
    0xfe, 0xa8, 0xf, 0x13, 0xe0, 0xa, 0xff, 0xea,
    0x80, 0xff, 0xe4, 0xab, 0x48, 0xf, 0xfe, 0x7a,
    0x95, 0x1, 0xff, 0xcf, 0x32, 0x18, 0x11, 0x6c,
    0x80, 0xff, 0xe4, 0x19, 0xd9, 0x0, 0x5f, 0xbd,
    0x81, 0xff, 0xc6, 0x2f, 0xb2, 0x0, 0xbf, 0x8,
    0x1f, 0xfc, 0x87, 0x20, 0x81, 0x39, 0x4, 0xb,
    0x81, 0xff, 0xc4, 0x56, 0x20, 0x25, 0x62, 0x3,
    0xff, 0x91, 0xad, 0x20, 0x25, 0x2a, 0x3, 0xff,
    0x92, 0x9a, 0x2, 0x32, 0x18, 0x1f, 0xfc, 0xf2,
    0xfb, 0x20, 0x7f, 0xf3, 0x8b, 0xf0, 0x81, 0xff,
    0xc8,

    /* U+041A "К" */
    0x33, 0x7f, 0x68, 0x40, 0xfe, 0x2e, 0xff, 0xb3,
    0x20, 0x7f, 0xf1, 0x8b, 0xf1, 0x0, 0x53, 0x32,
    0x7, 0xff, 0x11, 0x4f, 0x8, 0x7, 0x69, 0x81,
    0xff, 0xc5, 0x56, 0x99, 0x5, 0xe8, 0x80, 0xff,
    0xe2, 0x17, 0xaa, 0x0, 0xa7, 0x84, 0xf, 0xfe,
    0x19, 0x53, 0xc2, 0x1, 0x5a, 0x64, 0xf, 0xfe,
    0x29, 0x65, 0x81, 0x96, 0x40, 0x7f, 0xf2, 0xd,
    0xb3, 0x2, 0x76, 0x90, 0x1f, 0xfc, 0x95, 0x33,
    0x20, 0x15, 0xcc, 0x81, 0xff, 0xc8, 0x33, 0xc2,
    0x0, 0xcf, 0x8, 0x1f, 0xfc, 0x82, 0xf4, 0x40,
    0xb, 0xd5, 0x1, 0xff, 0xc9, 0x76, 0x90, 0x12,
    0xb4, 0xc8,

    /* U+041B "Л" */
    0x3, 0xff, 0x80, 0xef, 0xff, 0xfc, 0x78, 0x40,
    0xff, 0xe0, 0x1e, 0xc0, 0xc4, 0xff, 0x1, 0xff,
    0xc8, 0x64, 0x80, 0x94, 0xdb, 0xee, 0xc8, 0x1f,
    0xfc, 0x62, 0xc0, 0x89, 0x30, 0x3f, 0xf9, 0xe7,
    0x90, 0x27, 0xc8, 0x1f, 0xfc, 0xf6, 0x40, 0xc4,
    0x80, 0xff, 0xe7, 0x9c, 0xc0, 0x8f, 0x40, 0x7f,
    0xf3, 0xd9, 0x20, 0x24, 0x40, 0xff, 0xe7, 0x9c,
    0x80, 0x8f, 0x40, 0x7f, 0xf3, 0x8a, 0x40, 0x32,
    0x40, 0x3f, 0xf9, 0x45, 0xc8, 0xbe, 0x10, 0x5,
    0xd2, 0x7, 0xff, 0x2f, 0xb6, 0x44, 0x15, 0x3c,
    0x20, 0x7f, 0xf2, 0x40,

    /* U+041C "М" */
    0x33, 0x7f, 0xed, 0x8, 0x1f, 0xfc, 0x35, 0x3f,
    0xfa, 0xb0, 0x3f, 0xc5, 0x21, 0x3, 0xff, 0x82,
    0xbb, 0x3, 0xff, 0x88, 0x48, 0x1, 0xa8, 0x81,
    0xff, 0x2c, 0x80, 0x12, 0x3, 0xff, 0x82, 0x94,
    0x0, 0xd4, 0x40, 0xfe, 0x59, 0x80, 0x4a, 0x20,
    0x7f, 0xf0, 0x77, 0x40, 0xd, 0x40, 0x7e, 0x5d,
    0x80, 0x5b, 0x0, 0xff, 0xe1, 0x10, 0xba, 0x0,
    0x6b, 0x3, 0xcb, 0x20, 0xb, 0x36, 0x4, 0xf,
    0xfe, 0x1a, 0xe8, 0x1, 0xcc, 0xc, 0xb3, 0x0,
    0xb3, 0x3, 0xff, 0x90, 0xba, 0x0, 0xb3, 0x0,
    0xbb, 0x0, 0xb3, 0x3, 0xff, 0x94, 0xb2, 0x0,
    0xb3, 0x59, 0x0, 0x59, 0x81, 0xff, 0xcc, 0x79,
    0x0, 0x52, 0xb0, 0xb, 0x30, 0x3f, 0xf9, 0xcf,
    0x20, 0x3c, 0xb3, 0x3, 0xff, 0xa0, 0xf1, 0x3,
    0x2c, 0xc0, 0xff, 0xe1, 0x80,

    /* U+041D "Н" */
    0x33, 0x7f, 0x68, 0x40, 0xff, 0xe0, 0xbd, 0xfe,
    0x88, 0xf, 0xff, 0xf8, 0x1f, 0xfe, 0x72, 0xf7,
    0xff, 0xfc, 0x18, 0x40, 0xff, 0xe1, 0x13, 0xff,
    0xc2, 0x3, 0xff, 0x84, 0x5f, 0xdb, 0xff, 0x83,
    0x8, 0x1f, 0xff, 0xf0, 0x3f, 0xfc, 0xe0,

    /* U+041E "О" */
    0x3, 0xf8, 0xa7, 0x2e, 0xcf, 0xfd, 0xb2, 0xc6,
    0x88, 0x1f, 0xfc, 0x45, 0x36, 0x58, 0xd1, 0x20,
    0x4f, 0xc9, 0xcb, 0xb2, 0x10, 0x3f, 0xe5, 0x2b,
    0x20, 0xb, 0xbb, 0xf6, 0xdd, 0xfa, 0xb2, 0x0,
    0xbf, 0x8, 0x1f, 0x97, 0x60, 0x67, 0x21, 0x10,
    0x3f, 0x94, 0x84, 0x4, 0x5c, 0x40, 0x79, 0x64,
    0x6, 0x79, 0x1, 0xff, 0xc2, 0x5d, 0x1, 0x96,
    0x20, 0x78, 0x81, 0x8f, 0x60, 0x7f, 0xf1, 0x19,
    0x20, 0x31, 0x60, 0x7f, 0xf8, 0x48, 0x18, 0xf6,
    0x7, 0xff, 0x11, 0x92, 0x3, 0x16, 0x7, 0x2c,
    0x80, 0xcf, 0x20, 0x3f, 0xf8, 0x4b, 0xa0, 0x32,
    0xc4, 0xf, 0x2e, 0xc0, 0xce, 0x42, 0x3, 0xfc,
    0xa4, 0x20, 0x22, 0xe2, 0x3, 0xf2, 0x95, 0x90,
    0x5, 0xdf, 0xdb, 0x77, 0xf5, 0x64, 0x1, 0x9e,
    0x10, 0x3f, 0xe5, 0x36, 0x58, 0xd1, 0x3f, 0x2,
    0x49, 0xcb, 0xb1, 0x90, 0x3e,

    /* U+041F "П" */
    0x33, 0x7f, 0xff, 0xcc, 0xa8, 0xf, 0xe2, 0x7f,
    0xf8, 0x40, 0x7f, 0xf0, 0x8b, 0xfb, 0x7f, 0xf0,
    0x2a, 0x3, 0xff, 0xfe, 0x7, 0xff, 0xfc, 0xf,
    0xff, 0xf8, 0x1f, 0xfe, 0x80,

    /* U+0420 "Р" */
    0x33, 0x7f, 0xff, 0xc1, 0xd6, 0x32, 0x7, 0xff,
    0x4, 0x92, 0x51, 0x20, 0x5, 0x39, 0xb2, 0x10,
    0x3f, 0x8a, 0xf6, 0xdb, 0x3f, 0x54, 0x4, 0x5c,
    0x40, 0x7f, 0xf1, 0x97, 0x40, 0x66, 0x48, 0xf,
    0xfe, 0x31, 0x3, 0x98, 0x20, 0x7f, 0xf0, 0x8a,
    0x76, 0x20, 0x23, 0x90, 0x1f, 0x8b, 0xdf, 0xed,
    0x62, 0x2, 0x33, 0xb2, 0x7, 0xf1, 0x24, 0xb9,
    0xb4, 0xbb, 0xe6, 0x40, 0xff, 0x15, 0xed, 0xe9,
    0xd, 0x10, 0x3f, 0xff, 0xe0, 0x7f, 0xf0, 0x80,

    /* U+0421 "С" */
    0x3, 0xfc, 0x9c, 0xbb, 0x3f, 0xf6, 0xcb, 0x51,
    0x10, 0x3e, 0x2e, 0xfb, 0x1a, 0x24, 0x9, 0xc0,
    0x92, 0x47, 0xd8, 0x1c, 0x67, 0x88, 0x9, 0x4d,
    0xfb, 0x6d, 0xfd, 0xad, 0x44, 0x6, 0x51, 0x90,
    0x25, 0x69, 0x90, 0x3f, 0x8a, 0x42, 0x6, 0x39,
    0x1, 0x9f, 0x40, 0x7f, 0xf2, 0x19, 0x3, 0x1e,
    0xc0, 0xff, 0xf4, 0x10, 0x31, 0xec, 0xf, 0xfe,
    0x4a, 0xc8, 0xc, 0xf2, 0x3, 0xff, 0x92, 0xba,
    0x3, 0x39, 0x8, 0xf, 0xf8, 0x98, 0xf, 0x2b,
    0x4c, 0x80, 0x2e, 0xfe, 0xdb, 0xdf, 0xdb, 0xd2,
    0x7, 0xca, 0x6c, 0xad, 0x12, 0x4, 0xf8, 0x12,
    0x49, 0x88,

    /* U+0422 "Т" */
    0x2, 0x7b, 0xff, 0xfe, 0x5e, 0x84, 0xe, 0x28,
    0x9f, 0xe0, 0x3c, 0x4f, 0xe7, 0xc0, 0xf2, 0x9b,
    0x7d, 0xe9, 0x3, 0x39, 0xb7, 0xd5, 0x90, 0x3f,
    0xff, 0xe0, 0x7f, 0xff, 0xc0, 0xff, 0xff, 0x81,
    0xff, 0xfe,

    /* U+0423 "У" */
    0x2, 0x53, 0xfe, 0x88, 0xf, 0xfe, 0x12, 0xbf,
    0xec, 0xc8, 0x19, 0x58, 0x40, 0x9f, 0x40, 0x7f,
    0xf0, 0x1f, 0x40, 0x4a, 0xb2, 0x7, 0x17, 0x10,
    0x12, 0x8c, 0x81, 0xfc, 0xea, 0x2, 0x5d, 0x81,
    0xfc, 0xa3, 0x20, 0xc, 0xa4, 0xf, 0x19, 0x48,
    0x2, 0xe2, 0x3, 0xfe, 0x32, 0xa0, 0x27, 0x10,
    0x19, 0x56, 0x40, 0x1b, 0x44, 0xf, 0xfe, 0x13,
    0x8c, 0x9, 0x46, 0x42, 0xec, 0x9, 0x46, 0x40,
    0xff, 0xe2, 0x19, 0x4, 0x1, 0x96, 0x74, 0x4,
    0xfa, 0x3, 0xff, 0x90, 0xe3, 0x2, 0x6c, 0x80,
    0x17, 0x50, 0x1f, 0xfc, 0xa5, 0x59, 0x3, 0x95,
    0x84, 0xf, 0xfe, 0x59, 0xa8, 0x81, 0x9f, 0x60,
    0x7f, 0xf1, 0x14, 0xfd, 0xb5, 0xfb, 0x32, 0x4,
    0xac, 0x40, 0x7f, 0xf1, 0x58, 0x20, 0x98, 0x8,
    0xa7, 0x75, 0x40, 0x7f, 0xf0, 0xc0,

    /* U+0424 "Ф" */
    0x3, 0xff, 0x88, 0x67, 0xfa, 0xa0, 0x3f, 0xf9,
    0x85, 0x39, 0x39, 0x1, 0x94, 0x9c, 0xd1, 0x3,
    0xff, 0x82, 0xa6, 0xfa, 0xc6, 0xf2, 0x20, 0x71,
    0x6f, 0x4b, 0xbe, 0xa8, 0x81, 0xe7, 0x69, 0x90,
    0xa, 0x5d, 0xfa, 0xb0, 0x32, 0xbf, 0xb5, 0x88,
    0x82, 0xaf, 0x64, 0x9, 0xd4, 0x4, 0xed, 0x34,
    0x40, 0x30, 0x3f, 0x8a, 0x77, 0xb2, 0x0, 0xd4,
    0x41, 0xe4, 0x9, 0x74, 0x7, 0xff, 0x20, 0xe6,
    0x4, 0x7b, 0x7, 0x90, 0x27, 0xc8, 0x1f, 0xfc,
    0x82, 0x4c, 0x8, 0x86, 0x1, 0x21, 0x0, 0x5c,
    0x64, 0xf, 0xfe, 0x21, 0x72, 0x8, 0x12, 0xa4,
    0x1, 0x9d, 0x90, 0xa, 0x6f, 0xb5, 0xd0, 0x19,
    0x4b, 0xb3, 0xe8, 0x80, 0x17, 0x61, 0x3, 0x8c,
    0xd9, 0x62, 0x42, 0x7c, 0x7, 0x14, 0x4e, 0x4e,
    0xec, 0x88, 0xf, 0xf1, 0x4e, 0xd6, 0xfe, 0xcc,
    0xc, 0xaf, 0xf6, 0xcb, 0x11, 0x3, 0xff, 0xc2,

    /* U+0425 "Х" */
    0x2, 0x2f, 0x7f, 0xb3, 0x20, 0x7f, 0xca, 0x7f,
    0xb4, 0x40, 0x78, 0xbf, 0x8, 0x3, 0x21, 0x81,
    0xf8, 0xb8, 0xc0, 0x94, 0x84, 0x7, 0xe2, 0xfb,
    0x20, 0x14, 0xa8, 0xe, 0x72, 0x8, 0x5, 0x69,
    0x1, 0xff, 0xc0, 0x32, 0x19, 0x0, 0xa4, 0x10,
    0xac, 0x40, 0x14, 0xa8, 0xf, 0xfe, 0x22, 0x90,
    0x80, 0x17, 0xb2, 0xa0, 0x6, 0x43, 0x3, 0xff,
    0x90, 0xac, 0x40, 0x44, 0x1, 0x7d, 0x90, 0x3f,
    0xf9, 0x4b, 0xa0, 0x3c, 0x49, 0x1, 0xff, 0xca,
    0x32, 0x18, 0x2, 0x90, 0x80, 0x52, 0xa0, 0x3f,
    0xf8, 0xc6, 0x76, 0x40, 0x39, 0x6b, 0xb2, 0x1,
    0x5a, 0x40, 0x7f, 0xf0, 0x8b, 0xec, 0x80, 0x56,
    0x20, 0x6, 0x42, 0x2, 0x56, 0x20, 0x3f, 0xe7,
    0x20, 0x80, 0x32, 0xa0, 0x3c, 0xac, 0x40, 0x4e,
    0x41, 0x3, 0xe5, 0x62, 0x0, 0x67, 0x60, 0x7f,
    0x9c, 0x82, 0x0, 0xbf, 0x8, 0x0,

    /* U+0426 "Ц" */
    0x33, 0x7f, 0x68, 0x40, 0xff, 0xe0, 0x3b, 0xfe,
    0xa8, 0xf, 0xff, 0xf8, 0x1f, 0xff, 0xf0, 0x3f,
    0xff, 0xe0, 0x7f, 0xff, 0xc0, 0xff, 0xec, 0x97,
    0xf6, 0xff, 0xe0, 0x54, 0x6, 0x53, 0x65, 0x64,
    0xf, 0xf1, 0x3f, 0xfc, 0x20, 0x3c, 0x4c, 0xbb,
    0x0, 0x66, 0xff, 0xff, 0x97, 0x10, 0x1f, 0xff,
    0xf0, 0x3f, 0xfa, 0x6e, 0x5b, 0x6a, 0x80, 0x0,

    /* U+0427 "Ч" */
    0x0, 0xaf, 0xfa, 0xb0, 0x3f, 0xf8, 0x2e, 0xff,
    0xaa, 0x3, 0xff, 0xfe, 0x7, 0xff, 0x59, 0x81,
    0xff, 0xce, 0x64, 0xc, 0x72, 0x3, 0xfc, 0x57,
    0x60, 0x7f, 0x8d, 0x64, 0x9, 0x5f, 0xdb, 0x77,
    0xf6, 0xac, 0x81, 0xff, 0x19, 0xeb, 0x44, 0x8,
    0x9c, 0xa, 0x6d, 0x19, 0x3, 0xff, 0x82, 0x54,
    0xbb, 0xff, 0xb6, 0x59, 0xf, 0xb0, 0x3f, 0xff,
    0xe0, 0x7f, 0xf5, 0x0,

    /* U+0428 "Ш" */
    0x33, 0x7f, 0x68, 0x40, 0xfe, 0x33, 0xfd, 0xa1,
    0x3, 0xf8, 0xcf, 0xf6, 0x84, 0xf, 0xff, 0xf8,
    0x1f, 0xff, 0xf0, 0x3f, 0xff, 0xe0, 0x7f, 0xff,
    0xc0, 0xff, 0xff, 0x81, 0xff, 0xd8, 0x2f, 0xed,
    0xfd, 0xd8, 0x18, 0xbf, 0xb7, 0xf7, 0x60, 0x7f,
    0xf0, 0xc9, 0xff, 0x80, 0xf8, 0x9f, 0xf8, 0xf,
    0xc0,

    /* U+0429 "Щ" */
    0x33, 0x7f, 0x68, 0x40, 0xfe, 0x53, 0xfd, 0x99,
    0x3, 0xf9, 0x5f, 0xf6, 0x60, 0x7f, 0xff, 0xc0,
    0xff, 0xff, 0x81, 0xff, 0xff, 0x3, 0xff, 0xfe,
    0x7, 0xff, 0xfc, 0xf, 0xff, 0xf8, 0x1f, 0xfc,
    0xa2, 0xfe, 0xdf, 0xd1, 0x81, 0x8c, 0xfb, 0x7f,
    0x44, 0x6, 0x37, 0x6a, 0x20, 0x3f, 0xc4, 0xff,
    0xc0, 0x7c, 0x4f, 0xfc, 0x7, 0x89, 0xe0, 0x23,
    0x37, 0xff, 0xfd, 0xaa, 0x80, 0xff, 0xff, 0x81,
    0xff, 0xff, 0xa, 0x5b, 0xa2, 0x0,

    /* U+042A "Ъ" */
    0x0, 0xaf, 0xff, 0xfc, 0x18, 0x40, 0xff, 0xe3,
    0xbc, 0x89, 0xf0, 0x1f, 0xfc, 0xf2, 0xee, 0xdd,
    0xd9, 0x3, 0xff, 0xfe, 0x7, 0xff, 0x65, 0xef,
    0xfe, 0xd6, 0x34, 0x7, 0xff, 0x2c, 0xa4, 0x26,
    0x0, 0x53, 0x97, 0xd4, 0x7, 0xff, 0x1d, 0xfb,
    0x5b, 0x5f, 0xb4, 0x40, 0x4a, 0x41, 0x3, 0xff,
    0x9c, 0x56, 0x20, 0x44, 0x98, 0x1f, 0xfc, 0xe2,
    0xa9, 0x2, 0x24, 0xc0, 0xff, 0xe2, 0xbf, 0x6b,
    0x6b, 0xf6, 0x84, 0x9, 0x58, 0x40, 0xff, 0xe3,
    0x14, 0x84, 0xc0, 0x9, 0x27, 0x75, 0x60, 0x0,

    /* U+042B "Ы" */
    0x33, 0x7f, 0x68, 0x40, 0xff, 0xe3, 0xab, 0xfe,
    0xac, 0xf, 0xff, 0xf8, 0x1f, 0xff, 0xf0, 0x3f,
    0xf8, 0x65, 0xef, 0xfd, 0xb2, 0xc6, 0x40, 0xff,
    0xe7, 0x13, 0xe0, 0x49, 0x39, 0xb2, 0x10, 0x3f,
    0xf9, 0x25, 0xfd, 0xbb, 0xf5, 0x64, 0x1, 0x71,
    0x1, 0xff, 0xd2, 0x59, 0x81, 0x99, 0x20, 0x3f,
    0xfa, 0x2b, 0xa0, 0x33, 0x24, 0x7, 0xff, 0x1c,
    0xbf, 0x6b, 0x6b, 0xf5, 0x40, 0x45, 0xc4, 0x7,
    0xff, 0x28, 0xa4, 0x26, 0x4, 0x93, 0x9b, 0x21,
    0x3, 0xff, 0x86,

    /* U+042C "Ь" */
    0x33, 0x7f, 0x68, 0x40, 0xff, 0xff, 0x81, 0xff,
    0xed, 0x2f, 0x7f, 0xf6, 0xcb, 0x11, 0x3, 0xff,
    0x82, 0x52, 0x13, 0x81, 0x24, 0xee, 0xc6, 0x40,
    0xfc, 0x5f, 0xb5, 0xb6, 0xfd, 0x50, 0x11, 0x90,
    0x80, 0xff, 0xe3, 0x2e, 0x80, 0xcc, 0x81, 0xff,
    0xc6, 0x5d, 0x1, 0x99, 0x3, 0xe2, 0xfd, 0xb6,
    0xd7, 0xea, 0x80, 0x8b, 0x88, 0xf, 0xe2, 0x94,
    0x4c, 0x9, 0x27, 0x36, 0x42, 0x0,

    /* U+042D "Э" */
    0x5, 0x39, 0x76, 0xbf, 0xfb, 0x5a, 0x68, 0x81,
    0xfe, 0x35, 0xa2, 0x60, 0x4e, 0x0, 0x52, 0x4b,
    0xb2, 0x20, 0x3c, 0x5f, 0xb5, 0xbf, 0xb6, 0xdf,
    0xd5, 0x90, 0x5, 0xda, 0x40, 0x78, 0xa4, 0x20,
    0x7f, 0x94, 0xf0, 0x81, 0x2e, 0xc0, 0xff, 0xe4,
    0x95, 0x48, 0x12, 0xc8, 0xf, 0x19, 0xff, 0xff,
    0x7, 0x42, 0x6, 0x64, 0xf, 0xba, 0x5f, 0xfc,
    0x22, 0x7, 0x30, 0x3e, 0x2e, 0xdf, 0xfe, 0xc,
    0xa4, 0xe, 0x20, 0x7f, 0xf2, 0xa, 0xa4, 0x9,
    0x64, 0x4, 0x48, 0xf, 0xfe, 0x1, 0x53, 0xc2,
    0x4, 0xbb, 0x2, 0x53, 0x7f, 0xb6, 0xf7, 0xed,
    0x59, 0x0, 0x5d, 0xa4, 0x6, 0x7d, 0xa2, 0x40,
    0x9f, 0x2, 0x49, 0xcb, 0xb2, 0x20, 0x38,

    /* U+042E "Ю" */
    0x33, 0x7f, 0x68, 0x40, 0xff, 0xe0, 0x17, 0x2e,
    0xff, 0xed, 0x96, 0x32, 0x7, 0xff, 0x3d, 0x5f,
    0xa3, 0x44, 0x92, 0x36, 0x48, 0xa, 0x73, 0x64,
    0x40, 0x7f, 0xf2, 0x95, 0xa4, 0x0, 0xbb, 0xf5,
    0xa9, 0x16, 0xb7, 0xa8, 0x1, 0x76, 0x90, 0x1f,
    0xfc, 0x77, 0xd0, 0x11, 0xb1, 0x1, 0xfe, 0x52,
    0x8, 0x12, 0xe8, 0xf, 0xfe, 0x2a, 0xc8, 0x8,
    0xd4, 0x7, 0xff, 0x4, 0xa4, 0x20, 0x4b, 0x20,
    0x3f, 0x17, 0xbf, 0xea, 0x80, 0xcc, 0x10, 0x3f,
    0xf8, 0x47, 0x81, 0xc4, 0xf, 0xf8, 0x9f, 0x80,
    0xe6, 0x7, 0xff, 0x54, 0xbf, 0xb7, 0x44, 0x7,
    0x72, 0x7, 0xff, 0x8, 0xf2, 0x6, 0x20, 0x7f,
    0xf1, 0x56, 0x20, 0x45, 0x52, 0x7, 0xff, 0x0,
    0xd4, 0x6, 0x59, 0x1, 0xff, 0xc5, 0x75, 0x1,
    0x17, 0x19, 0x3, 0xf1, 0x7d, 0x90, 0x27, 0xd0,
    0x1f, 0xfc, 0x77, 0x21, 0x1, 0x29, 0xbf, 0x6d,
    0xbf, 0x68, 0x40, 0x17, 0x62, 0x3, 0xff, 0x92,
    0x5d, 0xf6, 0x34, 0x48, 0x13, 0x81, 0x24, 0xe6,
    0xc8, 0x80, 0xf0,

    /* U+042F "Я" */
    0x3, 0xfc, 0x54, 0xbb, 0x5f, 0xff, 0xf0, 0x2a,
    0x3, 0xf8, 0xcd, 0x95, 0xa2, 0x79, 0x2c, 0x40,
    0xff, 0xe1, 0xa8, 0xc8, 0x12, 0xbf, 0xb6, 0x5b,
    0xc8, 0xf, 0xfe, 0x11, 0x60, 0x65, 0xd0, 0x1f,
    0xfc, 0xd6, 0x7, 0x10, 0x3f, 0xf9, 0xab, 0x10,
    0x25, 0x2b, 0x24, 0x7, 0xff, 0x24, 0xbf, 0x10,
    0x12, 0x9b, 0x3f, 0xe8, 0x80, 0xff, 0xe2, 0x17,
    0x69, 0x81, 0xc4, 0x92, 0x88, 0x1f, 0xfc, 0x63,
    0x21, 0x81, 0x2b, 0xb2, 0xdc, 0x80, 0xff, 0xe1,
    0x99, 0xd9, 0x0, 0xad, 0x20, 0x3f, 0xf9, 0x6,
    0x76, 0x40, 0x2b, 0x48, 0xf, 0xfe, 0x42, 0x9d,
    0x90, 0xa, 0x54, 0x7, 0xff, 0x1c,

    /* U+0430 "а" */
    0x3, 0x14, 0xe5, 0xd9, 0xff, 0xb6, 0x56, 0x80,
    0xff, 0x1a, 0xd0, 0x4, 0x8d, 0x91, 0x32, 0x97,
    0x32, 0x7, 0x8b, 0xd9, 0xf6, 0x5a, 0x91, 0x75,
    0x40, 0x46, 0xa0, 0x3f, 0x88, 0x1f, 0xcc, 0x90,
    0x1c, 0x40, 0xe2, 0xed, 0x6f, 0xff, 0x66, 0x40,
    0xdc, 0xc, 0xae, 0x89, 0xa, 0x72, 0xd6, 0xd5,
    0x64, 0xf, 0xc7, 0x20, 0x23, 0x24, 0xd2, 0x13,
    0x2, 0x40, 0x7e, 0x3c, 0x81, 0x1b, 0x21, 0xba,
    0x5d, 0x50, 0x1f, 0xe7, 0xeb, 0x44, 0x93, 0x91,
    0x50, 0xbb, 0x22, 0x3, 0xc0,

    /* U+0431 "б" */
    0x3, 0xff, 0x84, 0x49, 0x23, 0x69, 0x2b, 0x51,
    0x1, 0xff, 0x27, 0x77, 0xed, 0x96, 0xa4, 0x37,
    0x24, 0x79, 0x1, 0xf2, 0x9a, 0xc4, 0x41, 0x4d,
    0xa4, 0x5a, 0xda, 0xfd, 0x10, 0x1c, 0x64, 0x32,
    0xb, 0xdf, 0x59, 0xd, 0x92, 0x13, 0x1, 0xf8,
    0xd4, 0x40, 0x2b, 0x9, 0x26, 0xd2, 0x4d, 0x10,
    0x3f, 0xc8, 0x90, 0x1b, 0x5f, 0xac, 0x86, 0xe9,
    0x77, 0xac, 0x81, 0xc4, 0x30, 0x32, 0x46, 0xd7,
    0x7f, 0x68, 0x80, 0x94, 0x84, 0x7, 0x70, 0x39,
    0x5d, 0x11, 0x2, 0x2e, 0x32, 0x4, 0xb2, 0x3,
    0x70, 0x38, 0x81, 0xfe, 0x3d, 0x81, 0x88, 0x18,
    0x93, 0x3, 0x22, 0x7, 0xf1, 0xc, 0xc, 0x40,
    0xe5, 0xd0, 0x11, 0xb0, 0x81, 0xe3, 0x68, 0x81,
    0x2c, 0x80, 0xe5, 0x20, 0x80, 0x2f, 0x7d, 0x6b,
    0x69, 0x90, 0x6, 0x42, 0x3, 0xe2, 0xf6, 0x46,
    0x88, 0x29, 0x9, 0x93, 0x9b, 0x19, 0x3, 0x0,

    /* U+0432 "в" */
    0x2, 0x77, 0xff, 0xfe, 0x16, 0xcb, 0x11, 0x3,
    0xff, 0x84, 0x53, 0x7e, 0x44, 0xc9, 0xde, 0xc8,
    0x1f, 0xfc, 0x7, 0xe4, 0xf5, 0xd1, 0x1, 0x1c,
    0xc0, 0xff, 0xe0, 0x93, 0xf2, 0x99, 0x1, 0x2c,
    0xc0, 0xff, 0xe0, 0x29, 0xb7, 0xab, 0x40, 0xbb,
    0x4c, 0x81, 0xff, 0xc0, 0x2e, 0xdf, 0x46, 0x89,
    0x3b, 0xea, 0x3, 0xff, 0x80, 0xf2, 0x5e, 0x72,
    0x11, 0x2, 0x59, 0x1, 0xff, 0x3e, 0xdf, 0x48,
    0xbd, 0x90, 0x25, 0x90, 0x1f, 0xf1, 0x52, 0x73,
    0x64, 0x4c, 0xa6, 0xa8, 0x8,

    /* U+0433 "г" */
    0x2, 0x77, 0xff, 0xfe, 0x1d, 0x40, 0x7f, 0xc5,
    0x37, 0xfd, 0x98, 0x1f, 0xf3, 0xf2, 0x7f, 0x32,
    0x7, 0xff, 0xfc, 0xf, 0xff, 0xd8,

    /* U+0434 "д" */
    0x3, 0xfe, 0x57, 0xff, 0xfe, 0x1c, 0x40, 0x7f,
    0xf1, 0x4b, 0x2, 0x29, 0xbc, 0x80, 0xff, 0xe5,
    0xae, 0x40, 0x97, 0x93, 0x64, 0x7, 0xff, 0x24,
    0x92, 0x2, 0x5d, 0x1, 0xff, 0xcf, 0x58, 0x81,
    0x14, 0x7, 0xff, 0x3d, 0xd4, 0x4, 0xf1, 0x3,
    0xff, 0x9a, 0x65, 0x20, 0xb, 0xa8, 0xf, 0xfe,
    0x59, 0x77, 0xb2, 0x6, 0x36, 0x4f, 0xb2, 0x3,
    0x2f, 0x1a, 0x3, 0xca, 0xa2, 0x7, 0x14, 0xdf,
    0xe4, 0x7, 0x14, 0xee, 0x20, 0x7f, 0x8c, 0xff,
    0xff, 0x89, 0x50, 0x1f, 0xff, 0xf0, 0x3f, 0x3d,
    0xb9, 0x81, 0xff, 0xc4, 0x57, 0x6d, 0x8, 0x0,

    /* U+0435 "е" */
    0x3, 0xc5, 0x4b, 0xbf, 0xf6, 0xc8, 0xc8, 0x1f,
    0xca, 0xea, 0xd1, 0x24, 0xdc, 0x81, 0x73, 0x63,
    0x20, 0x63, 0x2a, 0x2, 0x77, 0x59, 0x2b, 0xa2,
    0x0, 0x64, 0x20, 0x5, 0x20, 0x19, 0x66, 0x4f,
    0xc8, 0x90, 0x13, 0xc4, 0x7, 0x3, 0x95, 0xdb,
    0xf9, 0x90, 0x22, 0x4, 0x78, 0x1c, 0xa5, 0xbf,
    0xfc, 0x42, 0x1, 0x21, 0x2, 0x7d, 0xa5, 0xff,
    0xc2, 0x20, 0x46, 0x42, 0x0, 0x5e, 0xfa, 0xd4,
    0x8b, 0x6d, 0x9f, 0x30, 0x3c, 0xaf, 0xb1, 0xa2,
    0x49, 0x1b, 0x25, 0x6, 0xd5, 0x0,

    /* U+0436 "ж" */
    0x3, 0x2b, 0xfe, 0xcc, 0x81, 0xe5, 0x7f, 0xd0,
    0x81, 0xe5, 0x37, 0xf6, 0x84, 0xf, 0x95, 0xcc,
    0x83, 0x3c, 0x20, 0x7f, 0xf1, 0x15, 0xa6, 0x42,
    0x9e, 0x10, 0x3f, 0x8c, 0xf0, 0x82, 0xf4, 0x40,
    0x7f, 0xc5, 0xda, 0x40, 0x15, 0xa6, 0x40, 0xff,
    0xe0, 0x97, 0xaa, 0x0, 0xed, 0x22, 0x7, 0x93,
    0xf1, 0x2, 0xf5, 0x40, 0x7f, 0xf1, 0xd7, 0x60,
    0x4a, 0x56, 0x6, 0x56, 0x10, 0x6, 0xc2, 0x7,
    0xff, 0x21, 0x48, 0x60, 0xb, 0xf5, 0x81, 0x94,
    0xa8, 0x1, 0x99, 0x90, 0x3f, 0xf8, 0x85, 0xda,
    0x64, 0x29, 0xe1, 0x20, 0x3c, 0xd5, 0xcc, 0x83,
    0x3c, 0x40, 0x7f, 0xf0, 0xc, 0xf1, 0x0, 0x56,
    0x99, 0x3, 0xff, 0x80, 0x67, 0x84, 0x17, 0x69,
    0x1, 0xf9, 0x4e, 0xc8, 0x2e, 0xd2, 0x3, 0xff,
    0x8a, 0x5e, 0xa8, 0x2, 0xb9, 0x90, 0x0,

    /* U+0437 "з" */
    0x0, 0x9c, 0xbb, 0x5f, 0xfd, 0xac, 0x64, 0xf,
    0xec, 0xd0, 0x6, 0x9b, 0xc8, 0x92, 0x73, 0x54,
    0x7, 0x95, 0xfd, 0xb2, 0xd4, 0x9a, 0xea, 0x80,
    0x9e, 0x20, 0x7f, 0xc4, 0xf2, 0x49, 0xd0, 0x12,
    0xc4, 0xf, 0xe5, 0x36, 0xeb, 0x4d, 0x5, 0x34,
    0x40, 0x7f, 0x95, 0xbd, 0x24, 0xc8, 0x53, 0x63,
    0x20, 0x7f, 0x8a, 0x59, 0xba, 0x76, 0x4, 0x6a,
    0x20, 0x4e, 0xfe, 0xd9, 0x6f, 0xdb, 0x4c, 0x8,
    0xa4, 0x20, 0x4b, 0x22, 0x1, 0x2f, 0x88, 0x29,
    0xcd, 0x90, 0x81, 0x0,

    /* U+0438 "и" */
    0x2, 0x77, 0xfd, 0x8, 0x1f, 0xca, 0xff, 0xec,
    0xc0, 0xff, 0xe4, 0xab, 0x48, 0xf, 0xfe, 0x7a,
    0x95, 0x0, 0x26, 0x3, 0xff, 0x94, 0x64, 0x30,
    0x6, 0x45, 0x3, 0xff, 0x92, 0x67, 0x64, 0x17,
    0xdb, 0x1, 0xff, 0xc6, 0x21, 0xce, 0xc8, 0x2f,
    0xc2, 0x3, 0x81, 0xff, 0xc5, 0x2e, 0xb2, 0x1,
    0xc8, 0x20, 0x7f, 0xf3, 0xd5, 0x88, 0xf, 0xfe,
    0x7a, 0xb4, 0x80, 0xff, 0xe3, 0x0,

    /* U+0439 "й" */
    0x3, 0xc5, 0xc8, 0x68, 0x81, 0xf8, 0xb9, 0x24,
    0x40, 0xff, 0x9f, 0x6d, 0x2c, 0x44, 0xc, 0x67,
    0x8d, 0x96, 0x3, 0xff, 0x80, 0xad, 0x32, 0x15,
    0xdf, 0xec, 0xc9, 0x29, 0xe1, 0x3, 0xff, 0x80,
    0x54, 0xdf, 0xdb, 0x7b, 0xf6, 0xac, 0x81, 0xfe,
    0x77, 0xfd, 0x8, 0x11, 0x3e, 0x57, 0xff, 0x66,
    0x7, 0xff, 0x25, 0x5a, 0x40, 0x7f, 0xf3, 0xd4,
    0xa8, 0x1, 0x30, 0x1f, 0xfc, 0xa3, 0x21, 0x80,
    0x32, 0x28, 0x1f, 0xfc, 0x93, 0x3b, 0x20, 0xbe,
    0xd8, 0xf, 0xfe, 0x31, 0xe, 0x76, 0x41, 0x7e,
    0x10, 0x1c, 0xf, 0xfe, 0x29, 0x75, 0x90, 0xe,
    0x41, 0x3, 0xff, 0x9e, 0xac, 0x40, 0x7f, 0xf3,
    0xd5, 0xa4, 0x7, 0xff, 0x18,

    /* U+043A "к" */
    0x2, 0x77, 0xfd, 0x50, 0x1f, 0x2b, 0xfe, 0xd1,
    0x1, 0xff, 0xc6, 0x2e, 0xd2, 0x0, 0xa7, 0x88,
    0xf, 0xfe, 0x21, 0x9e, 0x20, 0x5d, 0xa6, 0x40,
    0xff, 0xe1, 0x95, 0x73, 0x20, 0xcf, 0x10, 0x1f,
    0xfc, 0x57, 0x62, 0x2, 0x51, 0x90, 0x3f, 0xf8,
    0xee, 0x76, 0x40, 0x2b, 0x4c, 0x81, 0xff, 0xc8,
    0x33, 0x54, 0x1, 0x4f, 0x10, 0x1f, 0xfc, 0x95,
    0x73, 0x20, 0xbb, 0x4c, 0x81, 0xff, 0xc8, 0x33,
    0xc4, 0x1, 0x4f, 0x8, 0x0,

    /* U+043B "л" */
    0x3, 0xf8, 0xbd, 0xff, 0xff, 0x12, 0xa0, 0x3f,
    0xdc, 0x81, 0x14, 0xdf, 0x20, 0x3f, 0xf8, 0x8c,
    0x81, 0x15, 0x27, 0xb2, 0x3, 0xff, 0x86, 0x58,
    0x1b, 0x90, 0x3f, 0xf9, 0x27, 0x90, 0x24, 0x40,
    0xff, 0xe5, 0x24, 0x2, 0x3d, 0x1, 0xff, 0xc9,
    0x78, 0x80, 0x29, 0x0, 0xff, 0xe2, 0x97, 0x2e,
    0x88, 0x1, 0xb4, 0x40, 0xff, 0xe2, 0xbe, 0xd1,
    0x5, 0x4e, 0xc8, 0x1f, 0xfc, 0x40,

    /* U+043C "м" */
    0x2, 0x77, 0xff, 0xa2, 0x3, 0xfe, 0x57, 0xff,
    0xa2, 0x3, 0xff, 0x80, 0xfa, 0x3, 0xf9, 0x74,
    0x7, 0xff, 0x14, 0x98, 0x2, 0xe8, 0xf, 0x97,
    0x40, 0x9, 0x1, 0xff, 0xc3, 0x55, 0x0, 0x5d,
    0x1, 0xcf, 0xa0, 0xe, 0xa0, 0x3f, 0xf8, 0x7d,
    0x74, 0x1, 0x76, 0x4, 0xea, 0x0, 0xea, 0x3,
    0xff, 0x8c, 0xbb, 0x0, 0xab, 0x4e, 0x90, 0x5d,
    0x20, 0x7f, 0xf2, 0x15, 0x60, 0xc, 0xb0, 0x83,
    0x68, 0x81, 0xff, 0xca, 0x35, 0x90, 0x38, 0xd6,
    0x40, 0xff, 0xe6, 0x1b, 0x44, 0x9, 0x56, 0x7,
    0xff, 0x0,

    /* U+043D "н" */
    0x2, 0x77, 0xfd, 0x50, 0x1f, 0xc6, 0x6f, 0xec,
    0xc8, 0x1f, 0xff, 0xa7, 0xe4, 0xff, 0x22, 0x7,
    0xff, 0x10, 0xa6, 0xff, 0x91, 0x3, 0xff, 0x8a,
    0xaf, 0xff, 0xd9, 0x90, 0x3f, 0xff, 0xe0, 0x7f,
    0xf2, 0x80,

    /* U+043E "о" */
    0x3, 0xc5, 0x4b, 0xb3, 0xff, 0x6b, 0x11, 0x3,
    0xfe, 0x57, 0x56, 0x89, 0x92, 0x88, 0x29, 0xdd,
    0x8c, 0x81, 0xe3, 0x2a, 0x2, 0x57, 0xeb, 0x6d,
    0xf3, 0x20, 0xc, 0x84, 0x6, 0x29, 0x0, 0xcf,
    0xa0, 0x3e, 0x36, 0x88, 0x12, 0xc8, 0xd, 0xc0,
    0xc4, 0x30, 0x3f, 0x88, 0x60, 0x62, 0x6, 0x3c,
    0xc, 0x49, 0x81, 0xfc, 0x43, 0x3, 0xfc, 0x90,
    0x81, 0x2e, 0x80, 0xf8, 0xda, 0x20, 0x4b, 0x20,
    0x31, 0x90, 0xc0, 0x95, 0xfa, 0xdb, 0x7c, 0xc8,
    0x3, 0x21, 0x81, 0xf2, 0x9e, 0xc4, 0x4c, 0x94,
    0x41, 0x4e, 0x6c, 0x64, 0xc,

    /* U+043F "п" */
    0x2, 0x77, 0xff, 0xfe, 0x4d, 0x40, 0x7f, 0xc5,
    0x37, 0xfc, 0x40, 0xff, 0xe3, 0x3f, 0x27, 0xf5,
    0x40, 0x7f, 0xff, 0xc0, 0xff, 0xff, 0x81, 0xff,
    0xda,

    /* U+0440 "р" */
    0x2, 0x77, 0xfa, 0xa0, 0x5d, 0xdf, 0xf6, 0xb1,
    0x1, 0xff, 0xc2, 0x57, 0xe8, 0xd9, 0x21, 0x0,
    0x53, 0xba, 0x10, 0x3f, 0xf8, 0x2a, 0x7d, 0x6d,
    0xbd, 0x40, 0x45, 0xc4, 0x7, 0xfc, 0xb3, 0x3,
    0xe5, 0xd8, 0x19, 0x92, 0x3, 0xfe, 0x20, 0x7f,
    0x30, 0x40, 0x8f, 0x3, 0xff, 0x80, 0x40, 0xfe,
    0x60, 0x81, 0x1e, 0x7, 0xfc, 0xb3, 0x3, 0xe5,
    0xd8, 0x19, 0x92, 0x3, 0xfe, 0x53, 0xec, 0xb5,
    0xbd, 0x40, 0x45, 0xc4, 0x7, 0xfc, 0xed, 0x36,
    0x9, 0x8, 0x2, 0x9d, 0xd0, 0x81, 0xff, 0xc0,
    0x21, 0x4b, 0xbf, 0xed, 0x62, 0x3, 0xff, 0xfe,
    0x7, 0xff, 0x24,

    /* U+0441 "с" */
    0x3, 0xc5, 0x4b, 0xb3, 0xff, 0x6c, 0xac, 0x81,
    0xca, 0xea, 0xd1, 0x39, 0x21, 0x39, 0x81, 0xc6,
    0x42, 0x2, 0x53, 0xec, 0xb5, 0xb3, 0xf6, 0x64,
    0x9, 0x21, 0x2, 0x5d, 0x81, 0xff, 0xc2, 0x3c,
    0xc, 0x49, 0x81, 0xff, 0xc4, 0xe0, 0x62, 0x4c,
    0xf, 0xfe, 0x19, 0x24, 0x6, 0x5d, 0x81, 0xfc,
    0x40, 0xe5, 0x61, 0x2, 0x53, 0xec, 0xb5, 0xb3,
    0xf6, 0x88, 0xc, 0x5e, 0xc8, 0xd1, 0x4, 0x92,
    0x13, 0x27, 0x98,

    /* U+0442 "т" */
    0x57, 0xff, 0xfe, 0x4d, 0x40, 0x1f, 0x6f, 0xc8,
    0x81, 0xc5, 0x37, 0xec, 0xc0, 0x15, 0x27, 0xd4,
    0x81, 0x15, 0x27, 0xcc, 0x81, 0xff, 0xff, 0x3,
    0xff, 0xfe, 0x7, 0xff, 0x8,

    /* U+0443 "у" */
    0x0, 0x5e, 0xff, 0x54, 0x7, 0xf9, 0x4f, 0xfa,
    0x10, 0x38, 0xba, 0x40, 0x97, 0x40, 0x7e, 0x39,
    0x81, 0x17, 0x48, 0x1f, 0x38, 0x80, 0x97, 0x40,
    0x78, 0xd6, 0x4, 0x55, 0x20, 0x7f, 0x2e, 0x80,
    0x97, 0x40, 0x63, 0x58, 0x11, 0xb4, 0x40, 0xff,
    0x97, 0x60, 0x4b, 0xb0, 0x6, 0xb0, 0x23, 0x51,
    0x3, 0xff, 0x82, 0xab, 0x2, 0x59, 0x25, 0x60,
    0x46, 0xb2, 0x7, 0xff, 0xc, 0xd8, 0x40, 0x2f,
    0xc8, 0x9, 0x56, 0x7, 0xff, 0x18, 0xba, 0x40,
    0x24, 0x20, 0x17, 0x60, 0x7f, 0xf2, 0x5d, 0x40,
    0x72, 0xe8, 0xf, 0xfe, 0x8a, 0xe8, 0xf, 0xfe,
    0x52, 0x90, 0x80, 0x9c, 0x40, 0x7f, 0xf1, 0xb,
    0xb6, 0xde, 0xb0, 0x25, 0x61, 0x3, 0xff, 0x8d,
    0xda, 0x42, 0xa, 0x77, 0x54, 0x7, 0xff, 0x10,

    /* U+0444 "ф" */
    0x3, 0xff, 0x88, 0x52, 0xc4, 0xf, 0xfe, 0xa2,
    0x96, 0xf1, 0x3, 0xff, 0xfe, 0x7, 0xff, 0x38,
    0xb9, 0x77, 0xf5, 0x40, 0x67, 0xbf, 0x6b, 0x19,
    0x3, 0xff, 0x82, 0xa7, 0xd1, 0xa2, 0xa, 0x24,
    0x6, 0x28, 0x99, 0x39, 0xbd, 0x40, 0x7e, 0x32,
    0x18, 0x11, 0x7b, 0xeb, 0x18, 0x19, 0x4d, 0xa8,
    0x80, 0x95, 0xa4, 0x7, 0x14, 0x84, 0x9, 0x48,
    0x20, 0x7f, 0xf0, 0x4b, 0x8c, 0x81, 0x2c, 0x80,
    0xee, 0x40, 0xc5, 0x81, 0xff, 0xc5, 0x3d, 0x81,
    0x88, 0x1c, 0x79, 0x3, 0x16, 0x7, 0xff, 0x14,
    0xf6, 0x6, 0x20, 0x79, 0x52, 0x4, 0xa4, 0x10,
    0x3f, 0xf8, 0x4a, 0x32, 0x4, 0xb2, 0x3, 0x8b,
    0xf0, 0x80, 0x2f, 0x6a, 0xf6, 0x6, 0x52, 0xef,
    0x50, 0x12, 0xb4, 0x80, 0xfc, 0x5e, 0xca, 0xd1,
    0x32, 0x42, 0x6, 0x29, 0x9, 0x9c, 0xbe, 0xa0,
    0x3f, 0xf8, 0x25, 0x4b, 0xbf, 0xa2, 0x3, 0x3d,
    0xfb, 0x64, 0x68, 0xf, 0xff, 0xf8, 0x1f, 0xfe,
    0x70,

    /* U+0445 "х" */
    0x3, 0x3b, 0xfe, 0xd0, 0x81, 0xf2, 0x9f, 0xf5,
    0x40, 0x7e, 0x76, 0x20, 0x5, 0xf8, 0x40, 0x8c,
    0x86, 0x4, 0xad, 0x20, 0x3f, 0xce, 0xc4, 0x0,
    0xbe, 0xd4, 0xec, 0x80, 0x56, 0x90, 0x1f, 0xfc,
    0x27, 0x21, 0x0, 0x32, 0xb2, 0x1, 0x5a, 0x40,
    0x7f, 0xf1, 0x4b, 0xe8, 0xf, 0x9f, 0x40, 0x7f,
    0xf1, 0xcc, 0x84, 0x7, 0xce, 0x32, 0x7, 0xff,
    0x10, 0xce, 0xc8, 0x5, 0x75, 0x40, 0xc, 0xec,
    0x81, 0xff, 0xc0, 0x33, 0xb2, 0x1, 0x4a, 0x8a,
    0x90, 0x80, 0x19, 0xd9, 0x3, 0xf1, 0x9d, 0x90,
    0x6, 0x43, 0x3, 0x17, 0x20, 0x80, 0x33, 0xb2,
    0x4,

    /* U+0446 "ц" */
    0x2, 0x77, 0xfd, 0x50, 0x1f, 0xc6, 0x6f, 0xed,
    0x8, 0x1f, 0xff, 0xf0, 0x3f, 0xff, 0xe0, 0x7f,
    0xfc, 0x5f, 0x93, 0xfc, 0x88, 0x11, 0x52, 0x1a,
    0x3, 0xfc, 0x53, 0x7f, 0xc8, 0x81, 0xc5, 0x3a,
    0x40, 0xce, 0xff, 0xff, 0xc8, 0x84, 0xf, 0xff,
    0xf8, 0x1f, 0xfc, 0xa7, 0xb7, 0x30,

    /* U+0447 "ч" */
    0x0, 0xaf, 0xfa, 0xb0, 0x3f, 0xcf, 0x7f, 0xa2,
    0x3, 0xff, 0xe8, 0xc8, 0x19, 0x81, 0xfe, 0x20,
    0x7f, 0xf0, 0xe, 0x40, 0x46, 0x6b, 0x25, 0x6b,
    0x7d, 0x8, 0x1f, 0xf2, 0xb5, 0x11, 0x5, 0x36,
    0x4c, 0x39, 0xc, 0x81, 0xff, 0xc1, 0x4e, 0xef,
    0xfb, 0x65, 0xa6, 0xdc, 0xf, 0xff, 0xc8,

    /* U+0448 "ш" */
    0x2, 0x77, 0xfd, 0x50, 0x1f, 0x17, 0xbf, 0xd0,
    0x81, 0xf1, 0x9f, 0xec, 0xc0, 0xff, 0xff, 0x81,
    0xff, 0xff, 0x3, 0xff, 0xfe, 0x7, 0xff, 0xb5,
    0xf9, 0x3f, 0x52, 0x6, 0x52, 0x7f, 0x20, 0x3f,
    0xf8, 0xc5, 0x37, 0xf2, 0x20, 0x71, 0x4d, 0xfc,
    0x88, 0x1f, 0xc0,

    /* U+0449 "щ" */
    0x2, 0x77, 0xfd, 0x50, 0x1f, 0x17, 0xbf, 0xd0,
    0x81, 0xf1, 0x9f, 0xec, 0xc0, 0xff, 0xff, 0x81,
    0xff, 0xff, 0x3, 0xff, 0xfe, 0x7, 0xff, 0xfc,
    0x9, 0xf9, 0x3e, 0xb4, 0x40, 0xca, 0x4f, 0xe4,
    0x6, 0x36, 0x43, 0x20, 0x7f, 0xc5, 0x37, 0xf8,
    0x81, 0xc5, 0x37, 0xf2, 0x20, 0x71, 0x6d, 0x90,
    0x1c, 0xef, 0xff, 0xfd, 0x5c, 0xc8, 0x1f, 0xff,
    0xf0, 0x3f, 0xfe, 0xc6, 0x6d, 0xab, 0x0,

    /* U+044A "ъ" */
    0x0, 0x67, 0xff, 0xfc, 0x18, 0x40, 0xff, 0xe4,
    0x66, 0xfc, 0x88, 0x1f, 0xfc, 0xe2, 0xa4, 0xfa,
    0x90, 0x3f, 0xfb, 0x8a, 0xc9, 0x37, 0xc9, 0x8,
    0x1f, 0xfc, 0xb2, 0xde, 0x93, 0xad, 0x6f, 0xa2,
    0x3, 0xff, 0x8e, 0xf7, 0xff, 0x68, 0x80, 0x17,
    0x19, 0x3, 0xff, 0x9c, 0x56, 0x20, 0x6e, 0x7,
    0xff, 0x19, 0x56, 0xfa, 0x45, 0xf0, 0x81, 0x2a,
    0x40, 0xff, 0xe2, 0x97, 0x27, 0x36, 0x44, 0x93,
    0xba, 0x10,

    /* U+044B "ы" */
    0x2, 0x77, 0xfd, 0x50, 0x1f, 0xfc, 0x52, 0xf7,
    0xfa, 0x10, 0x3f, 0xff, 0xe0, 0x7f, 0xf0, 0x9f,
    0x90, 0xdf, 0x24, 0x20, 0x7f, 0xf3, 0xca, 0x6d,
    0x27, 0x5a, 0xdf, 0x44, 0x7, 0xff, 0x2d, 0x5f,
    0xfd, 0xa2, 0x0, 0x5f, 0x60, 0x7f, 0xf4, 0x8a,
    0x24, 0x4, 0xc1, 0x3, 0xff, 0x92, 0xfb, 0x7a,
    0x45, 0xec, 0x80, 0x35, 0x10, 0x3f, 0xf9, 0x25,
    0x49, 0x9b, 0x22, 0x49, 0xde, 0xc8, 0x1f, 0xfc,
    0x10,

    /* U+044C "ь" */
    0x2, 0x77, 0xfd, 0x50, 0x1f, 0xff, 0xf0, 0x3f,
    0xf8, 0x2f, 0xc9, 0x37, 0xe4, 0x40, 0xff, 0xe2,
    0x94, 0xdd, 0x27, 0xae, 0xfd, 0x59, 0x3, 0xff,
    0x80, 0xaf, 0xff, 0x6a, 0xc8, 0x5, 0x29, 0x3,
    0xff, 0x90, 0x57, 0x60, 0x62, 0xc0, 0xff, 0x9f,
    0x6f, 0xa4, 0x5d, 0x10, 0x12, 0xe8, 0xf, 0xf8,
    0xa9, 0x39, 0xb2, 0x24, 0x9c, 0xd5, 0x1, 0x0,

    /* U+044D "э" */
    0x5, 0x4b, 0xb3, 0xff, 0x6b, 0x19, 0x3, 0xe2,
    0x64, 0x1, 0x23, 0x48, 0x49, 0x39, 0xb2, 0x10,
    0x39, 0xdf, 0xb2, 0xd4, 0xb5, 0xb1, 0x90, 0x5,
    0xc4, 0x7, 0xe2, 0x7e, 0x19, 0x1, 0x96, 0x20,
    0x73, 0xdb, 0xfa, 0xb0, 0x3c, 0xc0, 0xe5, 0xed,
    0xfd, 0x10, 0x1e, 0x60, 0x71, 0x24, 0xbe, 0x61,
    0x81, 0x96, 0x20, 0xbd, 0xf5, 0xb4, 0x8b, 0x5b,
    0x21, 0x0, 0x64, 0x20, 0x4, 0xaa, 0xd, 0x23,
    0x64, 0x84, 0x93, 0xbb, 0x19, 0x2,

    /* U+044E "ю" */
    0x2, 0x77, 0xfd, 0x50, 0x1f, 0x8a, 0x97, 0x67,
    0xfd, 0xac, 0x44, 0xf, 0xfe, 0x59, 0x7b, 0x2b,
    0x44, 0x26, 0xe4, 0x13, 0xbb, 0x19, 0x3, 0xff,
    0x8e, 0xac, 0x20, 0xb, 0xd9, 0x64, 0xae, 0x84,
    0x1, 0x90, 0x80, 0xff, 0xe0, 0x3f, 0x25, 0x63,
    0x3, 0x2a, 0x40, 0xf9, 0x52, 0x4, 0xb1, 0x3,
    0xfe, 0x29, 0xb9, 0x10, 0x31, 0xe0, 0x7f, 0x10,
    0x3c, 0x58, 0x1f, 0xf2, 0xbf, 0xe8, 0x40, 0x8f,
    0x60, 0x7e, 0x3c, 0xe, 0x20, 0x7f, 0xf1, 0x92,
    0x10, 0x27, 0x90, 0x1e, 0x35, 0x10, 0x25, 0x90,
    0x1f, 0xfc, 0x53, 0x21, 0x1, 0x3b, 0xf5, 0xad,
    0xa6, 0x40, 0x19, 0x8, 0xf, 0xfe, 0x42, 0xba,
    0xb4, 0x4c, 0x90, 0x99, 0x39, 0xb1, 0x90, 0x30,

    /* U+044F "я" */
    0x3, 0xe2, 0xe5, 0xdf, 0xff, 0xf0, 0xaa, 0x3,
    0xe5, 0x74, 0x68, 0x92, 0x6f, 0xc8, 0x81, 0xff,
    0xc0, 0x59, 0x1, 0x29, 0xac, 0x9e, 0xec, 0xf,
    0xfe, 0x3, 0xe4, 0x9, 0x66, 0x89, 0xf8, 0xf,
    0xfe, 0x9, 0x7e, 0x10, 0xa, 0x5d, 0xbd, 0x10,
    0x1f, 0xfc, 0x22, 0xf4, 0x20, 0x65, 0x2d, 0x99,
    0x3, 0xff, 0x86, 0xac, 0x20, 0x14, 0xad, 0x2b,
    0x30, 0x3f, 0xf8, 0x2a, 0xd2, 0x0, 0x64, 0x30,
    0x3f, 0xf8, 0xca, 0x54, 0x4, 0xe3, 0x20, 0x7f,
    0xf1, 0x0,

    /* U+0451 "ё" */
    0x3, 0xca, 0xfe, 0xd0, 0x80, 0x53, 0x7e, 0xa8,
    0xf, 0xfe, 0x1, 0x30, 0x1c, 0xc0, 0x13, 0x1,
    0xff, 0xc0, 0x53, 0x6a, 0x10, 0x6, 0x6d, 0x44,
    0x7, 0xfc, 0x54, 0xbb, 0xff, 0x6c, 0x8c, 0x81,
    0xfc, 0xae, 0xad, 0x12, 0x4d, 0xc8, 0x17, 0x36,
    0x32, 0x6, 0x32, 0xa0, 0x27, 0x75, 0x92, 0xba,
    0x20, 0x6, 0x42, 0x0, 0x52, 0x1, 0x96, 0x64,
    0xfc, 0x89, 0x1, 0x3c, 0x40, 0x70, 0x39, 0x5d,
    0xbf, 0x99, 0x2, 0x20, 0x47, 0x81, 0xca, 0x5b,
    0xff, 0xc4, 0x20, 0x12, 0x10, 0x27, 0xda, 0x5f,
    0xfc, 0x22, 0x4, 0x64, 0x20, 0x5, 0xef, 0xad,
    0x48, 0xb6, 0xd9, 0xf3, 0x3, 0xca, 0xfb, 0x1a,
    0x24, 0x91, 0xb2, 0x50, 0x6d, 0x50, 0x0,

    /* U+2022 "•" */
    0x3, 0x14, 0xe4, 0xcd, 0x10, 0x3c, 0x5f, 0xb1,
    0xbd, 0x2f, 0x64, 0xc, 0xf1, 0x3, 0xf1, 0xcc,
    0xe, 0x20, 0x7f, 0x88, 0x1c, 0xad, 0x32, 0x6,
    0x2e, 0xd2, 0x0,

    /* U+F001 "" */
    0x3, 0xff, 0xfe, 0x7, 0xff, 0x18, 0xa6, 0xd2,
    0xec, 0xfd, 0x99, 0x3, 0xff, 0xa6, 0x53, 0x91,
    0x77, 0xf6, 0xb2, 0x1a, 0x24, 0x0, 0xe6, 0x7,
    0xff, 0x20, 0x92, 0x72, 0xd6, 0xfe, 0xd6, 0x36,
    0x44, 0xf, 0xfe, 0xa1, 0x7b, 0xec, 0xb1, 0xa4,
    0x20, 0x7f, 0xf7, 0x9e, 0x20, 0x7f, 0xf2, 0xca,
    0x71, 0x10, 0x3f, 0xfb, 0x24, 0x93, 0x96, 0xb7,
    0xf6, 0xb1, 0xf6, 0x7, 0xff, 0x45, 0x39, 0x6b,
    0x7e, 0xd9, 0x63, 0x48, 0x40, 0xff, 0xec, 0xaf,
    0x1a, 0x42, 0x7, 0xff, 0xfc, 0xf, 0xff, 0xf8,
    0x1f, 0xfc, 0x72, 0xa5, 0xdf, 0xf5, 0x40, 0x7f,
    0xf7, 0xc, 0xf5, 0xa2, 0x7, 0xff, 0x1c, 0xa9,
    0x77, 0xfd, 0x50, 0x1f, 0xfd, 0x52, 0x4c, 0xc,
    0x67, 0xad, 0x10, 0x3f, 0xf9, 0x66, 0x7a, 0xd1,
    0x3, 0xc5, 0x3b, 0xe1, 0x3, 0xff, 0x92, 0x49,
    0x81, 0xff, 0xc0, 0x2a, 0x5d, 0xff, 0xb5, 0x88,
    0x81, 0xe3, 0x3d, 0x68, 0x81, 0xe2, 0x9d, 0xf0,
    0x81, 0xff, 0xd4,

    /* U+F008 "" */
    0x0, 0x66, 0xa8, 0xc, 0xaf, 0xff, 0xfd, 0xa,
    0x80, 0xca, 0xe8, 0x40, 0xcc, 0x92, 0xbf, 0xea,
    0x80, 0x8b, 0x7f, 0xfc, 0x82, 0x4, 0xaf, 0xfa,
    0xa2, 0x4c, 0xf, 0x95, 0xff, 0x54, 0x0, 0xab,
    0x27, 0xff, 0x1a, 0xa2, 0x1, 0x5f, 0xf5, 0x40,
    0x7f, 0xfd, 0x15, 0xff, 0x54, 0x7, 0xff, 0x41,
    0x5f, 0xf5, 0x40, 0x7f, 0x95, 0xff, 0x54, 0x0,
    0xbf, 0xb7, 0xff, 0x1b, 0xb2, 0x1, 0x5f, 0xf5,
    0x40, 0x7f, 0xfd, 0x15, 0xff, 0x54, 0x0, 0xbf,
    0xb7, 0xff, 0x1b, 0xb2, 0x1, 0x5f, 0xf5, 0x40,
    0x7f, 0x95, 0xff, 0x54, 0x7, 0xff, 0x41, 0x5f,
    0xf5, 0x40, 0x7f, 0xfd, 0x15, 0xff, 0x54, 0x0,
    0xab, 0x27, 0xff, 0x1a, 0xa2, 0x1, 0x5f, 0xf5,
    0x40, 0x7c, 0xc9, 0x2b, 0xfe, 0xa8, 0x8, 0xb7,
    0xff, 0xc8, 0x20, 0x4a, 0xff, 0xaa, 0x24, 0xc0,
    0x0,

    /* U+F00B "" */
    0x0, 0x66, 0xff, 0xfd, 0x99, 0x6, 0x6f, 0xff,
    0xf9, 0xfa, 0x10, 0x33, 0x24, 0x7, 0xf8, 0xe6,
    0x19, 0x20, 0x3f, 0xf9, 0xe4, 0x98, 0x1f, 0xfe,
    0xe6, 0x48, 0xf, 0xf1, 0xcc, 0x32, 0x40, 0x7f,
    0xf3, 0xc9, 0x30, 0x31, 0x9b, 0xff, 0xf6, 0x64,
    0x19, 0xbf, 0xff, 0xe7, 0xe8, 0x40, 0xc6, 0x6f,
    0xff, 0xd9, 0x90, 0x66, 0xff, 0xff, 0x9f, 0xa1,
    0x3, 0x32, 0x40, 0x7f, 0x8e, 0x61, 0x92, 0x3,
    0xff, 0x9e, 0x49, 0x81, 0xff, 0xee, 0x64, 0x80,
    0xff, 0x1c, 0xc3, 0x24, 0x7, 0xff, 0x3c, 0x93,
    0x3, 0x19, 0xbf, 0xff, 0x66, 0x41, 0x9b, 0xff,
    0xfe, 0x7e, 0x84, 0xc, 0x66, 0xff, 0xfd, 0x99,
    0x6, 0x6f, 0xff, 0xf9, 0xfa, 0x10, 0x33, 0x24,
    0x7, 0xf8, 0xe6, 0x19, 0x20, 0x3f, 0xf9, 0xe4,
    0x98, 0x1f, 0xfe, 0xe6, 0x48, 0xf, 0xf1, 0xcc,
    0x32, 0x40, 0x7f, 0xf3, 0xc9, 0x30, 0x0,

    /* U+F00C "" */
    0x3, 0xff, 0xba, 0x5d, 0xd9, 0x59, 0x3, 0xff,
    0xbe, 0x5d, 0xd1, 0x12, 0x53, 0x63, 0x20, 0x7f,
    0xf6, 0x4b, 0xba, 0x20, 0x3f, 0x30, 0x40, 0xff,
    0xeb, 0x17, 0x74, 0x40, 0x7e, 0x33, 0x56, 0x7,
    0xe2, 0xee, 0xca, 0xc8, 0x1f, 0xfc, 0x42, 0xee,
    0x88, 0xf, 0xc6, 0x6c, 0x64, 0xf, 0x8b, 0xd9,
    0x11, 0x25, 0x35, 0x64, 0xf, 0xf1, 0x77, 0x44,
    0x7, 0xe3, 0x36, 0x32, 0x7, 0xf8, 0x86, 0x7,
    0xe5, 0x35, 0x64, 0xc, 0x5d, 0xd1, 0x1, 0xf8,
    0xcd, 0x8c, 0x81, 0xff, 0xc2, 0x77, 0x42, 0x7,
    0xe5, 0x35, 0x6d, 0x74, 0x40, 0x7e, 0x33, 0x63,
    0x20, 0x7f, 0xf1, 0xcb, 0xd9, 0x8, 0x1f, 0x94,
    0x84, 0x7, 0xe5, 0x36, 0x32, 0x7, 0xff, 0x34,
    0xbd, 0x90, 0x81, 0xff, 0xc2, 0x53, 0x56, 0x40,
    0xff, 0xe9, 0x97, 0xb2, 0x20, 0x3f, 0x29, 0xab,
    0x20, 0x7f, 0xf6, 0x4b, 0xba, 0x22, 0x4a, 0x6a,
    0xc8, 0x1f, 0xfc, 0xe0,

    /* U+F00D "" */
    0x3, 0xc4, 0xe0, 0x3f, 0xf8, 0xe4, 0xe0, 0x3f,
    0x8c, 0xdb, 0xd0, 0x81, 0xff, 0xc1, 0x33, 0x6f,
    0x42, 0x7, 0x2a, 0xc8, 0x18, 0xbd, 0x90, 0x81,
    0xf1, 0x9b, 0x19, 0x3, 0x17, 0x50, 0x19, 0x4a,
    0x88, 0x1e, 0x2f, 0x64, 0x26, 0x9b, 0x19, 0x3,
    0xc5, 0x58, 0x80, 0xf2, 0xba, 0xa2, 0x7, 0x8b,
    0xda, 0x64, 0xf, 0x15, 0x75, 0x40, 0x7f, 0xca,
    0xea, 0x88, 0x1f, 0xfc, 0x12, 0xae, 0xa8, 0xf,
    0xfe, 0x2a, 0xe8, 0x81, 0xff, 0x15, 0xd0, 0x1f,
    0xfc, 0x63, 0x35, 0x64, 0xf, 0xf8, 0xbb, 0xa1,
    0x3, 0xff, 0x82, 0x66, 0xc6, 0x40, 0xf1, 0x4d,
    0x10, 0x3c, 0x5e, 0xc8, 0x40, 0xf8, 0xbd, 0x8c,
    0x81, 0xe2, 0xae, 0xb2, 0xea, 0x88, 0x1e, 0x2f,
    0x63, 0x20, 0x7f, 0xf0, 0x4a, 0xba, 0xa0, 0x39,
    0x5d, 0x51, 0x3, 0xff, 0x82, 0x5e, 0xad, 0x23,
    0xba, 0xa0, 0x3f, 0xe5, 0x75, 0x69, 0x1d, 0xcc,
    0x80,

    /* U+F011 "" */
    0x3, 0xff, 0x94, 0xa7, 0xfd, 0x10, 0x1f, 0xfd,
    0x52, 0x88, 0x1e, 0x28, 0xe, 0x44, 0xf, 0x14,
    0x40, 0xff, 0xe4, 0x15, 0x76, 0x5d, 0x90, 0x81,
    0xff, 0xc3, 0x33, 0x65, 0xd9, 0x10, 0x1f, 0xfc,
    0x33, 0x3d, 0x44, 0x8, 0x93, 0x3, 0xff, 0x86,
    0xc9, 0x1, 0x17, 0x74, 0x20, 0x7f, 0x8c, 0xec,
    0x81, 0x8b, 0xb4, 0x80, 0xff, 0xe1, 0xab, 0x4c,
    0x81, 0x8b, 0xec, 0x81, 0xf2, 0xac, 0x81, 0x8c,
    0xf1, 0x1, 0xff, 0xc7, 0x53, 0xc2, 0x6, 0x32,
    0x90, 0x38, 0xe6, 0x7, 0x28, 0xc8, 0x1f, 0xfc,
    0xb2, 0xe2, 0x3, 0x9d, 0x20, 0x64, 0x40, 0xe3,
    0x98, 0x1f, 0xfc, 0xf7, 0x88, 0x1c, 0x58, 0x1f,
    0xfc, 0x12, 0x7, 0xf1, 0x40, 0x72, 0x20, 0x7f,
    0x10, 0x3f, 0x10, 0x31, 0x3, 0xc7, 0xa0, 0x3f,
    0x94, 0xff, 0xa2, 0x3, 0xf9, 0x72, 0x7, 0x12,
    0x3, 0x2c, 0x80, 0xe7, 0xd0, 0x1f, 0xfc, 0xd5,
    0xd8, 0x1c, 0xb2, 0x3, 0x9f, 0x40, 0x72, 0xb4,
    0x80, 0xff, 0xe4, 0xab, 0x48, 0xe, 0x5d, 0x1,
    0xf2, 0xb1, 0x1, 0xca, 0xea, 0xc8, 0x1f, 0xfc,
    0x12, 0xee, 0xa8, 0xe, 0x52, 0x10, 0x1f, 0xe7,
    0x69, 0x90, 0x31, 0x53, 0x7e, 0xd9, 0x6f, 0x6c,
    0xfd, 0xa2, 0x20, 0x62, 0xed, 0x32, 0x7, 0xff,
    0x5, 0x4d, 0x91, 0x10, 0x3c, 0x49, 0x2e, 0x24,
    0x7, 0x8a, 0x9b, 0x22, 0x3, 0xff, 0x8e, 0x5d,
    0xdf, 0x58, 0xd2, 0x13, 0xf2, 0x47, 0x2e, 0xfa,
    0xb2, 0x7, 0xf8,

    /* U+F013 "" */
    0x3, 0xff, 0x8a, 0x54, 0x8b, 0x7d, 0x21, 0x10,
    0x3f, 0xfa, 0xcf, 0xb6, 0x4b, 0xcd, 0xbb, 0x3,
    0xff, 0x96, 0x4c, 0x7, 0x93, 0xec, 0xf, 0xf3,
    0xed, 0x1, 0xc5, 0x12, 0x3, 0xfc, 0xa7, 0xd9,
    0xf5, 0xad, 0xec, 0x44, 0xf, 0xf1, 0x52, 0xfd,
    0x77, 0xd7, 0x78, 0x80, 0xf1, 0x90, 0xc8, 0x11,
    0x48, 0x40, 0xff, 0xe4, 0x14, 0x40, 0xc5, 0xc8,
    0x20, 0x4a, 0x32, 0x7, 0xff, 0xc, 0xa6, 0xf2,
    0x20, 0x7f, 0xf0, 0xcb, 0x88, 0x2, 0x95, 0x90,
    0x3f, 0xe5, 0x36, 0x59, 0x35, 0xd9, 0x10, 0x1f,
    0xf1, 0x76, 0x20, 0x22, 0xa4, 0x20, 0x3f, 0x9f,
    0x64, 0xf, 0xc5, 0xf6, 0x7, 0xf2, 0x90, 0x88,
    0x1f, 0xfe, 0x82, 0xa4, 0x20, 0x3f, 0x9f, 0x64,
    0xf, 0xc5, 0xf6, 0x7, 0xf2, 0x90, 0x88, 0x12,
    0x95, 0x90, 0x3f, 0xe5, 0x36, 0x59, 0x35, 0xd9,
    0x10, 0x1f, 0xf1, 0x76, 0x20, 0xa, 0x32, 0x7,
    0xff, 0xc, 0xa6, 0xf2, 0x20, 0x7f, 0xf0, 0xcb,
    0x88, 0x8, 0xc8, 0x64, 0xc, 0x51, 0x3, 0xff,
    0x90, 0x51, 0x20, 0x22, 0xe4, 0x10, 0x3c, 0xa7,
    0xd7, 0x7d, 0x77, 0xb1, 0x10, 0x3f, 0xc5, 0x4b,
    0xf5, 0xdb, 0xbc, 0x40, 0x7f, 0x89, 0x22, 0x7,
    0x27, 0xd8, 0x1f, 0xe7, 0xda, 0x3, 0x89, 0xc0,
    0x7f, 0xf2, 0xdf, 0x6c, 0x97, 0xcf, 0xb0, 0x3f,
    0xf8, 0xa0,

    /* U+F015 "" */
    0x3, 0xff, 0x9a, 0x5d, 0xdf, 0xb5, 0x64, 0xe,
    0x33, 0xff, 0x42, 0x7, 0xff, 0x4c, 0xbb, 0xb2,
    0x22, 0x0, 0xa9, 0xb2, 0xa2, 0x18, 0x1f, 0x98,
    0x1f, 0xfd, 0x5, 0x36, 0x44, 0x40, 0x17, 0x21,
    0x90, 0x5, 0x5d, 0x9d, 0x1, 0xff, 0xd4, 0x2e,
    0xfa, 0xc8, 0x2, 0xa6, 0xca, 0x4a, 0xec, 0x88,
    0x80, 0x28, 0x81, 0xff, 0xd0, 0x2e, 0xec, 0x88,
    0x9, 0x4d, 0x90, 0xdd, 0x96, 0xb6, 0x53, 0x36,
    0x44, 0x7, 0xe2, 0x7, 0xff, 0x19, 0x4d, 0x91,
    0x10, 0x5, 0xdf, 0x4d, 0xd9, 0x59, 0x3, 0x17,
    0x76, 0x53, 0x7d, 0x64, 0xc, 0xae, 0x88, 0xf,
    0xf1, 0x77, 0xd6, 0x40, 0x15, 0x36, 0x53, 0x7d,
    0x64, 0xf, 0xfe, 0x1, 0x77, 0xd3, 0x76, 0x44,
    0x40, 0x17, 0x7d, 0x64, 0xe, 0x2a, 0xa0, 0x22,
    0xee, 0x86, 0xec, 0x88, 0xf, 0xfe, 0x42, 0x9b,
    0x29, 0x9a, 0xb2, 0x4, 0xaa, 0x20, 0x62, 0xf6,
    0x5a, 0xd9, 0x1c, 0xd5, 0x90, 0x3f, 0xf9, 0xc5,
    0xdd, 0x1c, 0xd9, 0x6b, 0x63, 0x20, 0x7c, 0x52,
    0x10, 0xc, 0x81, 0xff, 0xd6, 0x2c, 0x1, 0x48,
    0x40, 0xff, 0xe9, 0x3d, 0xff, 0xb3, 0x20, 0x7f,
    0xf9, 0x8, 0x1f, 0xff, 0xf0, 0x3f, 0xfa, 0x84,
    0xf, 0xfe, 0x7, 0x20, 0x78, 0xf0, 0x3f, 0xf8,
    0x4, 0xf, 0xfe, 0x0,

    /* U+F019 "" */
    0x3, 0xff, 0x90, 0x66, 0xff, 0xf6, 0x84, 0xf,
    0xfe, 0xe3, 0x24, 0x7, 0xe2, 0x4c, 0xf, 0xff,
    0xf8, 0x1f, 0xff, 0xf0, 0x3f, 0xff, 0xe0, 0x7f,
    0xf2, 0x54, 0xff, 0xf5, 0x40, 0x7f, 0x95, 0xff,
    0xf4, 0x40, 0x7f, 0xf2, 0x15, 0x88, 0xf, 0xfe,
    0x72, 0x95, 0x1, 0xff, 0xc9, 0x2e, 0xe8, 0x80,
    0xff, 0xe4, 0x29, 0xab, 0x20, 0x7f, 0xf3, 0x4b,
    0xba, 0x20, 0x3f, 0xf8, 0x4a, 0x6a, 0xc8, 0x1f,
    0xfd, 0x32, 0xee, 0x88, 0xf, 0xca, 0x6a, 0xc8,
    0x1f, 0xfc, 0x73, 0x37, 0xff, 0xfc, 0x2d, 0x55,
    0xd1, 0x12, 0x53, 0x55, 0x77, 0xff, 0xfc, 0x2d,
    0x8, 0x19, 0x92, 0x3, 0xff, 0x84, 0x5e, 0xca,
    0x66, 0xc8, 0x6e, 0xc6, 0x40, 0xff, 0xe1, 0x12,
    0x60, 0x7f, 0xf3, 0xb, 0xbb, 0xf6, 0xac, 0x81,
    0xff, 0xed, 0x57, 0xd4, 0x15, 0xf5, 0x1, 0xfe,
    0x64, 0x80, 0xff, 0xe9, 0x2b, 0xea, 0xa, 0xfa,
    0x80, 0x89, 0x30, 0x0,

    /* U+F01C "" */
    0x3, 0xff, 0x82, 0xa6, 0xff, 0xff, 0xa1, 0xa2,
    0x3, 0xff, 0x98, 0xad, 0x32, 0x7, 0xff, 0x40,
    0xbb, 0x48, 0xf, 0xfe, 0x42, 0xb4, 0x80, 0x94,
    0xff, 0xff, 0x99, 0x10, 0x12, 0xb4, 0x80, 0xff,
    0xe2, 0x2b, 0x48, 0x9, 0x4a, 0xc0, 0xff, 0xe6,
    0x3b, 0x10, 0x12, 0xb4, 0x80, 0xff, 0xe0, 0x2b,
    0x48, 0x9, 0x4a, 0xc0, 0xff, 0xe8, 0x39, 0x8,
    0x9, 0x5a, 0x40, 0x7e, 0x56, 0x90, 0x12, 0x95,
    0x81, 0xff, 0xd3, 0x2e, 0xc4, 0x4, 0xad, 0x20,
    0x39, 0x74, 0x7, 0x29, 0xff, 0xf6, 0x64, 0xf,
    0xfe, 0x1, 0x9b, 0xff, 0xe8, 0x80, 0xe5, 0xd0,
    0x1f, 0xfc, 0xb3, 0x21, 0x1, 0xfe, 0x51, 0x90,
    0x3f, 0xfc, 0xa, 0xff, 0xfe, 0xa8, 0xf, 0xff,
    0xf8, 0x1f, 0xff, 0xa5, 0xd9, 0x3, 0xff, 0xc8,
    0x5f, 0x40, 0x0,

    /* U+F021 "" */
    0x3, 0xff, 0x8a, 0x53, 0x91, 0x76, 0xfa, 0xd4,
    0x68, 0x81, 0xf1, 0x7b, 0xfd, 0x50, 0x1f, 0xfc,
    0x22, 0xa6, 0xfa, 0xc6, 0xc8, 0x9f, 0x92, 0x39,
    0x77, 0xd5, 0xa0, 0x3f, 0xf9, 0x45, 0xec, 0xac,
    0x81, 0xc5, 0x39, 0x39, 0xb2, 0x20, 0x62, 0xa5,
    0xf6, 0xb0, 0x1f, 0xfc, 0x45, 0x74, 0x20, 0x62,
    0xef, 0xed, 0x63, 0x7d, 0x22, 0xef, 0xab, 0x20,
    0x64, 0xd1, 0x3, 0xff, 0x82, 0x65, 0x40, 0x63,
    0x36, 0x44, 0x7, 0xff, 0x0, 0x98, 0x3b, 0xeb,
    0x20, 0x7f, 0xf1, 0x54, 0x60, 0x63, 0x3b, 0x20,
    0x7f, 0xf0, 0x55, 0xdb, 0xea, 0xc8, 0x1f, 0xfc,
    0x43, 0x98, 0x19, 0x56, 0x40, 0xff, 0xef, 0x99,
    0xbf, 0xd5, 0x81, 0xff, 0xc5, 0x57, 0xff, 0xfe,
    0x3d, 0x40, 0x7f, 0xfb, 0x95, 0xff, 0xff, 0x8f,
    0x50, 0x1f, 0xfc, 0x57, 0x7f, 0xda, 0x10, 0x3f,
    0xfb, 0xe5, 0xd4, 0x6, 0x78, 0x81, 0xff, 0xc4,
    0x2e, 0xed, 0xf5, 0x40, 0x7f, 0xf0, 0x4b, 0xf0,
    0x81, 0x9c, 0x40, 0x7f, 0xf1, 0x4b, 0xbe, 0xb0,
    0x4c, 0x7, 0xfc, 0x54, 0xd9, 0x8, 0x19, 0x58,
    0x40, 0xff, 0xe0, 0x94, 0xd0, 0x18, 0xbb, 0xbe,
    0xb2, 0x1b, 0xe9, 0x77, 0xd5, 0x90, 0x31, 0x9a,
    0xa0, 0x3f, 0xf8, 0x9a, 0xd7, 0xb1, 0x10, 0x31,
    0x4d, 0xa4, 0xe6, 0x88, 0x1c, 0x5d, 0xd8, 0xc8,
    0x1f, 0xfc, 0xa4, 0xee, 0xfa, 0xc6, 0x90, 0x9f,
    0x92, 0x39, 0x77, 0xd1, 0x10, 0x3f, 0xf8, 0x0,

    /* U+F026 "" */
    0x3, 0xff, 0xce, 0xa6, 0xfa, 0x10, 0x3f, 0xf9,
    0xa, 0x6a, 0xc8, 0x24, 0xc0, 0xff, 0xe2, 0xa9,
    0xab, 0x20, 0x7f, 0xc6, 0x6f, 0xff, 0xd5, 0x90,
    0x3f, 0xf8, 0x4c, 0x90, 0x1f, 0xff, 0xf0, 0x3f,
    0xfb, 0xcc, 0x90, 0x1f, 0xfc, 0xf3, 0x37, 0xff,
    0xea, 0xc8, 0x1f, 0xfc, 0xf5, 0x35, 0x64, 0xf,
    0xfe, 0x7a, 0x9a, 0xb2, 0x9, 0x30, 0x3f, 0xf9,
    0x6a, 0x6f, 0xa1, 0x0,

    /* U+F027 "" */
    0x3, 0xff, 0xe6, 0x66, 0xfa, 0x10, 0x3f, 0xfa,
    0x86, 0x6c, 0x64, 0x12, 0x60, 0x7f, 0xf4, 0x4c,
    0xd8, 0xc8, 0x1f, 0xfc, 0xb2, 0xf7, 0xff, 0xec,
    0xc8, 0x1f, 0xfc, 0x24, 0xa2, 0x7, 0xe7, 0x88,
    0x1f, 0xfc, 0xe7, 0xed, 0x6c, 0x64, 0xf, 0xfe,
    0xb3, 0xb4, 0x81, 0x94, 0x81, 0xff, 0xdd, 0x60,
    0x7f, 0xf5, 0x55, 0xa4, 0xb, 0xa8, 0xc, 0xc9,
    0x1, 0xff, 0xce, 0x7e, 0x46, 0xc8, 0x40, 0xe3,
    0x37, 0xff, 0xea, 0xc8, 0x1f, 0xfc, 0x12, 0x9b,
    0x10, 0x3f, 0xf9, 0x2a, 0x6a, 0xc8, 0x1f, 0xfd,
    0xb5, 0x35, 0x64, 0x1, 0x60, 0x7f, 0xf5, 0xd4,
    0xdf, 0xa1, 0x3, 0xff, 0x84,

    /* U+F028 "" */
    0x3, 0xff, 0xbc, 0x9b, 0x10, 0x3f, 0xfd, 0x6b,
    0xc8, 0xd9, 0x59, 0x3, 0xff, 0xa6, 0xa6, 0xfa,
    0x10, 0x3f, 0xf8, 0x2a, 0xe8, 0x8a, 0x9a, 0xa0,
    0x3f, 0xf9, 0xca, 0x6a, 0xc8, 0x24, 0xc0, 0xfc,
    0xaf, 0xea, 0xc9, 0x3b, 0xa1, 0xa, 0xd3, 0x3,
    0xff, 0x92, 0xa6, 0xac, 0x81, 0xff, 0xc3, 0x5d,
    0x5, 0x36, 0x32, 0x4f, 0xc2, 0x14, 0x84, 0x7,
    0x8c, 0xdf, 0xff, 0xab, 0x20, 0x7f, 0xf0, 0x4a,
    0x68, 0x85, 0x7d, 0x40, 0xc8, 0x60, 0xb8, 0x80,
    0x3c, 0x80, 0xe6, 0x48, 0xf, 0xfe, 0x72, 0xf2,
    0xec, 0x64, 0x29, 0x4, 0x2a, 0xc0, 0x2e, 0x80,
    0x2c, 0x40, 0xff, 0xea, 0xbb, 0x48, 0x19, 0x48,
    0x24, 0x80, 0x1e, 0x80, 0x32, 0x0, 0x93, 0x3,
    0xff, 0xd6, 0x40, 0xff, 0xec, 0xbb, 0x48, 0x19,
    0x48, 0x24, 0x80, 0x1e, 0x80, 0x32, 0x40, 0x93,
    0x3, 0x32, 0x40, 0x7f, 0xf3, 0x97, 0x97, 0x63,
    0x21, 0x48, 0x21, 0x56, 0x1, 0x74, 0x1, 0x62,
    0x6, 0x33, 0x7f, 0xfe, 0xac, 0x81, 0xff, 0xc1,
    0x29, 0xa2, 0x15, 0xf5, 0x3, 0x21, 0x82, 0xe2,
    0x0, 0xf2, 0x3, 0xff, 0x8c, 0xa6, 0xac, 0x81,
    0xff, 0xc3, 0x5d, 0x5, 0x36, 0x32, 0x4e, 0x41,
    0xa, 0x42, 0x3, 0xff, 0x94, 0xa6, 0xac, 0x82,
    0x4c, 0xf, 0xca, 0xfe, 0xac, 0x93, 0xba, 0x20,
    0xad, 0x30, 0x3f, 0xf9, 0xea, 0x6f, 0xa1, 0x3,
    0xff, 0x82, 0xae, 0x88, 0xa9, 0xaa, 0x3, 0xff,
    0xca, 0xbc, 0x8d, 0x95, 0x90, 0x3f, 0xc0,

    /* U+F03E "" */
    0x2, 0x53, 0x7f, 0xff, 0xde, 0xd1, 0x1, 0xcb,
    0xb2, 0x7, 0x89, 0x80, 0xff, 0xea, 0x97, 0xd0,
    0x1f, 0xe3, 0x37, 0xda, 0xfa, 0x10, 0x3f, 0xfb,
    0xc6, 0xa2, 0x7, 0x15, 0x48, 0x1f, 0xfc, 0x32,
    0x40, 0x7f, 0xf3, 0xd, 0x44, 0xe, 0x2a, 0x90,
    0x3f, 0xf8, 0xa, 0xfd, 0xaa, 0x80, 0xff, 0xe5,
    0x19, 0xbe, 0xd7, 0xd0, 0x81, 0xfe, 0x57, 0xd4,
    0x4, 0x55, 0xd5, 0x1, 0xff, 0xcb, 0x24, 0xe5,
    0x88, 0xf, 0x95, 0xf5, 0x1, 0xfc, 0x55, 0xd0,
    0x81, 0xff, 0xc7, 0x57, 0xd6, 0x9d, 0xd5, 0x15,
    0x7d, 0x40, 0x7f, 0xf0, 0xc9, 0x30, 0x3f, 0xf8,
    0x86, 0x7a, 0x80, 0xf1, 0x57, 0x54, 0x7, 0xff,
    0x65, 0x90, 0x3f, 0xfd, 0xa, 0xff, 0xff, 0xd6,
    0xa8, 0xf, 0xf2, 0xec, 0x81, 0xff, 0xde, 0x2f,
    0xa0, 0x0,

    /* U+F043 "" */
    0x3, 0xff, 0x88, 0xa6, 0xfa, 0x20, 0x3f, 0xfa,
    0x6f, 0xb2, 0xb, 0xec, 0xf, 0xfe, 0x8b, 0xa8,
    0xe, 0x55, 0x81, 0xff, 0xce, 0x52, 0x8, 0x1f,
    0x19, 0x8, 0xf, 0xfe, 0x51, 0x71, 0x81, 0xff,
    0x39, 0x4, 0xf, 0xfe, 0x31, 0x7e, 0x10, 0x3f,
    0xf8, 0x25, 0xf8, 0x40, 0xff, 0xe1, 0x17, 0xe1,
    0x3, 0xff, 0x8a, 0x5f, 0x84, 0xf, 0xf1, 0x7e,
    0x10, 0x3f, 0xf9, 0x25, 0xf6, 0x40, 0xf9, 0x58,
    0x40, 0xff, 0xe6, 0x99, 0x50, 0x1c, 0x73, 0x3,
    0xff, 0xa2, 0xf1, 0x3, 0x32, 0x6, 0x53, 0x44,
    0x7, 0xff, 0x28, 0xb0, 0x33, 0x20, 0x66, 0x1,
    0xe4, 0x7, 0xff, 0x24, 0xb0, 0x31, 0xcc, 0x8,
    0xc8, 0x4e, 0xd3, 0x44, 0xf, 0xfe, 0x23, 0xc4,
    0xe, 0x56, 0x20, 0x25, 0x75, 0x3a, 0x6f, 0xa1,
    0x3, 0xfc, 0xa5, 0x40, 0x7c, 0x5d, 0xa6, 0x40,
    0x15, 0x2e, 0xfd, 0xa1, 0x3, 0xe2, 0xed, 0x32,
    0x7, 0xfc, 0xa6, 0xcb, 0x1a, 0x20, 0x7c, 0x53,
    0x97, 0x64, 0x40, 0x7c,

    /* U+F048 "" */
    0x3, 0xff, 0xb4, 0xaf, 0xfd, 0x8, 0x1f, 0xfc,
    0x35, 0x37, 0xec, 0xc8, 0x1f, 0xfc, 0x6, 0x7,
    0xfc, 0x55, 0xd5, 0x90, 0x7, 0x30, 0x3f, 0xf9,
    0x25, 0xdd, 0x51, 0x3, 0xff, 0x9c, 0x66, 0xc8,
    0x80, 0xff, 0xe7, 0xa9, 0xb1, 0x90, 0x3f, 0xf9,
    0xc7, 0x5d, 0x59, 0x3, 0xff, 0xa2, 0x9a, 0x20,
    0x7f, 0xfe, 0x12, 0x80, 0xff, 0xea, 0x9f, 0x7d,
    0x64, 0xf, 0xfe, 0xaa, 0x9a, 0xb2, 0x7, 0xff,
    0x55, 0x4d, 0x91, 0x1, 0xff, 0xd5, 0x2e, 0xea,
    0x88, 0x1f, 0xfc, 0x86, 0x7, 0xfc, 0x55, 0xd5,
    0x90, 0x7, 0x30, 0x32, 0xbf, 0xf4, 0x20, 0x7f,
    0xf0, 0xd4, 0xdf, 0xb3, 0x20, 0x0,

    /* U+F04B "" */
    0x3, 0xff, 0xce, 0xa6, 0xfe, 0xd1, 0x90, 0x3f,
    0xfb, 0x2b, 0xb2, 0x4, 0x5c, 0xdf, 0x56, 0x80,
    0xff, 0xf0, 0x15, 0x2f, 0xd5, 0xa0, 0x3f, 0xfc,
    0x5, 0x4b, 0xf5, 0x68, 0xf, 0xff, 0x1, 0x52,
    0xfd, 0x5a, 0x20, 0x7f, 0xf7, 0xca, 0x97, 0x65,
    0x88, 0x81, 0xff, 0xdf, 0x29, 0xdd, 0xec, 0x44,
    0xf, 0xff, 0x2, 0x77, 0xc2, 0x7, 0xff, 0xfc,
    0xf, 0xfe, 0x1a, 0x77, 0xc2, 0x7, 0xff, 0x60,
    0xa7, 0x77, 0xb1, 0x10, 0x3f, 0xfa, 0xa5, 0x4b,
    0xb2, 0xc4, 0x40, 0xff, 0xea, 0x95, 0x2e, 0xca,
    0xd1, 0x3, 0xff, 0xaa, 0x54, 0xbf, 0x56, 0x88,
    0x1f, 0xfd, 0x52, 0xa5, 0xfa, 0xb4, 0x7, 0xff,
    0x3d, 0x46, 0x40, 0x8a, 0x9b, 0xea, 0xd0, 0x1f,
    0xfd, 0x53, 0x37, 0xf6, 0xac, 0x81, 0xff, 0xd7,

    /* U+F04C "" */
    0x3, 0xff, 0xce, 0xa6, 0xff, 0xff, 0x81, 0xa2,
    0x3, 0xca, 0x6f, 0xff, 0xf8, 0x1a, 0x20, 0x39,
    0x76, 0x40, 0xff, 0xe0, 0x17, 0xd0, 0x19, 0x76,
    0x40, 0xff, 0xe0, 0x17, 0xd0, 0x1f, 0xff, 0xf0,
    0x3f, 0xff, 0xe0, 0x7f, 0xff, 0xc0, 0xff, 0xff,
    0x81, 0xff, 0xff, 0x3, 0xff, 0xfe, 0x7, 0xff,
    0xfc, 0xf, 0x94, 0x82, 0x7, 0xff, 0x0, 0xc8,
    0x40, 0x65, 0x20, 0x81, 0xff, 0xc0, 0x32, 0x10,
    0x0,

    /* U+F04D "" */
    0x2, 0x53, 0x7f, 0xff, 0xd8, 0xd1, 0x1, 0xcb,
    0xb2, 0x7, 0xff, 0x60, 0xbe, 0x80, 0xff, 0xff,
    0x81, 0xff, 0xff, 0x3, 0xff, 0xfe, 0x7, 0xff,
    0xfc, 0xf, 0xff, 0xf8, 0x1f, 0xff, 0xf0, 0x3f,
    0xff, 0xe0, 0x7c, 0xbb, 0x20, 0x7f, 0xf6, 0xb,
    0xe8, 0x0,

    /* U+F051 "" */
    0x3, 0xff, 0xb4, 0x5e, 0xfd, 0xa2, 0x3, 0xff,
    0x86, 0x67, 0xfd, 0x50, 0x19, 0xe2, 0x0, 0xbb,
    0xaa, 0x20, 0x7f, 0xcc, 0xf, 0xfe, 0x41, 0x57,
    0x56, 0x40, 0xff, 0xea, 0xa9, 0xb2, 0x20, 0x3f,
    0xfa, 0xa5, 0xdd, 0x10, 0x1f, 0xfd, 0x52, 0xef,
    0xbc, 0x81, 0xff, 0xd5, 0x4a, 0x3, 0xff, 0xf0,
    0x53, 0x40, 0x7f, 0xf4, 0x4b, 0xba, 0xe2, 0x7,
    0xff, 0x38, 0xbd, 0x91, 0x1, 0xff, 0xcf, 0x53,
    0x64, 0x20, 0x7f, 0xf3, 0x8a, 0xba, 0xb2, 0x7,
    0xff, 0x25, 0xe2, 0x0, 0xbb, 0xaa, 0x20, 0x7f,
    0xcc, 0xf, 0xfe, 0x1, 0x7b, 0xf6, 0x88, 0xf,
    0xfe, 0x19, 0x9f, 0xf5, 0x40, 0x0,

    /* U+F052 "" */
    0x3, 0xff, 0x8e, 0x5d, 0xdf, 0xb5, 0x64, 0xf,
    0xfe, 0xc2, 0xba, 0x22, 0x0, 0xa9, 0xaa, 0x3,
    0xff, 0xa6, 0xa6, 0xa8, 0xf, 0xf2, 0xba, 0x20,
    0x3f, 0xf9, 0xa6, 0x6a, 0xc8, 0x1f, 0xfc, 0x22,
    0xee, 0x84, 0xf, 0xfe, 0x39, 0x77, 0x32, 0x7,
    0xff, 0x20, 0xbd, 0x59, 0x3, 0xff, 0x84, 0xae,
    0x88, 0xf, 0xfe, 0x72, 0x9a, 0xa0, 0x3f, 0x94,
    0xd5, 0x1, 0xff, 0xd4, 0x57, 0x44, 0x7, 0x2e,
    0xc8, 0x1f, 0xfd, 0x82, 0xfa, 0x3, 0x28, 0xc8,
    0x1f, 0xfd, 0x82, 0xe2, 0x3, 0x8c, 0xdf, 0xff,
    0xf6, 0x34, 0x20, 0x71, 0x7b, 0xff, 0xfe, 0xd6,
    0x64, 0xc, 0xf1, 0x3, 0xff, 0xb4, 0x73, 0x3,
    0xff, 0xd0, 0xf1, 0x3, 0xff, 0xb4, 0x73, 0x0,

    /* U+F053 "" */
    0x3, 0xff, 0x90, 0x9d, 0xa8, 0x80, 0xff, 0xe4,
    0xa9, 0xac, 0x48, 0xed, 0x20, 0x3f, 0xf8, 0x8a,
    0x6a, 0xc8, 0x18, 0xbe, 0x80, 0xff, 0xe0, 0xa9,
    0xab, 0x20, 0x62, 0xee, 0x88, 0xf, 0xf9, 0x4d,
    0x59, 0x3, 0x17, 0x74, 0x40, 0x7f, 0xca, 0x6a,
    0xc8, 0x18, 0xbb, 0xa2, 0x3, 0xfe, 0x33, 0x56,
    0x40, 0xc5, 0x5d, 0x10, 0x1f, 0xfc, 0xd2, 0x7,
    0xff, 0x18, 0xcd, 0x51, 0x3, 0x17, 0x74, 0x20,
    0x7f, 0xf1, 0x55, 0xd5, 0x10, 0x31, 0x7b, 0x21,
    0x3, 0xff, 0x8a, 0xae, 0xa8, 0x81, 0x8b, 0xd9,
    0x8, 0x1f, 0xfc, 0x55, 0x75, 0x44, 0xc, 0x5e,
    0xc8, 0x40, 0xff, 0xe2, 0xab, 0xaa, 0x20, 0x62,
    0xe2, 0x3, 0xff, 0x8e, 0xae, 0xad, 0x23, 0xb1,
    0x0,

    /* U+F054 "" */
    0x3, 0x29, 0x69, 0x90, 0x3f, 0xf9, 0x4a, 0xd3,
    0x49, 0x36, 0x42, 0x7, 0xff, 0x1d, 0x74, 0x40,
    0xc5, 0xec, 0x84, 0xf, 0xfe, 0x2a, 0xba, 0xa2,
    0x6, 0x2f, 0x64, 0x20, 0x7f, 0xf1, 0x55, 0xd5,
    0x10, 0x31, 0x7b, 0x21, 0x3, 0xff, 0x8a, 0xae,
    0xa8, 0x81, 0x8b, 0xd9, 0x10, 0x1f, 0xfc, 0x55,
    0x75, 0x44, 0xc, 0x5d, 0xcc, 0x81, 0xff, 0xc6,
    0x20, 0x7f, 0x70, 0x3f, 0xf8, 0x6a, 0x6a, 0xc8,
    0x18, 0xab, 0xa1, 0x3, 0xfe, 0x53, 0x56, 0x40,
    0xc5, 0x5d, 0x50, 0x1f, 0xf2, 0x9a, 0xb2, 0x6,
    0x2a, 0xea, 0x80, 0xff, 0x94, 0xd5, 0x90, 0x31,
    0x57, 0x54, 0x7, 0xff, 0x5, 0xf6, 0x40, 0xc5,
    0xdd, 0x50, 0x1f, 0xfc, 0x47, 0x21, 0x94, 0xee,
    0x88, 0xf, 0xfe, 0x28,

    /* U+F067 "" */
    0x3, 0xff, 0x8e, 0xa7, 0xfe, 0x88, 0xf, 0xfe,
    0xc9, 0xc8, 0xf, 0x2c, 0x40, 0xff, 0xff, 0x81,
    0xff, 0xff, 0x3, 0xff, 0x86, 0x53, 0x69, 0x3f,
    0xea, 0x88, 0x1e, 0x2a, 0xc9, 0xff, 0x36, 0x44,
    0xe, 0x52, 0xc8, 0x6f, 0xff, 0x80, 0x40, 0xfc,
    0x5b, 0xff, 0xe0, 0x48, 0xb1, 0x1, 0xff, 0xe8,
    0x52, 0xc8, 0x6f, 0xff, 0x80, 0x40, 0xfc, 0x5b,
    0xff, 0xe0, 0x48, 0xb1, 0x1, 0xc5, 0x36, 0x93,
    0xfe, 0xa8, 0x81, 0xe2, 0xac, 0x9f, 0xf3, 0x64,
    0x40, 0xff, 0xff, 0x81, 0xff, 0xff, 0x3, 0xff,
    0x86, 0x72, 0x3, 0xcb, 0x10, 0x3f, 0xf8, 0xc0,

    /* U+F068 "" */
    0x3, 0x8a, 0x5f, 0xfd, 0x82, 0x7, 0xc6, 0x7d,
    0x6f, 0xff, 0x63, 0x78, 0x40, 0xcc, 0x81, 0xff,
    0xdc, 0x2c, 0xc, 0xbc, 0x4b, 0xff, 0xb5, 0x3a,
    0x0,

    /* U+F06E "" */
    0x3, 0xff, 0x8c, 0x53, 0x96, 0xb6, 0x7f, 0xfb,
    0x65, 0xa8, 0xd1, 0x3, 0xff, 0xa6, 0x9d, 0xdf,
    0x58, 0xd2, 0x10, 0x9b, 0xf2, 0x5, 0x23, 0x97,
    0x7d, 0x5a, 0x3, 0xff, 0x94, 0x5e, 0xf6, 0x22,
    0x4, 0x5d, 0xfd, 0xac, 0x9e, 0xbb, 0xf5, 0x64,
    0x8, 0xa9, 0x7e, 0x64, 0xf, 0xfe, 0x19, 0x7b,
    0x21, 0x3, 0xce, 0xe8, 0x80, 0xca, 0x7f, 0x6b,
    0x11, 0x53, 0x56, 0x7, 0x8c, 0xd8, 0xc8, 0x1f,
    0xe5, 0x34, 0x20, 0x7c, 0x64, 0x20, 0x3f, 0x10,
    0x22, 0x9d, 0xf0, 0x85, 0x20, 0x81, 0xf1, 0x9a,
    0x20, 0x3c, 0x64, 0x30, 0x3f, 0x8a, 0x40, 0x5,
    0xc9, 0x5d, 0x50, 0x1f, 0x17, 0x48, 0x4, 0x84,
    0xf, 0xe7, 0x20, 0x81, 0xff, 0xcb, 0xed, 0xc8,
    0x81, 0xff, 0xc5, 0x20, 0x7f, 0xf1, 0x4c, 0x86,
    0x7, 0xf1, 0x48, 0x0, 0xd6, 0x40, 0xff, 0xe0,
    0x17, 0x48, 0x4, 0x80, 0x7f, 0x9c, 0x82, 0x7,
    0x94, 0xd0, 0x81, 0xf1, 0x90, 0x81, 0x9a, 0xb4,
    0x40, 0xc5, 0x3b, 0xe1, 0xa, 0x41, 0x3, 0xe3,
    0x34, 0x40, 0x7f, 0x8b, 0xd9, 0x10, 0x1e, 0x77,
    0x44, 0x14, 0xbb, 0xfd, 0xac, 0x45, 0x4d, 0x58,
    0x1e, 0x2f, 0x63, 0x20, 0x7f, 0xf0, 0xcb, 0xbe,
    0xc4, 0x40, 0x8b, 0xbf, 0xb5, 0x93, 0xd7, 0x7e,
    0xac, 0x81, 0x15, 0x2f, 0xd0, 0x81, 0xff, 0xca,
    0x4e, 0xef, 0xac, 0x69, 0x8, 0x4d, 0xf9, 0x2,
    0x91, 0xcb, 0xbe, 0xad, 0x1, 0xff, 0xc1,

    /* U+F070 "" */
    0x2, 0x33, 0x7d, 0x11, 0x3, 0xff, 0xda, 0x6a,
    0x20, 0xbb, 0xb2, 0x20, 0x3f, 0xfd, 0x46, 0x6c,
    0x88, 0x8, 0xbb, 0xf4, 0x40, 0x45, 0x39, 0x17,
    0x67, 0xff, 0xb6, 0x5a, 0x8d, 0x10, 0x3f, 0xf9,
    0xc5, 0xdf, 0xa2, 0x2, 0x2e, 0xff, 0x6b, 0x1b,
    0x22, 0x13, 0x7e, 0x40, 0xa4, 0x72, 0xef, 0xab,
    0x40, 0x7f, 0xf3, 0x4b, 0xbe, 0xb2, 0x7, 0xe2,
    0xf7, 0xd6, 0x4f, 0x5d, 0xfa, 0xb2, 0x4, 0x54,
    0xbf, 0x32, 0x7, 0xff, 0x35, 0x4d, 0xeb, 0x20,
    0x62, 0xfd, 0x65, 0x4f, 0xed, 0x62, 0x2a, 0x6a,
    0xc0, 0xf1, 0x9b, 0x19, 0x3, 0xff, 0x88, 0xa6,
    0xf5, 0x90, 0x25, 0x37, 0xac, 0x80, 0x2a, 0x6a,
    0xc0, 0x8a, 0x77, 0xc2, 0x14, 0x82, 0x7, 0xc6,
    0x68, 0x80, 0xff, 0xe0, 0x19, 0xc, 0x85, 0x37,
    0xac, 0x81, 0x29, 0xb2, 0xb2, 0x7, 0xfc, 0x5d,
    0x20, 0x12, 0x10, 0x3f, 0x9c, 0x82, 0x7, 0xff,
    0x21, 0x4d, 0x8c, 0x81, 0x15, 0x36, 0x54, 0x40,
    0xff, 0xe1, 0x90, 0x3f, 0xf9, 0x66, 0x43, 0x3,
    0xf8, 0xd4, 0x40, 0xf1, 0x57, 0x64, 0x44, 0xe,
    0x7e, 0x3a, 0x80, 0xfe, 0x2f, 0xc2, 0x7, 0xff,
    0x1, 0x4d, 0x8, 0x1f, 0x19, 0x8, 0xf, 0xe2,
    0xee, 0xc8, 0x80, 0x8b, 0x8c, 0x81, 0xf1, 0x9e,
    0x10, 0x3f, 0xf8, 0x85, 0xec, 0x64, 0xf, 0x2b,
    0xa2, 0x3, 0xfc, 0x5d, 0xfa, 0x20, 0x3f, 0x95,
    0xcc, 0x81, 0xff, 0xc9, 0x33, 0x7b, 0x11, 0x2,
    0x2e, 0xfe, 0xd6, 0x4e, 0x68, 0x80, 0x2e, 0xfd,
    0x10, 0x1c, 0xad, 0x32, 0x7, 0xff, 0x35, 0x3b,
    0xbe, 0xb1, 0xa4, 0x21, 0x37, 0xd2, 0xf8, 0x80,
    0xc5, 0xdf, 0x59, 0x2, 0x53, 0x65, 0x64, 0xf,
    0xfe, 0x71, 0x4e, 0x5a, 0xd9, 0xff, 0xed, 0x10,
    0x1f, 0x94, 0xde, 0xb2, 0x0, 0xa9, 0xb1, 0x90,
    0x3f, 0xfd, 0x4a, 0x6c, 0xac, 0x82, 0x90, 0x80,

    /* U+F071 "" */
    0x3, 0xff, 0x9a, 0x5d, 0xdf, 0xb5, 0x64, 0xf,
    0xff, 0x2b, 0x90, 0x88, 0x2, 0xa4, 0x30, 0x3f,
    0xfc, 0x4a, 0xc4, 0x7, 0xe5, 0x2a, 0x3, 0xff,
    0xbc, 0x64, 0x20, 0x3f, 0xf8, 0xa, 0x41, 0x3,
    0xff, 0xb4, 0x5f, 0x64, 0xf, 0xfe, 0x11, 0x7d,
    0x90, 0x3f, 0xfa, 0xee, 0x41, 0x3, 0x93, 0x7e,
    0x20, 0x71, 0x90, 0xc0, 0xff, 0xea, 0x2b, 0x10,
    0x1e, 0x3a, 0x4f, 0x52, 0x7, 0x94, 0xa8, 0xf,
    0xfe, 0x81, 0x90, 0x80, 0xff, 0xe7, 0x29, 0x4,
    0xf, 0xfe, 0x61, 0x7d, 0x90, 0x3f, 0xfa, 0x5,
    0xf6, 0x40, 0xff, 0xe4, 0xa9, 0x4, 0xf, 0xfe,
    0xa1, 0x90, 0x80, 0xff, 0xe3, 0x29, 0x50, 0x1f,
    0xfc, 0x13, 0x6a, 0x4d, 0x68, 0x81, 0xff, 0xc1,
    0x56, 0x20, 0x3f, 0xf8, 0x46, 0x43, 0x3, 0xff,
    0x88, 0xfd, 0x91, 0x7b, 0x3, 0xff, 0x88, 0xe4,
    0x10, 0x3f, 0xc5, 0xf6, 0x40, 0xff, 0xe2, 0x3e,
    0x88, 0x2, 0xbb, 0x3, 0xff, 0x88, 0x5f, 0x60,
    0x7e, 0x52, 0x8, 0x1f, 0xfc, 0x67, 0xd9, 0x0,
    0x5f, 0x60, 0x7f, 0xf1, 0x8c, 0xa8, 0xe, 0x59,
    0x1, 0xff, 0xc9, 0x53, 0x7e, 0xd1, 0x1, 0xff,
    0xc9, 0x59, 0x1, 0x95, 0x64, 0xf, 0xff, 0x21,
    0x75, 0x0,

    /* U+F074 "" */
    0x3, 0xff, 0xfe, 0x7, 0xff, 0x14, 0xcd, 0xf4,
    0x40, 0x7f, 0xf8, 0xd9, 0x20, 0x5d, 0xd1, 0x1,
    0xf9, 0x5f, 0xff, 0xec, 0xc8, 0x1f, 0xfc, 0x2,
    0xf7, 0xfd, 0x50, 0x1c, 0x5d, 0xd0, 0x81, 0xff,
    0xc6, 0x33, 0x56, 0x40, 0xf1, 0x77, 0x42, 0x7,
    0xff, 0xc, 0xaa, 0x40, 0xcf, 0xc8, 0x6f, 0xc8,
    0xe, 0x53, 0xb0, 0x25, 0x74, 0x40, 0x72, 0x6c,
    0x88, 0x1f, 0x29, 0xe1, 0x3, 0x14, 0xda, 0x4f,
    0x5d, 0x10, 0x5, 0x7b, 0x53, 0x54, 0x7, 0x29,
    0xac, 0x8e, 0xc0, 0xca, 0x6a, 0xc8, 0x1f, 0xfc,
    0x52, 0xef, 0xea, 0xee, 0xac, 0x81, 0x8c, 0xd5,
    0x90, 0x25, 0x2c, 0xba, 0xb2, 0x7, 0xff, 0x2c,
    0xbd, 0x8c, 0x81, 0x8b, 0xd8, 0xc8, 0x1f, 0xfd,
    0x72, 0xee, 0x84, 0xc, 0x5d, 0xd5, 0xdf, 0xd5,
    0x90, 0x25, 0x2c, 0xba, 0xb2, 0x7, 0xf1, 0x4d,
    0xa4, 0xf5, 0xd1, 0x1, 0xca, 0xe8, 0x9f, 0xa8,
    0x2, 0x9a, 0xc8, 0xec, 0xc, 0xa6, 0xac, 0x81,
    0xe7, 0xe4, 0x37, 0xe4, 0x7, 0x29, 0xaa, 0x2,
    0x7e, 0x20, 0x39, 0x36, 0x44, 0xf, 0x94, 0xf0,
    0x81, 0xff, 0xc5, 0x33, 0x56, 0x40, 0xf1, 0x77,
    0x42, 0x7, 0xff, 0xc, 0xaa, 0x40, 0xca, 0xff,
    0xff, 0x66, 0x40, 0xff, 0xe0, 0x17, 0xbf, 0xea,
    0x80, 0xe2, 0xee, 0x84, 0xf, 0xfe, 0xeb, 0x24,
    0xb, 0xba, 0x20, 0x3f, 0xfc, 0x6, 0x6f, 0xa2,
    0x3, 0xf8,

    /* U+F077 "" */
    0x3, 0xff, 0xf0, 0xa6, 0xfd, 0xa2, 0x3, 0xff,
    0xb2, 0xa6, 0xac, 0x80, 0x2e, 0xe8, 0x80, 0xff,
    0xe9, 0xa9, 0xab, 0x20, 0x7e, 0x2e, 0xe8, 0x80,
    0xff, 0xe6, 0xa9, 0xab, 0x20, 0x62, 0xe4, 0x32,
    0x6, 0x2e, 0xe8, 0x80, 0xff, 0xe3, 0xa9, 0xab,
    0x20, 0x62, 0xee, 0x8d, 0xa6, 0xac, 0x81, 0x8b,
    0xba, 0x20, 0x3f, 0xf8, 0x2a, 0x6a, 0xc8, 0x18,
    0xbb, 0xa2, 0x3, 0xca, 0x6a, 0xc8, 0x18, 0xbb,
    0xa2, 0x3, 0xf2, 0xb4, 0xc8, 0x18, 0xbb, 0xa2,
    0x3, 0xff, 0x80, 0xa6, 0xac, 0x81, 0x8b, 0xb4,
    0x80, 0xf2, 0xec, 0x80, 0x2e, 0xe8, 0x80, 0xff,
    0xe3, 0x29, 0xab, 0x20, 0xb, 0xe8, 0xf, 0x94,
    0xdf, 0xb4, 0x40, 0x7f, 0xf3, 0x14, 0xdf, 0xb4,
    0x40, 0x60,

    /* U+F078 "" */
    0x3, 0xff, 0xd0, 0xa6, 0xfd, 0xa2, 0x3, 0xff,
    0x98, 0xa6, 0xfd, 0xa2, 0x3, 0xe5, 0xd9, 0x0,
    0x5d, 0xd1, 0x1, 0xff, 0xc6, 0x53, 0x56, 0x40,
    0x17, 0xd0, 0x1e, 0x56, 0x99, 0x3, 0x17, 0x74,
    0x40, 0x7f, 0xf0, 0x14, 0xd5, 0x90, 0x31, 0x76,
    0x90, 0x1f, 0x94, 0xd5, 0x90, 0x31, 0x77, 0x44,
    0x7, 0x94, 0xd5, 0x90, 0x31, 0x77, 0x44, 0x7,
    0xff, 0x5, 0x4d, 0x59, 0x3, 0x17, 0x74, 0x49,
    0x35, 0x64, 0xc, 0x5d, 0xd1, 0x1, 0xff, 0xc7,
    0x53, 0x56, 0x40, 0xc5, 0xda, 0x64, 0xc, 0x5d,
    0xd1, 0x1, 0xff, 0xcd, 0x53, 0x56, 0x40, 0xfc,
    0x5d, 0xd1, 0x1, 0xff, 0xd3, 0x53, 0x56, 0x40,
    0x17, 0x74, 0x40, 0x7f, 0xf6, 0x54, 0xdf, 0xb4,
    0x40, 0x7f, 0xf2, 0x0,

    /* U+F079 "" */
    0x3, 0xff, 0xfe, 0x1, 0x4d, 0xfb, 0x44, 0x7,
    0xff, 0xad, 0x4d, 0x59, 0x0, 0x5d, 0xd1, 0x1,
    0x95, 0xff, 0xff, 0x99, 0xa1, 0x3, 0xff, 0x88,
    0xa6, 0xac, 0x81, 0xf8, 0xbb, 0xa2, 0xb, 0xa2,
    0x7, 0xff, 0x28, 0x93, 0x3, 0xff, 0x84, 0xf5,
    0x64, 0x1, 0x30, 0x18, 0x98, 0x1, 0x77, 0x35,
    0x77, 0xff, 0xfc, 0x5a, 0x80, 0xff, 0xe4, 0x2a,
    0x8a, 0x77, 0x46, 0x6, 0x73, 0x56, 0x8a, 0xa8,
    0xf, 0xfe, 0xf1, 0x77, 0x58, 0x80, 0xff, 0x29,
    0x75, 0x64, 0xf, 0xff, 0xf8, 0x1f, 0xff, 0x92,
    0xee, 0xb1, 0x1, 0xfe, 0x52, 0xea, 0xc8, 0x1f,
    0xfd, 0xe5, 0x51, 0x4e, 0xe8, 0xc0, 0xce, 0x6a,
    0xd1, 0x55, 0x1, 0xff, 0xc8, 0x57, 0xff, 0xfe,
    0x2e, 0xa9, 0xea, 0xc8, 0x2, 0x60, 0x31, 0x30,
    0x2, 0xee, 0x60, 0x7f, 0xf0, 0x99, 0x20, 0x3f,
    0xf9, 0x45, 0x74, 0x14, 0xd5, 0x90, 0x3f, 0x17,
    0x74, 0x40, 0x7f, 0xf1, 0xc, 0xdf, 0xff, 0xf3,
    0x2a, 0x3, 0x29, 0xab, 0x20, 0xb, 0xba, 0x20,
    0x3f, 0xfd, 0x6a, 0x6f, 0xda, 0x20, 0x3f, 0xe0,

    /* U+F07B "" */
    0x2, 0x53, 0x7f, 0xff, 0xc4, 0xd5, 0x1, 0xff,
    0xd3, 0x5d, 0x90, 0x3f, 0xf8, 0x85, 0x5d, 0x50,
    0x1f, 0xfe, 0x72, 0xaf, 0xff, 0xfc, 0x8d, 0x10,
    0x1f, 0xfe, 0x72, 0xfa, 0x3, 0xff, 0xfe, 0x7,
    0xff, 0xfc, 0xf, 0xff, 0xf8, 0x1f, 0xff, 0xf0,
    0x3f, 0xff, 0xe0, 0x7c, 0xbb, 0x20, 0x7f, 0xf7,
    0x8b, 0xe8, 0x0,

    /* U+F093 "" */
    0x3, 0xff, 0x96, 0x5d, 0xd9, 0x59, 0x3, 0xff,
    0xbe, 0x5d, 0xd1, 0x12, 0x53, 0x56, 0x40, 0xff,
    0xec, 0x97, 0x74, 0x40, 0x7e, 0x53, 0x56, 0x40,
    0xff, 0xe9, 0x97, 0x74, 0x40, 0x7f, 0xf0, 0x94,
    0xd5, 0x90, 0x3f, 0xf9, 0xa5, 0xdd, 0x10, 0x1f,
    0xfc, 0x85, 0x35, 0x64, 0xf, 0xfe, 0x4a, 0xb1,
    0x1, 0xff, 0xce, 0x52, 0xa0, 0x3f, 0xf9, 0xa,
    0x7f, 0xfa, 0xa0, 0x3f, 0xca, 0xff, 0xfa, 0x20,
    0x3f, 0xff, 0xe0, 0x7f, 0xff, 0xc0, 0xff, 0xff,
    0x81, 0x19, 0xbf, 0xff, 0xe0, 0x56, 0x19, 0x20,
    0x3f, 0x12, 0x61, 0xdf, 0xff, 0xf8, 0x1a, 0x10,
    0x33, 0x24, 0x7, 0xff, 0x1, 0x58, 0xee, 0xff,
    0xf6, 0xae, 0x54, 0x7, 0xff, 0x0, 0x93, 0x3,
    0xff, 0x90, 0x5d, 0xdf, 0xff, 0xb5, 0x64, 0xf,
    0xff, 0x4a, 0xbe, 0xa0, 0xaf, 0xa8, 0xf, 0xf3,
    0x24, 0x7, 0xff, 0x49, 0x5f, 0x50, 0x57, 0xd4,
    0x4, 0x49, 0x80,

    /* U+F095 "" */
    0x3, 0xff, 0xfe, 0x7, 0xff, 0xd, 0x5f, 0xed,
    0x6a, 0x43, 0x48, 0x40, 0xff, 0xed, 0x17, 0x10,
    0x11, 0x48, 0xda, 0x5a, 0xd5, 0x1, 0xff, 0xd7,
    0x36, 0x10, 0x3f, 0xfc, 0xaa, 0x30, 0x3f, 0xf8,
    0x44, 0x98, 0x1f, 0xfd, 0x52, 0x4c, 0xf, 0xfe,
    0x1b, 0xc4, 0xf, 0xfe, 0xa9, 0x7b, 0x22, 0x3,
    0xfe, 0x39, 0x81, 0xff, 0xd9, 0x2e, 0xd3, 0x3,
    0xf1, 0xa8, 0x81, 0xff, 0xdb, 0x7d, 0x81, 0xf2,
    0xac, 0x81, 0xff, 0xd9, 0x2e, 0xc4, 0x7, 0x8b,
    0x8c, 0xf, 0xfe, 0x49, 0x20, 0x3f, 0xf8, 0x4a,
    0x78, 0x80, 0xf9, 0xc8, 0x20, 0x7f, 0xf0, 0x8a,
    0x72, 0xef, 0xdb, 0x50, 0x81, 0xf1, 0x77, 0xd6,
    0x40, 0xf1, 0x7a, 0x20, 0x3f, 0xe2, 0xae, 0xfa,
    0xc6, 0x88, 0x18, 0xbd, 0x5a, 0x49, 0x7e, 0x88,
    0xf, 0x8a, 0xba, 0x10, 0x3f, 0xf8, 0x59, 0x10,
    0x3f, 0xf8, 0x4a, 0x5a, 0x68, 0xf, 0xc5, 0xdd,
    0x50, 0x1f, 0xfc, 0x43, 0x90, 0x1f, 0xfc, 0xd2,
    0xee, 0xc8, 0x80, 0xff, 0xe4, 0x2c, 0x40, 0xff,
    0xe3, 0x14, 0xe6, 0xfa, 0x22, 0x7, 0xff, 0x31,
    0x52, 0x7, 0x89, 0x92, 0x39, 0x6b, 0x7d, 0x63,
    0x20, 0x7f, 0xf3, 0x40,

    /* U+F0C4 "" */
    0x3, 0x8a, 0x97, 0x7f, 0xb5, 0x88, 0x81, 0xff,
    0xc4, 0x29, 0xbc, 0x88, 0x1f, 0x8c, 0xf5, 0xa2,
    0x6, 0x29, 0xdf, 0x8, 0x1f, 0xe2, 0xae, 0xcb,
    0x26, 0xbb, 0x21, 0x3, 0x1a, 0xc8, 0x2, 0xf7,
    0xec, 0xc8, 0x2, 0xe9, 0x3, 0xc5, 0xdd, 0x51,
    0x3, 0xc5, 0xf8, 0x40, 0xff, 0xe7, 0x97, 0x74,
    0x40, 0x7c, 0x5e, 0xc8, 0x40, 0xf1, 0xac, 0x80,
    0x2f, 0x7e, 0xcc, 0x81, 0x95, 0x6d, 0x74, 0x40,
    0x7c, 0x5e, 0xc8, 0x40, 0xff, 0x19, 0xeb, 0x44,
    0xf, 0xf1, 0x72, 0x10, 0x1f, 0x17, 0xb2, 0x10,
    0x3f, 0xf8, 0x65, 0x4b, 0xbf, 0xb4, 0x40, 0x7f,
    0xf0, 0x4b, 0xd9, 0x8, 0x1f, 0xff, 0x62, 0xa5,
    0xdf, 0xda, 0x20, 0x3f, 0xf8, 0x25, 0xec, 0x84,
    0xf, 0xfe, 0x21, 0x9e, 0xb4, 0x40, 0xff, 0x17,
    0x21, 0x1, 0xf1, 0x7b, 0x21, 0x3, 0xff, 0x80,
    0x6b, 0x20, 0xb, 0xdf, 0xb3, 0x20, 0x65, 0x5b,
    0x5d, 0x10, 0x1f, 0x17, 0xb2, 0x10, 0x3f, 0xfa,
    0x85, 0xdd, 0x10, 0x1f, 0x17, 0xb2, 0x10, 0x3c,
    0x6b, 0x20, 0xb, 0xdf, 0xb3, 0x20, 0xb, 0xa4,
    0xf, 0x17, 0x75, 0x44, 0xf, 0x17, 0xe1, 0x3,
    0x8c, 0xf5, 0xa2, 0x6, 0x29, 0xdf, 0x8, 0x1f,
    0xe2, 0xae, 0xcb, 0x26, 0xbb, 0x21, 0x0,

    /* U+F0C5 "" */
    0x3, 0xff, 0x84, 0x66, 0xff, 0xff, 0x87, 0x50,
    0x53, 0x54, 0x7, 0xff, 0x29, 0x92, 0x3, 0xff,
    0x8e, 0x49, 0x5d, 0x50, 0x1f, 0xfe, 0x12, 0xae,
    0x84, 0xc, 0x66, 0xff, 0xd5, 0x1, 0xff, 0xc7,
    0x64, 0x95, 0xff, 0xda, 0x10, 0x33, 0x24, 0x7,
    0xff, 0x3c, 0xcd, 0xff, 0xf5, 0x40, 0x7f, 0xff,
    0xc0, 0xff, 0xff, 0x81, 0xff, 0xff, 0x3, 0xff,
    0xfe, 0x7, 0xff, 0x98, 0x86, 0x48, 0xf, 0xfe,
    0x71, 0x26, 0x7, 0xff, 0x5, 0x58, 0xee, 0xff,
    0xff, 0x9d, 0xa1, 0x3, 0xff, 0x84, 0x5d, 0xdf,
    0xff, 0xf1, 0x2a, 0x3, 0xff, 0x88, 0xc9, 0x1,
    0xff, 0xce, 0x24, 0xc0, 0xff, 0xe1, 0x0,

    /* U+F0C7 "" */
    0x2, 0x53, 0x7f, 0xff, 0xd0, 0xd1, 0x1, 0xff,
    0xc1, 0x5d, 0x90, 0x3f, 0xfa, 0x5, 0xdd, 0x50,
    0x1f, 0xfc, 0x45, 0x7f, 0xff, 0xe5, 0x44, 0x4,
    0x55, 0xd5, 0x1, 0xff, 0xd9, 0x20, 0x7c, 0x55,
    0xcc, 0x81, 0xff, 0xe1, 0x39, 0x81, 0xff, 0xee,
    0x57, 0xff, 0xfe, 0x55, 0x40, 0x7f, 0xff, 0xc0,
    0xf2, 0x9b, 0xfd, 0xa2, 0x3, 0xff, 0xb0, 0x65,
    0x64, 0xc, 0x5d, 0x84, 0xf, 0xff, 0xf8, 0x1f,
    0x19, 0x59, 0x3, 0x17, 0x61, 0x3, 0xff, 0xb0,
    0xa6, 0xff, 0x68, 0x80, 0xff, 0xe4, 0xae, 0xc8,
    0x1f, 0xfd, 0x82, 0xfa, 0x0,

    /* U+F0C9 "" */
    0x3, 0xc4, 0xff, 0xf6, 0x0, 0xfc, 0xaf, 0xed,
    0xbf, 0xfb, 0x1f, 0xaa, 0x3, 0xff, 0xd0, 0xaf,
    0xed, 0xbf, 0xfb, 0x1f, 0xaa, 0x3, 0xf1, 0x3f,
    0xfd, 0x80, 0x3f, 0xf8, 0x4, 0xff, 0xf6, 0x0,
    0xfc, 0xaf, 0xed, 0xbf, 0xfb, 0x1f, 0xaa, 0x3,
    0xff, 0xd0, 0xaf, 0xed, 0xbf, 0xfb, 0x1f, 0xaa,
    0x3, 0xf1, 0x3f, 0xfd, 0x80, 0x3f, 0xf8, 0x4,
    0xff, 0xf6, 0x0, 0xfc, 0xaf, 0xed, 0xbf, 0xfb,
    0x1f, 0xaa, 0x3, 0xff, 0xd0, 0xaf, 0xed, 0xbf,
    0xfb, 0x1f, 0xaa, 0x0,

    /* U+F0E0 "" */
    0x2, 0x53, 0x7f, 0xff, 0xde, 0xd1, 0x1, 0xcb,
    0xb2, 0x7, 0xff, 0x78, 0xbe, 0x80, 0xcf, 0x10,
    0x3f, 0xfc, 0x7, 0x30, 0x31, 0x7b, 0x2b, 0x20,
    0x7f, 0xf6, 0xb, 0xbb, 0x19, 0x3, 0x2b, 0xa1,
    0xbb, 0x2b, 0x20, 0x7f, 0xf4, 0xb, 0xbb, 0x29,
    0x9a, 0xa0, 0x3c, 0x54, 0xd9, 0xd, 0xd9, 0x59,
    0x3, 0xff, 0x90, 0x5d, 0xd9, 0x4c, 0xd9, 0x11,
    0x3, 0xff, 0x80, 0x54, 0xd9, 0xd, 0xd9, 0x59,
    0x3, 0xff, 0x80, 0x5d, 0xd9, 0x4c, 0xd9, 0x11,
    0x3, 0xff, 0x90, 0x54, 0xde, 0x1b, 0xbd, 0x68,
    0x80, 0x29, 0xdf, 0xa9, 0x9f, 0x44, 0x40, 0xff,
    0xe8, 0xa9, 0xbd, 0xd9, 0x37, 0xed, 0x36, 0x5f,
    0xa2, 0x3, 0xff, 0xb4, 0x9d, 0xdf, 0xed, 0x5a,
    0x3, 0xff, 0xfe, 0x1, 0x76, 0x40, 0xff, 0xef,
    0x17, 0xd0, 0x0,

    /* U+F0E7 "" */
    0x3, 0x8c, 0xdf, 0xff, 0xf0, 0xb4, 0x20, 0x7f,
    0xf1, 0x12, 0x10, 0x3f, 0xf8, 0x7c, 0x81, 0xff,
    0xc3, 0x3c, 0x81, 0xff, 0xc2, 0x35, 0x1, 0xff,
    0xc4, 0x44, 0xf, 0xfe, 0x11, 0xa8, 0x81, 0xff,
    0xc3, 0x3d, 0x81, 0xff, 0xc1, 0x35, 0x10, 0x3f,
    0xf8, 0x8c, 0x90, 0x1f, 0xfc, 0x13, 0x37, 0xff,
    0xda, 0x10, 0x38, 0xb0, 0x3f, 0xf9, 0xcf, 0x10,
    0x31, 0xe4, 0xf, 0xfe, 0x61, 0x90, 0x80, 0xf8,
    0x81, 0xff, 0xca, 0x2f, 0xb2, 0x7, 0x8c, 0xdf,
    0xff, 0xaa, 0x3, 0xf9, 0xc8, 0x20, 0x7f, 0xf2,
    0xe, 0x40, 0x7c, 0xac, 0x40, 0x7f, 0xf2, 0x4a,
    0x40, 0x3c, 0x64, 0x20, 0x3f, 0xf9, 0x6f, 0x10,
    0x31, 0x7d, 0x90, 0x3f, 0xf9, 0x6b, 0x20, 0x32,
    0x90, 0x40, 0xff, 0xe6, 0x1c, 0x80, 0x94, 0xa8,
    0xf, 0xfe, 0x91, 0x90, 0xc0, 0xff, 0xe2, 0x80,

    /* U+F0EA "" */
    0x3, 0xff, 0x82, 0xa6, 0xcf, 0xed, 0x10, 0x1f,
    0xfc, 0xf3, 0x37, 0xff, 0xab, 0xa, 0x43, 0xe,
    0xff, 0xfb, 0x42, 0x7, 0xff, 0x11, 0x92, 0x3,
    0xff, 0x9c, 0x49, 0x81, 0xff, 0xd1, 0x2e, 0x43,
    0x20, 0x7f, 0xf7, 0x8b, 0xbb, 0xff, 0xfe, 0xd,
    0x40, 0x7f, 0xf4, 0x15, 0x8e, 0xef, 0xff, 0xf8,
    0x15, 0x5, 0x35, 0x40, 0x7f, 0xf2, 0xc8, 0x64,
    0x80, 0xff, 0xe2, 0x12, 0x57, 0x54, 0x7, 0xff,
    0x84, 0xab, 0xa1, 0x3, 0xff, 0xac, 0xc9, 0x2b,
    0xff, 0xb4, 0x20, 0x7f, 0xf5, 0x8c, 0xdf, 0xff,
    0x54, 0x7, 0xff, 0xfc, 0xf, 0xfe, 0x6b, 0x24,
    0x7, 0xff, 0x84, 0xcd, 0xff, 0xf5, 0x40, 0x7f,
    0xff, 0xc0, 0xff, 0xe5, 0x32, 0x40, 0x7f, 0xf2,
    0xc9, 0x30, 0x0,

    /* U+F0F3 "" */
    0x3, 0xff, 0x90, 0x5e, 0xfd, 0x99, 0x3, 0xff,
    0xb6, 0x55, 0x20, 0xd, 0x44, 0xf, 0xfe, 0xaa,
    0x97, 0xf6, 0x84, 0xc, 0x66, 0xfd, 0xa2, 0x20,
    0x7f, 0xf3, 0x15, 0xf5, 0xa0, 0x3f, 0xf8, 0x45,
    0xdd, 0x50, 0x1f, 0xfc, 0x83, 0x2a, 0x3, 0xff,
    0x94, 0xa4, 0x10, 0x3f, 0xf8, 0xa6, 0xb0, 0x3f,
    0xf9, 0xa5, 0x52, 0x7, 0xff, 0x11, 0x90, 0x3f,
    0xf9, 0xe4, 0x98, 0x1f, 0xfc, 0x42, 0x7, 0xff,
    0x48, 0x81, 0xff, 0xc3, 0x3d, 0x1, 0xff, 0xd0,
    0x5c, 0x81, 0xff, 0xc1, 0x35, 0x1, 0xff, 0xd2,
    0x54, 0x81, 0xff, 0x38, 0xc8, 0x1f, 0xfd, 0x22,
    0xe3, 0x3, 0xe2, 0xf4, 0x40, 0x7f, 0xf5, 0x94,
    0xcc, 0x81, 0xff, 0xe8, 0x2f, 0x7f, 0xff, 0xda,
    0xcc, 0x81, 0xff, 0xc7, 0x33, 0xff, 0xf4, 0x20,
    0x7f, 0xf5, 0x8c, 0xac, 0x81, 0x8b, 0xb0, 0x81,
    0xff, 0xc5,

    /* U+F11C "" */
    0x2, 0x53, 0x7f, 0xff, 0xe4, 0xd1, 0x1, 0xcb,
    0xb2, 0x7, 0xff, 0x90, 0xbe, 0x80, 0xff, 0x2b,
    0xfe, 0xa8, 0x2b, 0xfe, 0xa8, 0x2b, 0xfe, 0xa8,
    0x2b, 0xfe, 0xa8, 0x2b, 0xfe, 0xa8, 0xf, 0xff,
    0xf8, 0x57, 0xfd, 0x50, 0x57, 0xfd, 0x50, 0x57,
    0xfd, 0x50, 0x57, 0xfd, 0x50, 0x57, 0xfd, 0x50,
    0x1f, 0xfc, 0x82, 0xf7, 0xf6, 0x64, 0x9e, 0xfe,
    0xcc, 0x93, 0xdf, 0xd9, 0x92, 0x7b, 0xfb, 0x32,
    0x7, 0xff, 0xfc, 0xf, 0xe2, 0xf7, 0xf6, 0x64,
    0x9e, 0xfe, 0xcc, 0x93, 0xdf, 0xd9, 0x92, 0x7b,
    0xfb, 0x32, 0x7, 0xff, 0x21, 0x5f, 0xf5, 0x41,
    0x5f, 0xff, 0xf9, 0x55, 0x5, 0x7f, 0xd5, 0x1,
    0xff, 0xff, 0xa, 0xff, 0xaa, 0xa, 0xff, 0xff,
    0xca, 0xa8, 0x2b, 0xfe, 0xa8, 0xf, 0xf2, 0xec,
    0x81, 0xff, 0xe4, 0x2f, 0xa0, 0x0,

    /* U+F124 "" */
    0x3, 0xff, 0xfe, 0x7, 0xff, 0x1c, 0xb9, 0x77,
    0xf5, 0x64, 0xf, 0xfe, 0xc1, 0x4e, 0x6f, 0xda,
    0x34, 0x40, 0x94, 0x84, 0x7, 0xff, 0x44, 0xb9,
    0x77, 0xd6, 0x32, 0x7, 0xfc, 0xba, 0x3, 0xff,
    0x94, 0x53, 0x9b, 0xf6, 0x8d, 0x10, 0x3f, 0xf8,
    0x8e, 0x20, 0x3f, 0xf8, 0xa5, 0xcb, 0xbe, 0xb1,
    0x90, 0x3f, 0xf9, 0x26, 0x41, 0x3, 0xfe, 0x29,
    0xdd, 0xfb, 0x46, 0x88, 0x1f, 0xfc, 0xe5, 0x18,
    0x1f, 0xca, 0x6f, 0xac, 0x44, 0xf, 0xfe, 0x99,
    0x71, 0x1, 0xfc, 0xbb, 0x20, 0x7f, 0xf6, 0x15,
    0x84, 0xf, 0xf2, 0xec, 0x81, 0xff, 0xd7, 0x7d,
    0x81, 0xff, 0xc1, 0x53, 0x7f, 0xff, 0xc5, 0xa8,
    0xf, 0xfe, 0x11, 0x95, 0x1, 0xff, 0xe5, 0x51,
    0x90, 0x3f, 0xfc, 0x85, 0xc4, 0x7, 0xff, 0x94,
    0xd8, 0x40, 0xff, 0xf2, 0xa8, 0xc0, 0xff, 0xf2,
    0x97, 0x10, 0x1f, 0xfd, 0xd5, 0xd9, 0x2, 0x2e,
    0x41, 0x3, 0xff, 0xbe, 0xa6, 0xfe, 0xd1, 0x1,
    0xff, 0xc9,

    /* U+F15B "" */
    0x0, 0x66, 0xff, 0xff, 0x8d, 0x50, 0x53, 0x54,
    0x7, 0xff, 0x5, 0x92, 0x3, 0xff, 0x94, 0x49,
    0x5d, 0x50, 0x1f, 0xfd, 0xb2, 0xae, 0xa8, 0xf,
    0xfe, 0xd9, 0x57, 0x42, 0x7, 0xff, 0x35, 0x92,
    0x57, 0xff, 0xed, 0x8, 0x1f, 0xfc, 0xd3, 0x37,
    0xff, 0xfc, 0xa, 0x80, 0xff, 0xff, 0x81, 0xff,
    0xff, 0x3, 0xff, 0xfe, 0x7, 0xff, 0xfc, 0xf,
    0xff, 0xf8, 0x1f, 0x32, 0x40, 0x7f, 0xf5, 0x9,
    0x30, 0x0,

    /* U+F1EB "" */
    0x3, 0xff, 0xfe, 0x7, 0xf1, 0x4d, 0xa5, 0xad,
    0x9f, 0xff, 0xf0, 0x36, 0x5a, 0x8d, 0x91, 0x3,
    0xff, 0xa2, 0x53, 0x9b, 0xf6, 0xb2, 0x1a, 0x42,
    0x40, 0x7f, 0xf0, 0x9, 0x24, 0x72, 0x2e, 0xfd,
    0xa3, 0x44, 0xf, 0xfe, 0x32, 0x77, 0x65, 0x8c,
    0x81, 0xf8, 0x92, 0x53, 0x7f, 0x92, 0x89, 0x1,
    0xf8, 0xb9, 0x76, 0x56, 0x80, 0xff, 0x17, 0x7d,
    0x88, 0x81, 0xc5, 0x3b, 0xb3, 0xf6, 0xcb, 0x69,
    0x3f, 0x5b, 0x6c, 0xfd, 0xb2, 0xb4, 0x40, 0xe2,
    0xa5, 0xf5, 0x90, 0x38, 0xaa, 0x80, 0xe2, 0xa6,
    0xfa, 0xc4, 0x48, 0xf, 0xfe, 0x51, 0x25, 0x2e,
    0xfa, 0x22, 0x7, 0x2a, 0x88, 0x18, 0xbd, 0x5a,
    0x73, 0x65, 0x64, 0xf, 0x14, 0xe5, 0xad, 0x9f,
    0xfe, 0xd9, 0x6a, 0x34, 0x40, 0xf1, 0x77, 0x64,
    0x69, 0xdc, 0xc8, 0x1f, 0x29, 0x63, 0x20, 0x72,
    0x77, 0x7d, 0x63, 0x48, 0x48, 0xf, 0xc4, 0x92,
    0x39, 0x77, 0xd5, 0xa0, 0x38, 0xb9, 0x62, 0x3,
    0xff, 0x8c, 0xaf, 0xb1, 0x10, 0x3c, 0x49, 0x37,
    0xf9, 0x12, 0x3, 0xc5, 0x4b, 0xea, 0x3, 0xff,
    0x9c, 0xba, 0x20, 0x45, 0x4b, 0xfb, 0x65, 0x93,
    0xf5, 0xd9, 0xfa, 0xc4, 0x40, 0x8a, 0xe8, 0xf,
    0xfe, 0x7a, 0xbb, 0x75, 0x68, 0xf, 0xfe, 0x32,
    0x77, 0x6e, 0xa8, 0xf, 0xfe, 0x99, 0x30, 0x1f,
    0x94, 0xdf, 0xed, 0x10, 0x1f, 0x89, 0x80, 0xff,
    0xef, 0x99, 0x59, 0x3, 0x17, 0x61, 0x3, 0xff,
    0xfe, 0x7, 0xff, 0x7c, 0xca, 0xc8, 0x18, 0xbb,
    0x8, 0x1f, 0xfc, 0xe0,

    /* U+F240 "" */
    0x2, 0x53, 0x7f, 0xff, 0xe7, 0xd1, 0x1, 0xf9,
    0x76, 0x40, 0xff, 0xf3, 0x97, 0xd0, 0x1f, 0xfc,
    0x15, 0x7f, 0xff, 0xef, 0xd4, 0x6, 0x57, 0x42,
    0x7, 0xff, 0x5, 0x5f, 0xff, 0xfb, 0x35, 0x1,
    0xfc, 0x49, 0x81, 0xff, 0xeb, 0x57, 0xd4, 0x7,
    0xff, 0xfc, 0xf, 0xff, 0x42, 0xbe, 0xa0, 0x3f,
    0xf8, 0xea, 0xff, 0xff, 0xd9, 0xa8, 0xf, 0xe2,
    0x4c, 0xf, 0xf2, 0xbf, 0xff, 0xf7, 0xea, 0x3,
    0x2b, 0xa1, 0x3, 0x2e, 0xc8, 0x1f, 0xfe, 0x72,
    0xfa, 0x3, 0x80,

    /* U+F241 "" */
    0x2, 0x53, 0x7f, 0xff, 0xe7, 0xd1, 0x1, 0xf9,
    0x76, 0x40, 0xff, 0xf3, 0x97, 0xd0, 0x1f, 0xfc,
    0x15, 0x7f, 0xff, 0xef, 0xd4, 0x6, 0x57, 0x42,
    0x7, 0xff, 0x5, 0x5f, 0xff, 0xfa, 0x15, 0x1,
    0xff, 0xc6, 0x24, 0xc0, 0xff, 0xf5, 0xab, 0xea,
    0x3, 0xff, 0xfe, 0x7, 0xff, 0xa1, 0x5f, 0x50,
    0x1f, 0xfc, 0x75, 0x7f, 0xff, 0xe8, 0x54, 0x7,
    0xff, 0x18, 0x93, 0x3, 0xfc, 0xaf, 0xff, 0xfd,
    0xfa, 0x80, 0xca, 0xe8, 0x40, 0xcb, 0xb2, 0x7,
    0xff, 0x9c, 0xbe, 0x80, 0xe0,

    /* U+F242 "" */
    0x2, 0x53, 0x7f, 0xff, 0xe7, 0xd1, 0x1, 0xf9,
    0x76, 0x40, 0xff, 0xf3, 0x97, 0xd0, 0x1f, 0xfc,
    0x15, 0x7f, 0xff, 0xef, 0xd4, 0x6, 0x57, 0x42,
    0x7, 0xff, 0x5, 0x5f, 0xff, 0xf8, 0xf5, 0x1,
    0xff, 0xcf, 0x24, 0xc0, 0xff, 0xf5, 0xab, 0xea,
    0x3, 0xff, 0xfe, 0x7, 0xff, 0xa1, 0x5f, 0x50,
    0x1f, 0xfc, 0x75, 0x7f, 0xff, 0xe3, 0xd4, 0x7,
    0xff, 0x3c, 0x93, 0x3, 0xfc, 0xaf, 0xff, 0xfd,
    0xfa, 0x80, 0xca, 0xe8, 0x40, 0xcb, 0xb2, 0x7,
    0xff, 0x9c, 0xbe, 0x80, 0xe0,

    /* U+F243 "" */
    0x2, 0x53, 0x7f, 0xff, 0xe7, 0xd1, 0x1, 0xf9,
    0x76, 0x40, 0xff, 0xf3, 0x97, 0xd0, 0x1f, 0xfc,
    0x15, 0x7f, 0xff, 0xef, 0xd4, 0x6, 0x57, 0x42,
    0x7, 0xff, 0x5, 0x5f, 0xff, 0xd5, 0x1, 0xff,
    0xd8, 0x24, 0xc0, 0xff, 0xf5, 0xab, 0xea, 0x3,
    0xff, 0xfe, 0x7, 0xff, 0xa1, 0x5f, 0x50, 0x1f,
    0xfc, 0x75, 0x7f, 0xff, 0x54, 0x7, 0xff, 0x60,
    0x93, 0x3, 0xfc, 0xaf, 0xff, 0xfd, 0xfa, 0x80,
    0xca, 0xe8, 0x40, 0xcb, 0xb2, 0x7, 0xff, 0x9c,
    0xbe, 0x80, 0xe0,

    /* U+F244 "" */
    0x2, 0x53, 0x7f, 0xff, 0xe7, 0xd1, 0x1, 0xf9,
    0x76, 0x40, 0xff, 0xf3, 0x97, 0xd0, 0x1f, 0xfc,
    0x15, 0x7f, 0xff, 0xef, 0xd4, 0x6, 0x57, 0x42,
    0x7, 0xff, 0xcc, 0x93, 0x3, 0xff, 0xd6, 0xaf,
    0xa8, 0xf, 0xff, 0xf8, 0x1f, 0xfe, 0x85, 0x7d,
    0x40, 0x7f, 0xfe, 0x49, 0x30, 0x3f, 0xca, 0xff,
    0xff, 0xdf, 0xa8, 0xc, 0xae, 0x84, 0xc, 0xbb,
    0x20, 0x7f, 0xf9, 0xcb, 0xe8, 0xe,

    /* U+F287 "" */
    0x3, 0xff, 0xfe, 0x7, 0xff, 0x30, 0xbd, 0xfe,
    0xd1, 0x1, 0xff, 0xe5, 0x53, 0x7f, 0xb4, 0x20,
    0x62, 0xfa, 0x3, 0xff, 0xc4, 0xed, 0x24, 0xbb,
    0x55, 0x90, 0x39, 0x74, 0x7, 0xff, 0x80, 0xca,
    0x92, 0x42, 0x26, 0x53, 0x7d, 0x9f, 0xaa, 0x3,
    0xff, 0x9e, 0x5d, 0xdf, 0xda, 0xc4, 0x7, 0x94,
    0x65, 0xc4, 0x7, 0xf1, 0x20, 0x3f, 0xf8, 0x25,
    0xc6, 0x80, 0xff, 0x8b, 0xf1, 0x10, 0x22, 0x9d,
    0xa6, 0x91, 0xda, 0x41, 0x76, 0x97, 0xff, 0x36,
    0xd3, 0x97, 0xea, 0xc8, 0x1e, 0x7c, 0x81, 0xfe,
    0x56, 0x45, 0x64, 0xce, 0xdf, 0x49, 0xff, 0xc9,
    0x44, 0xc, 0x55, 0x8c, 0x81, 0x95, 0x64, 0xf,
    0xca, 0xed, 0xfe, 0xf5, 0x0, 0x73, 0x6f, 0xfe,
    0x3c, 0x40, 0xa7, 0x76, 0x56, 0x40, 0xe3, 0x36,
    0x5a, 0x91, 0x77, 0xa8, 0xf, 0xf9, 0x58, 0x54,
    0x64, 0xe, 0x27, 0xf8, 0x9, 0x5f, 0xac, 0x44,
    0xf, 0xfe, 0x1, 0x48, 0xd9, 0x10, 0x3f, 0xf8,
    0x8e, 0x33, 0x21, 0x90, 0x5f, 0xdb, 0xf4, 0x40,
    0x7f, 0xf8, 0x54, 0xd0, 0x5d, 0xf4, 0x20, 0x7f,
    0xfb, 0x4b, 0xbb, 0xfa, 0x20, 0x3f, 0xfe, 0x8e,
    0xfd, 0xbb, 0xf4, 0x40, 0x7f, 0xf0, 0xc0,

    /* U+F293 "" */
    0x3, 0xfe, 0x2a, 0x5a, 0xdf, 0xfe, 0xd9, 0x63,
    0x44, 0xf, 0xfe, 0x29, 0x77, 0xea, 0xd2, 0x10,
    0x9, 0x40, 0x44, 0x93, 0x97, 0x64, 0x40, 0x7f,
    0xf0, 0xc, 0xf1, 0x1, 0xfe, 0xf7, 0x44, 0x7,
    0xc5, 0xd8, 0x80, 0xfe, 0x51, 0x90, 0x3f, 0xf8,
    0x45, 0xdc, 0xc8, 0x1f, 0x3e, 0x80, 0xf9, 0x64,
    0x7, 0x14, 0x84, 0xf, 0x8b, 0x74, 0xd5, 0x90,
    0x39, 0x74, 0x7, 0x12, 0x40, 0x71, 0xb2, 0xea,
    0xc8, 0x1d, 0xec, 0x82, 0xa5, 0x40, 0x73, 0x24,
    0x7, 0x72, 0x7, 0x19, 0xab, 0x69, 0xb2, 0x30,
    0x17, 0xe8, 0x26, 0x88, 0xe, 0x3d, 0x81, 0x99,
    0x3, 0xf9, 0x4d, 0x58, 0x24, 0x9, 0x7, 0x73,
    0x20, 0x7e, 0x20, 0x7f, 0xf1, 0xde, 0x60, 0x73,
    0xec, 0xf, 0xfe, 0x31, 0x3, 0xf8, 0xab, 0xaa,
    0x3, 0x94, 0xd5, 0x90, 0x3f, 0x10, 0x39, 0x82,
    0x7, 0x15, 0x75, 0x6a, 0xe8, 0x81, 0x9a, 0xb6,
    0x9e, 0x20, 0x38, 0x86, 0x6, 0x39, 0x81, 0xf1,
    0x77, 0x54, 0x48, 0xb, 0xbc, 0x88, 0x79, 0x81,
    0xcf, 0x90, 0x39, 0x74, 0x6, 0x2a, 0x42, 0x3,
    0xe2, 0xeb, 0x6b, 0xaa, 0x20, 0x63, 0x90, 0x1f,
    0x28, 0xc8, 0x1f, 0xfc, 0x35, 0x75, 0x44, 0xf,
    0x28, 0xc8, 0x1f, 0x8c, 0xf1, 0x1, 0xfe, 0xf7,
    0x54, 0x40, 0xf9, 0x58, 0x80, 0xff, 0xe0, 0x17,
    0x7e, 0x8d, 0x12, 0x0, 0x94, 0x40, 0x89, 0x27,
    0x37, 0xa8, 0x81, 0xe0,

    /* U+F2ED "" */
    0x3, 0xff, 0x86, 0x5e, 0xff, 0xff, 0x81, 0x99,
    0x3, 0xff, 0x8a, 0xa7, 0xff, 0xf6, 0x84, 0xf,
    0xfe, 0x1, 0x9b, 0xff, 0xfa, 0x20, 0x3f, 0xfd,
    0xa, 0x7f, 0xff, 0xdc, 0x88, 0xf, 0x95, 0xff,
    0xff, 0xad, 0x50, 0x1f, 0xff, 0x67, 0x69, 0x81,
    0xce, 0xd3, 0x3, 0x9d, 0xa6, 0x7, 0xff, 0x34,
    0x86, 0xc0, 0x81, 0x10, 0xd8, 0x10, 0x22, 0x1b,
    0x2, 0x7, 0xff, 0xfc, 0xf, 0xff, 0xf8, 0x1f,
    0xff, 0xf0, 0x3f, 0xfb, 0x64, 0x36, 0x4, 0x8,
    0x86, 0xc0, 0x81, 0x10, 0xd8, 0x10, 0x3f, 0xf9,
    0xae, 0xd3, 0x3, 0x9d, 0xa6, 0x7, 0x3b, 0x4c,
    0xf, 0xfe, 0x32, 0xec, 0x81, 0xff, 0xd2, 0x2f,
    0xa0, 0x38,

    /* U+F304 "" */
    0x3, 0xff, 0xb0, 0x5d, 0xfe, 0xd5, 0x90, 0x3f,
    0xfb, 0xa5, 0xec, 0x88, 0x8, 0xa9, 0xab, 0x20,
    0x7f, 0xf6, 0x4d, 0xa2, 0x7, 0xf9, 0x4d, 0x50,
    0x1f, 0xfd, 0x22, 0xf6, 0x57, 0x75, 0x64, 0xf,
    0xf9, 0x64, 0x7, 0xff, 0x38, 0xbd, 0x90, 0x92,
    0xba, 0x8b, 0xab, 0x20, 0x7c, 0x65, 0x40, 0x7f,
    0xf2, 0xcb, 0xd9, 0x8, 0x1f, 0x2b, 0xa8, 0xba,
    0xb2, 0xc, 0xd8, 0xc8, 0x1f, 0xfc, 0x92, 0xf6,
    0x42, 0x7, 0xff, 0x5, 0x5d, 0x45, 0xdf, 0x32,
    0x7, 0xff, 0x24, 0xbd, 0x90, 0x81, 0xff, 0xc6,
    0x39, 0x90, 0x3f, 0xf9, 0x65, 0xec, 0x84, 0xf,
    0xfe, 0x31, 0x9b, 0x19, 0x3, 0xff, 0x92, 0x5e,
    0xc8, 0x40, 0xff, 0xe3, 0x19, 0xb1, 0x90, 0x3f,
    0xf9, 0x25, 0xec, 0x84, 0xf, 0xfe, 0x31, 0x9b,
    0x19, 0x3, 0xff, 0x92, 0x5e, 0xc8, 0x40, 0xff,
    0xe3, 0x19, 0xb1, 0x90, 0x3f, 0xf9, 0x8f, 0x10,
    0x3f, 0xf8, 0xc6, 0x6c, 0x64, 0xf, 0xfe, 0x71,
    0x26, 0x7, 0xff, 0x10, 0xcd, 0x8c, 0x81, 0xff,
    0xd1, 0x7c, 0x81, 0xff, 0xc1, 0x33, 0x63, 0x20,
    0x7f, 0xf5, 0x18, 0x20, 0x62, 0x64, 0xa7, 0x36,
    0x32, 0x7, 0xff, 0x5c, 0xcd, 0xfe, 0xda, 0xb6,
    0x8c, 0x81, 0xff, 0xd8,

    /* U+F55A "" */
    0x3, 0xff, 0x8a, 0xa5, 0xdf, 0xff, 0xf6, 0xb4,
    0x40, 0x7f, 0xf1, 0x94, 0xd5, 0xa2, 0x7, 0xff,
    0x68, 0xbb, 0x8, 0x1f, 0xfc, 0x15, 0x35, 0x64,
    0xf, 0xfe, 0x9, 0x4c, 0x81, 0xfe, 0x2d, 0x10,
    0x3f, 0xf8, 0x45, 0x81, 0xfe, 0x53, 0x56, 0x40,
    0xff, 0xe1, 0x2b, 0xac, 0xd9, 0x10, 0x19, 0x4d,
    0x92, 0xea, 0x80, 0xff, 0xe4, 0xa9, 0xab, 0x20,
    0x7f, 0xf1, 0x57, 0x64, 0x1, 0x77, 0x5a, 0xd5,
    0x90, 0x5, 0xf4, 0x7, 0xff, 0x18, 0xbd, 0x59,
    0x3, 0xff, 0x92, 0xa6, 0xac, 0x80, 0x29, 0x8,
    0x2, 0xee, 0x88, 0xf, 0xff, 0xf8, 0x1f, 0xe2,
    0xf5, 0x64, 0xf, 0xfe, 0x4a, 0x9a, 0xb2, 0x0,
    0xa4, 0x20, 0xb, 0xba, 0x20, 0x3f, 0xf9, 0x4a,
    0x6a, 0xc8, 0x1f, 0xfc, 0x55, 0xd9, 0x0, 0x5d,
    0xd6, 0xb5, 0x64, 0x1, 0x7d, 0x1, 0xff, 0xcc,
    0x53, 0x56, 0x40, 0xff, 0xe1, 0x2b, 0xac, 0xd9,
    0x10, 0x19, 0x4d, 0x92, 0xea, 0x80, 0xff, 0xe7,
    0xa9, 0xab, 0x20, 0x7f, 0xf0, 0x4a, 0x64, 0xf,
    0xf1, 0x68, 0x81, 0xff, 0xc2, 0x2c, 0xf, 0xfe,
    0x22, 0x9a, 0xb4, 0x40, 0xff, 0xed, 0x17, 0x61,
    0x0,

    /* U+F7C2 "" */
    0x3, 0xff, 0x80, 0x5e, 0xff, 0xff, 0x91, 0xa2,
    0x3, 0xff, 0x82, 0x5e, 0xc8, 0x40, 0xff, 0xe4,
    0x17, 0x61, 0x3, 0xf1, 0x7b, 0x21, 0x27, 0xbf,
    0x54, 0x15, 0xfd, 0x10, 0x77, 0xfa, 0xa0, 0x31,
    0x60, 0x71, 0x7b, 0x21, 0x3, 0xff, 0xae, 0xa4,
    0x10, 0x3f, 0xfc, 0x85, 0xef, 0xd5, 0x5, 0x7f,
    0x44, 0x1d, 0xfe, 0xa8, 0xf, 0xff, 0xf8, 0x1f,
    0xff, 0xf0, 0x3f, 0xff, 0xe0, 0x7f, 0xff, 0xc0,
    0xff, 0xf1, 0x32, 0x7, 0xff, 0x58, 0xb0, 0x31,
    0x95, 0x90, 0x3f, 0xfa, 0x5, 0xd8, 0x40, 0x0,

    /* U+F8A2 "" */
    0x3, 0xff, 0xfe, 0x7, 0xff, 0x34, 0xbd, 0xeb,
    0x3, 0xff, 0xc2, 0x5e, 0xc8, 0x40, 0xff, 0xe2,
    0x17, 0x7f, 0xaa, 0x3, 0xff, 0x98, 0xa9, 0x3,
    0xff, 0x88, 0x5e, 0xc8, 0x80, 0xc4, 0xf, 0xfe,
    0xe2, 0x9b, 0x21, 0x3, 0xcf, 0x37, 0xff, 0xcb,
    0x98, 0xf, 0xfe, 0xb, 0xd5, 0x90, 0x3f, 0x8a,
    0x93, 0xff, 0x96, 0xd1, 0x3, 0xff, 0x80, 0xa9,
    0x3, 0xff, 0xc0, 0x48, 0xe, 0x2f, 0x64, 0x40,
    0x7e, 0x53, 0xff, 0xfe, 0x9c, 0x40, 0x7e, 0x2e,
    0xe8, 0x80, 0xff, 0xf3, 0x97, 0x7d, 0x69, 0x32,
    0x3, 0xff, 0xae
};


/*---------------------
 *  GLYPH DESCRIPTION
 *--------------------*/

static const lv_font_fmt_txt_glyph_dsc_t glyph_dsc[] = {
    {.bitmap_index = 0, .adv_w = 0, .box_w = 0, .box_h = 0, .ofs_x = 0, .ofs_y = 0} /* id = 0 reserved */,
    {.bitmap_index = 0, .adv_w = 67, .box_w = 6, .box_h = 0, .ofs_x = -1, .ofs_y = 0},
    {.bitmap_index = 0, .adv_w = 72, .box_w = 12, .box_h = 12, .ofs_x = 0, .ofs_y = 0},
    {.bitmap_index = 43, .adv_w = 115, .box_w = 21, .box_h = 5, .ofs_x = 0, .ofs_y = 7},
    {.bitmap_index = 79, .adv_w = 165, .box_w = 33, .box_h = 12, .ofs_x = 0, .ofs_y = 0},
    {.bitmap_index = 204, .adv_w = 146, .box_w = 27, .box_h = 14, .ofs_x = 0, .ofs_y = -2},
    {.bitmap_index = 325, .adv_w = 224, .box_w = 42, .box_h = 12, .ofs_x = 0, .ofs_y = 0},
    {.bitmap_index = 487, .adv_w = 190, .box_w = 39, .box_h = 12, .ofs_x = 0, .ofs_y = 0},
    {.bitmap_index = 622, .adv_w = 64, .box_w = 12, .box_h = 5, .ofs_x = 0, .ofs_y = 7},
    {.bitmap_index = 642, .adv_w = 83, .box_w = 18, .box_h = 15, .ofs_x = 0, .ofs_y = -3},
    {.bitmap_index = 714, .adv_w = 83, .box_w = 15, .box_h = 15, .ofs_x = 0, .ofs_y = -3},
    {.bitmap_index = 782, .adv_w = 140, .box_w = 27, .box_h = 8, .ofs_x = 0, .ofs_y = 4},
    {.bitmap_index = 850, .adv_w = 146, .box_w = 27, .box_h = 8, .ofs_x = 0, .ofs_y = 2},
    {.bitmap_index = 889, .adv_w = 71, .box_w = 12, .box_h = 4, .ofs_x = 0, .ofs_y = -2},
    {.bitmap_index = 906, .adv_w = 82, .box_w = 15, .box_h = 2, .ofs_x = 0, .ofs_y = 4},
    {.bitmap_index = 914, .adv_w = 71, .box_w = 12, .box_h = 3, .ofs_x = 0, .ofs_y = 0},
    {.bitmap_index = 927, .adv_w = 102, .box_w = 24, .box_h = 12, .ofs_x = -1, .ofs_y = 0},
    {.bitmap_index = 1005, .adv_w = 146, .box_w = 27, .box_h = 12, .ofs_x = 0, .ofs_y = 0},
    {.bitmap_index = 1103, .adv_w = 146, .box_w = 21, .box_h = 12, .ofs_x = 0, .ofs_y = 0},
    {.bitmap_index = 1136, .adv_w = 146, .box_w = 27, .box_h = 12, .ofs_x = 0, .ofs_y = 0},
    {.bitmap_index = 1230, .adv_w = 146, .box_w = 27, .box_h = 12, .ofs_x = 0, .ofs_y = 0},
    {.bitmap_index = 1330, .adv_w = 146, .box_w = 33, .box_h = 12, .ofs_x = -1, .ofs_y = 0},
    {.bitmap_index = 1410, .adv_w = 146, .box_w = 27, .box_h = 12, .ofs_x = 0, .ofs_y = 0},
    {.bitmap_index = 1499, .adv_w = 146, .box_w = 27, .box_h = 12, .ofs_x = 0, .ofs_y = 0},
    {.bitmap_index = 1602, .adv_w = 146, .box_w = 27, .box_h = 12, .ofs_x = 0, .ofs_y = 0},
    {.bitmap_index = 1683, .adv_w = 146, .box_w = 27, .box_h = 12, .ofs_x = 0, .ofs_y = 0},
    {.bitmap_index = 1794, .adv_w = 146, .box_w = 27, .box_h = 12, .ofs_x = 0, .ofs_y = 0},
    {.bitmap_index = 1894, .adv_w = 71, .box_w = 12, .box_h = 9, .ofs_x = 0, .ofs_y = 0},
    {.bitmap_index = 1924, .adv_w = 71, .box_w = 12, .box_h = 11, .ofs_x = 0, .ofs_y = -2},
    {.bitmap_index = 1960, .adv_w = 146, .box_w = 27, .box_h = 10, .ofs_x = 0, .ofs_y = 1},
    {.bitmap_index = 2034, .adv_w = 146, .box_w = 27, .box_h = 5, .ofs_x = 0, .ofs_y = 3},
    {.bitmap_index = 2062, .adv_w = 146, .box_w = 27, .box_h = 10, .ofs_x = 0, .ofs_y = 1},
    {.bitmap_index = 2137, .adv_w = 118, .box_w = 27, .box_h = 12, .ofs_x = -1, .ofs_y = 0},
    {.bitmap_index = 2222, .adv_w = 230, .box_w = 42, .box_h = 14, .ofs_x = 0, .ofs_y = -2},
    {.bitmap_index = 2411, .adv_w = 172, .box_w = 39, .box_h = 12, .ofs_x = -1, .ofs_y = 0},
    {.bitmap_index = 2528, .adv_w = 170, .box_w = 30, .box_h = 12, .ofs_x = 1, .ofs_y = 0},
    {.bitmap_index = 2620, .adv_w = 163, .box_w = 30, .box_h = 12, .ofs_x = 0, .ofs_y = 0},
    {.bitmap_index = 2710, .adv_w = 188, .box_w = 33, .box_h = 12, .ofs_x = 1, .ofs_y = 0},
    {.bitmap_index = 2795, .adv_w = 143, .box_w = 24, .box_h = 12, .ofs_x = 1, .ofs_y = 0},
    {.bitmap_index = 2840, .adv_w = 138, .box_w = 24, .box_h = 12, .ofs_x = 1, .ofs_y = 0},
    {.bitmap_index = 2879, .adv_w = 186, .box_w = 33, .box_h = 12, .ofs_x = 0, .ofs_y = 0},
    {.bitmap_index = 2986, .adv_w = 194, .box_w = 30, .box_h = 12, .ofs_x = 1, .ofs_y = 0},
    {.bitmap_index = 3025, .adv_w = 95, .box_w = 18, .box_h = 12, .ofs_x = 0, .ofs_y = 0},
    {.bitmap_index = 3060, .adv_w = 79, .box_w = 18, .box_h = 15, .ofs_x = -2, .ofs_y = -3},
    {.bitmap_index = 3093, .adv_w = 166, .box_w = 30, .box_h = 12, .ofs_x = 1, .ofs_y = 0},
    {.bitmap_index = 3186, .adv_w = 141, .box_w = 24, .box_h = 12, .ofs_x = 1, .ofs_y = 0},
    {.bitmap_index = 3212, .adv_w = 238, .box_w = 39, .box_h = 12, .ofs_x = 1, .ofs_y = 0},
    {.bitmap_index = 3329, .adv_w = 203, .box_w = 33, .box_h = 12, .ofs_x = 1, .ofs_y = 0},
    {.bitmap_index = 3409, .adv_w = 202, .box_w = 39, .box_h = 12, .ofs_x = 0, .ofs_y = 0},
    {.bitmap_index = 3534, .adv_w = 158, .box_w = 27, .box_h = 12, .ofs_x = 1, .ofs_y = 0},
    {.bitmap_index = 3606, .adv_w = 202, .box_w = 39, .box_h = 15, .ofs_x = 0, .ofs_y = -3},
    {.bitmap_index = 3756, .adv_w = 165, .box_w = 30, .box_h = 12, .ofs_x = 1, .ofs_y = 0},
    {.bitmap_index = 3847, .adv_w = 141, .box_w = 27, .box_h = 12, .ofs_x = 0, .ofs_y = 0},
    {.bitmap_index = 3947, .adv_w = 146, .box_w = 33, .box_h = 12, .ofs_x = -1, .ofs_y = 0},
    {.bitmap_index = 3981, .adv_w = 191, .box_w = 30, .box_h = 12, .ofs_x = 1, .ofs_y = 0},
    {.bitmap_index = 4045, .adv_w = 162, .box_w = 36, .box_h = 12, .ofs_x = -1, .ofs_y = 0},
    {.bitmap_index = 4165, .adv_w = 244, .box_w = 51, .box_h = 12, .ofs_x = -1, .ofs_y = 0},
    {.bitmap_index = 4350, .adv_w = 163, .box_w = 36, .box_h = 12, .ofs_x = -1, .ofs_y = 0},
    {.bitmap_index = 4476, .adv_w = 154, .box_w = 33, .box_h = 12, .ofs_x = -1, .ofs_y = 0},
    {.bitmap_index = 4557, .adv_w = 147, .box_w = 30, .box_h = 12, .ofs_x = 0, .ofs_y = 0},
    {.bitmap_index = 4645, .adv_w = 84, .box_w = 18, .box_h = 15, .ofs_x = 0, .ofs_y = -3},
    {.bitmap_index = 4679, .adv_w = 102, .box_w = 24, .box_h = 12, .ofs_x = -1, .ofs_y = 0},
    {.bitmap_index = 4754, .adv_w = 84, .box_w = 15, .box_h = 15, .ofs_x = 0, .ofs_y = -3},
    {.bitmap_index = 4782, .adv_w = 146, .box_w = 30, .box_h = 8, .ofs_x = 0, .ofs_y = 4},
    {.bitmap_index = 4847, .adv_w = 108, .box_w = 27, .box_h = 2, .ofs_x = -1, .ofs_y = -3},
    {.bitmap_index = 4859, .adv_w = 85, .box_w = 15, .box_h = 3, .ofs_x = 0, .ofs_y = 10},
    {.bitmap_index = 4875, .adv_w = 151, .box_w = 27, .box_h = 9, .ofs_x = 0, .ofs_y = 0},
    {.bitmap_index = 4952, .adv_w = 160, .box_w = 30, .box_h = 12, .ofs_x = 0, .ofs_y = 0},
    {.bitmap_index = 5036, .adv_w = 128, .box_w = 24, .box_h = 9, .ofs_x = 0, .ofs_y = 0},
    {.bitmap_index = 5103, .adv_w = 160, .box_w = 30, .box_h = 12, .ofs_x = 0, .ofs_y = 0},
    {.bitmap_index = 5187, .adv_w = 149, .box_w = 27, .box_h = 9, .ofs_x = 0, .ofs_y = 0},
    {.bitmap_index = 5265, .adv_w = 95, .box_w = 24, .box_h = 12, .ofs_x = -1, .ofs_y = 0},
    {.bitmap_index = 5314, .adv_w = 160, .box_w = 30, .box_h = 13, .ofs_x = 0, .ofs_y = -4},
    {.bitmap_index = 5430, .adv_w = 164, .box_w = 30, .box_h = 12, .ofs_x = 0, .ofs_y = 0},
    {.bitmap_index = 5485, .adv_w = 73, .box_w = 12, .box_h = 12, .ofs_x = 0, .ofs_y = 0},
    {.bitmap_index = 5507, .adv_w = 73, .box_w = 18, .box_h = 16, .ofs_x = -2, .ofs_y = -4},
    {.bitmap_index = 5551, .adv_w = 151, .box_w = 30, .box_h = 12, .ofs_x = 0, .ofs_y = 0},
    {.bitmap_index = 5627, .adv_w = 73, .box_w = 12, .box_h = 12, .ofs_x = 0, .ofs_y = 0},
    {.bitmap_index = 5637, .adv_w = 247, .box_w = 45, .box_h = 9, .ofs_x = 0, .ofs_y = 0},
    {.bitmap_index = 5711, .adv_w = 164, .box_w = 30, .box_h = 9, .ofs_x = 0, .ofs_y = 0},
    {.bitmap_index = 5760, .adv_w = 157, .box_w = 30, .box_h = 9, .ofs_x = 0, .ofs_y = 0},
    {.bitmap_index = 5845, .adv_w = 160, .box_w = 30, .box_h = 13, .ofs_x = 0, .ofs_y = -4},
    {.bitmap_index = 5936, .adv_w = 160, .box_w = 30, .box_h = 13, .ofs_x = 0, .ofs_y = -4},
    {.bitmap_index = 6025, .adv_w = 112, .box_w = 24, .box_h = 9, .ofs_x = 0, .ofs_y = 0},
    {.bitmap_index = 6061, .adv_w = 125, .box_w = 24, .box_h = 9, .ofs_x = 0, .ofs_y = 0},
    {.bitmap_index = 6135, .adv_w = 104, .box_w = 24, .box_h = 11, .ofs_x = -1, .ofs_y = 0},
    {.bitmap_index = 6191, .adv_w = 164, .box_w = 30, .box_h = 9, .ofs_x = 0, .ofs_y = 0},
    {.bitmap_index = 6233, .adv_w = 140, .box_w = 33, .box_h = 9, .ofs_x = -1, .ofs_y = 0},
    {.bitmap_index = 6317, .adv_w = 212, .box_w = 45, .box_h = 9, .ofs_x = -1, .ofs_y = 0},
    {.bitmap_index = 6448, .adv_w = 143, .box_w = 33, .box_h = 9, .ofs_x = -1, .ofs_y = 0},
    {.bitmap_index = 6537, .adv_w = 140, .box_w = 33, .box_h = 13, .ofs_x = -1, .ofs_y = -4},
    {.bitmap_index = 6649, .adv_w = 123, .box_w = 24, .box_h = 9, .ofs_x = 0, .ofs_y = 0},
    {.bitmap_index = 6709, .adv_w = 100, .box_w = 21, .box_h = 14, .ofs_x = -1, .ofs_y = -2},
    {.bitmap_index = 6782, .adv_w = 141, .box_w = 9, .box_h = 16, .ofs_x = 3, .ofs_y = -4},
    {.bitmap_index = 6791, .adv_w = 100, .box_w = 21, .box_h = 14, .ofs_x = 0, .ofs_y = -2},
    {.bitmap_index = 6864, .adv_w = 146, .box_w = 27, .box_h = 3, .ofs_x = 0, .ofs_y = 5},
    {.bitmap_index = 6891, .adv_w = 67, .box_w = 6, .box_h = 0, .ofs_x = -1, .ofs_y = 0},
    {.bitmap_index = 6891, .adv_w = 72, .box_w = 12, .box_h = 12, .ofs_x = 0, .ofs_y = -3},
    {.bitmap_index = 6934, .adv_w = 146, .box_w = 27, .box_h = 12, .ofs_x = 0, .ofs_y = 0},
    {.bitmap_index = 7022, .adv_w = 146, .box_w = 30, .box_h = 12, .ofs_x = 0, .ofs_y = 0},
    {.bitmap_index = 7116, .adv_w = 146, .box_w = 27, .box_h = 8, .ofs_x = 0, .ofs_y = 2},
    {.bitmap_index = 7190, .adv_w = 146, .box_w = 33, .box_h = 12, .ofs_x = -1, .ofs_y = 0},
    {.bitmap_index = 7307, .adv_w = 141, .box_w = 9, .box_h = 16, .ofs_x = 3, .ofs_y = -4},
    {.bitmap_index = 7331, .adv_w = 127, .box_w = 24, .box_h = 12, .ofs_x = 0, .ofs_y = 0},
    {.bitmap_index = 7428, .adv_w = 153, .box_w = 21, .box_h = 2, .ofs_x = 1, .ofs_y = 10},
    {.bitmap_index = 7443, .adv_w = 213, .box_w = 39, .box_h = 12, .ofs_x = 0, .ofs_y = 0},
    {.bitmap_index = 7584, .adv_w = 95, .box_w = 18, .box_h = 6, .ofs_x = 0, .ofs_y = 6},
    {.bitmap_index = 7622, .adv_w = 147, .box_w = 27, .box_h = 8, .ofs_x = 0, .ofs_y = 0},
    {.bitmap_index = 7696, .adv_w = 146, .box_w = 27, .box_h = 5, .ofs_x = 0, .ofs_y = 2},
    {.bitmap_index = 7715, .adv_w = 82, .box_w = 15, .box_h = 2, .ofs_x = 0, .ofs_y = 4},
    {.bitmap_index = 7723, .adv_w = 213, .box_w = 39, .box_h = 12, .ofs_x = 0, .ofs_y = 0},
    {.bitmap_index = 7869, .adv_w = 128, .box_w = 30, .box_h = 3, .ofs_x = -1, .ofs_y = 12},
    {.bitmap_index = 7883, .adv_w = 110, .box_w = 21, .box_h = 7, .ofs_x = 0, .ofs_y = 6},
    {.bitmap_index = 7929, .adv_w = 146, .box_w = 27, .box_h = 10, .ofs_x = 0, .ofs_y = 0},
    {.bitmap_index = 7981, .adv_w = 94, .box_w = 18, .box_h = 8, .ofs_x = 0, .ofs_y = 7},
    {.bitmap_index = 8026, .adv_w = 94, .box_w = 18, .box_h = 7, .ofs_x = 0, .ofs_y = 7},
    {.bitmap_index = 8068, .adv_w = 85, .box_w = 15, .box_h = 3, .ofs_x = 0, .ofs_y = 10},
    {.bitmap_index = 8085, .adv_w = 165, .box_w = 30, .box_h = 13, .ofs_x = 0, .ofs_y = -4},
    {.bitmap_index = 8136, .adv_w = 168, .box_w = 30, .box_h = 15, .ofs_x = 0, .ofs_y = -3},
    {.bitmap_index = 8196, .adv_w = 71, .box_w = 12, .box_h = 3, .ofs_x = 0, .ofs_y = 4},
    {.bitmap_index = 8209, .adv_w = 55, .box_w = 15, .box_h = 5, .ofs_x = -1, .ofs_y = -5},
    {.bitmap_index = 8234, .adv_w = 94, .box_w = 15, .box_h = 7, .ofs_x = 0, .ofs_y = 7},
    {.bitmap_index = 8254, .adv_w = 98, .box_w = 18, .box_h = 6, .ofs_x = 0, .ofs_y = 6},
    {.bitmap_index = 8294, .adv_w = 147, .box_w = 27, .box_h = 8, .ofs_x = 0, .ofs_y = 0},
    {.bitmap_index = 8369, .adv_w = 204, .box_w = 39, .box_h = 12, .ofs_x = 0, .ofs_y = 0},
    {.bitmap_index = 8496, .adv_w = 214, .box_w = 42, .box_h = 12, .ofs_x = 0, .ofs_y = -1},
    {.bitmap_index = 8635, .adv_w = 210, .box_w = 42, .box_h = 12, .ofs_x = 0, .ofs_y = 0},
    {.bitmap_index = 8788, .adv_w = 118, .box_w = 24, .box_h = 12, .ofs_x = 0, .ofs_y = -3},
    {.bitmap_index = 8869, .adv_w = 172, .box_w = 39, .box_h = 16, .ofs_x = -1, .ofs_y = 0},
    {.bitmap_index = 9013, .adv_w = 172, .box_w = 39, .box_h = 16, .ofs_x = -1, .ofs_y = 0},
    {.bitmap_index = 9158, .adv_w = 172, .box_w = 39, .box_h = 16, .ofs_x = -1, .ofs_y = 0},
    {.bitmap_index = 9313, .adv_w = 172, .box_w = 39, .box_h = 16, .ofs_x = -1, .ofs_y = 0},
    {.bitmap_index = 9463, .adv_w = 172, .box_w = 39, .box_h = 15, .ofs_x = -1, .ofs_y = 0},
    {.bitmap_index = 9605, .adv_w = 172, .box_w = 39, .box_h = 14, .ofs_x = -1, .ofs_y = 0},
    {.bitmap_index = 9739, .adv_w = 237, .box_w = 48, .box_h = 12, .ofs_x = -1, .ofs_y = 0},
    {.bitmap_index = 9861, .adv_w = 163, .box_w = 30, .box_h = 16, .ofs_x = 0, .ofs_y = -4},
    {.bitmap_index = 9983, .adv_w = 143, .box_w = 24, .box_h = 16, .ofs_x = 1, .ofs_y = 0},
    {.bitmap_index = 10057, .adv_w = 143, .box_w = 24, .box_h = 16, .ofs_x = 1, .ofs_y = 0},
    {.bitmap_index = 10132, .adv_w = 143, .box_w = 24, .box_h = 16, .ofs_x = 1, .ofs_y = 0},
    {.bitmap_index = 10210, .adv_w = 143, .box_w = 24, .box_h = 15, .ofs_x = 1, .ofs_y = 0},
    {.bitmap_index = 10279, .adv_w = 95, .box_w = 21, .box_h = 16, .ofs_x = -1, .ofs_y = 0},
    {.bitmap_index = 10343, .adv_w = 95, .box_w = 21, .box_h = 16, .ofs_x = 0, .ofs_y = 0},
    {.bitmap_index = 10406, .adv_w = 95, .box_w = 24, .box_h = 16, .ofs_x = -1, .ofs_y = 0},
    {.bitmap_index = 10479, .adv_w = 95, .box_w = 18, .box_h = 15, .ofs_x = 0, .ofs_y = 0},
    {.bitmap_index = 10533, .adv_w = 188, .box_w = 36, .box_h = 12, .ofs_x = 0, .ofs_y = 0},
    {.bitmap_index = 10639, .adv_w = 203, .box_w = 33, .box_h = 16, .ofs_x = 1, .ofs_y = 0},
    {.bitmap_index = 10752, .adv_w = 202, .box_w = 39, .box_h = 16, .ofs_x = 0, .ofs_y = 0},
    {.bitmap_index = 10904, .adv_w = 202, .box_w = 39, .box_h = 16, .ofs_x = 0, .ofs_y = 0},
    {.bitmap_index = 11057, .adv_w = 202, .box_w = 39, .box_h = 16, .ofs_x = 0, .ofs_y = 0},
    {.bitmap_index = 11219, .adv_w = 202, .box_w = 39, .box_h = 16, .ofs_x = 0, .ofs_y = 0},
    {.bitmap_index = 11376, .adv_w = 202, .box_w = 39, .box_h = 15, .ofs_x = 0, .ofs_y = 0},
    {.bitmap_index = 11528, .adv_w = 146, .box_w = 27, .box_h = 8, .ofs_x = 0, .ofs_y = 2},
    {.bitmap_index = 11597, .adv_w = 202, .box_w = 39, .box_h = 14, .ofs_x = 0, .ofs_y = -1},
    {.bitmap_index = 11759, .adv_w = 191, .box_w = 30, .box_h = 16, .ofs_x = 1, .ofs_y = 0},
    {.bitmap_index = 11850, .adv_w = 191, .box_w = 30, .box_h = 16, .ofs_x = 1, .ofs_y = 0},
    {.bitmap_index = 11943, .adv_w = 191, .box_w = 30, .box_h = 16, .ofs_x = 1, .ofs_y = 0},
    {.bitmap_index = 12042, .adv_w = 191, .box_w = 30, .box_h = 15, .ofs_x = 1, .ofs_y = 0},
    {.bitmap_index = 12132, .adv_w = 154, .box_w = 33, .box_h = 16, .ofs_x = -1, .ofs_y = 0},
    {.bitmap_index = 12241, .adv_w = 158, .box_w = 27, .box_h = 12, .ofs_x = 1, .ofs_y = 0},
    {.bitmap_index = 12308, .adv_w = 174, .box_w = 33, .box_h = 12, .ofs_x = 0, .ofs_y = 0},
    {.bitmap_index = 12414, .adv_w = 151, .box_w = 27, .box_h = 12, .ofs_x = 0, .ofs_y = 0},
    {.bitmap_index = 12511, .adv_w = 151, .box_w = 27, .box_h = 12, .ofs_x = 0, .ofs_y = 0},
    {.bitmap_index = 12610, .adv_w = 151, .box_w = 27, .box_h = 12, .ofs_x = 0, .ofs_y = 0},
    {.bitmap_index = 12712, .adv_w = 151, .box_w = 27, .box_h = 12, .ofs_x = 0, .ofs_y = 0},
    {.bitmap_index = 12809, .adv_w = 151, .box_w = 27, .box_h = 12, .ofs_x = 0, .ofs_y = 0},
    {.bitmap_index = 12910, .adv_w = 151, .box_w = 27, .box_h = 14, .ofs_x = 0, .ofs_y = 0},
    {.bitmap_index = 13022, .adv_w = 230, .box_w = 42, .box_h = 9, .ofs_x = 0, .ofs_y = 0},
    {.bitmap_index = 13146, .adv_w = 128, .box_w = 24, .box_h = 13, .ofs_x = 0, .ofs_y = -4},
    {.bitmap_index = 13242, .adv_w = 149, .box_w = 27, .box_h = 12, .ofs_x = 0, .ofs_y = 0},
    {.bitmap_index = 13340, .adv_w = 149, .box_w = 27, .box_h = 12, .ofs_x = 0, .ofs_y = 0},
    {.bitmap_index = 13441, .adv_w = 149, .box_w = 27, .box_h = 12, .ofs_x = 0, .ofs_y = 0},
    {.bitmap_index = 13544, .adv_w = 149, .box_w = 27, .box_h = 12, .ofs_x = 0, .ofs_y = 0},
    {.bitmap_index = 13647, .adv_w = 73, .box_w = 15, .box_h = 12, .ofs_x = -1, .ofs_y = 0},
    {.bitmap_index = 13672, .adv_w = 73, .box_w = 18, .box_h = 12, .ofs_x = 0, .ofs_y = 0},
    {.bitmap_index = 13698, .adv_w = 73, .box_w = 24, .box_h = 12, .ofs_x = -2, .ofs_y = 0},
    {.bitmap_index = 13736, .adv_w = 73, .box_w = 21, .box_h = 12, .ofs_x = -1, .ofs_y = 0},
    {.bitmap_index = 13769, .adv_w = 157, .box_w = 30, .box_h = 13, .ofs_x = 0, .ofs_y = 0},
    {.bitmap_index = 13888, .adv_w = 164, .box_w = 30, .box_h = 12, .ofs_x = 0, .ofs_y = 0},
    {.bitmap_index = 13958, .adv_w = 157, .box_w = 30, .box_h = 12, .ofs_x = 0, .ofs_y = 0},
    {.bitmap_index = 14064, .adv_w = 157, .box_w = 30, .box_h = 12, .ofs_x = 0, .ofs_y = 0},
    {.bitmap_index = 14171, .adv_w = 157, .box_w = 30, .box_h = 12, .ofs_x = 0, .ofs_y = 0},
    {.bitmap_index = 14282, .adv_w = 157, .box_w = 30, .box_h = 12, .ofs_x = 0, .ofs_y = 0},
    {.bitmap_index = 14390, .adv_w = 157, .box_w = 30, .box_h = 12, .ofs_x = 0, .ofs_y = 0},
    {.bitmap_index = 14502, .adv_w = 146, .box_w = 27, .box_h = 8, .ofs_x = 0, .ofs_y = 2},
    {.bitmap_index = 14552, .adv_w = 157, .box_w = 30, .box_h = 11, .ofs_x = 0, .ofs_y = -1},
    {.bitmap_index = 14654, .adv_w = 164, .box_w = 30, .box_h = 12, .ofs_x = 0, .ofs_y = 0},
    {.bitmap_index = 14719, .adv_w = 164, .box_w = 30, .box_h = 12, .ofs_x = 0, .ofs_y = 0},
    {.bitmap_index = 14784, .adv_w = 164, .box_w = 30, .box_h = 12, .ofs_x = 0, .ofs_y = 0},
    {.bitmap_index = 14853, .adv_w = 164, .box_w = 30, .box_h = 12, .ofs_x = 0, .ofs_y = 0},
    {.bitmap_index = 14920, .adv_w = 140, .box_w = 33, .box_h = 16, .ofs_x = -1, .ofs_y = -4},
    {.bitmap_index = 15056, .adv_w = 160, .box_w = 30, .box_h = 16, .ofs_x = 0, .ofs_y = -4},
    {.bitmap_index = 15153, .adv_w = 140, .box_w = 33, .box_h = 16, .ofs_x = -1, .ofs_y = -4},
    {.bitmap_index = 15289, .adv_w = 163, .box_w = 30, .box_h = 16, .ofs_x = 0, .ofs_y = 0},
    {.bitmap_index = 15414, .adv_w = 128, .box_w = 27, .box_h = 12, .ofs_x = 0, .ofs_y = 0},
    {.bitmap_index = 15510, .adv_w = 188, .box_w = 33, .box_h = 16, .ofs_x = 1, .ofs_y = 0},
    {.bitmap_index = 15635, .adv_w = 160, .box_w = 39, .box_h = 12, .ofs_x = 0, .ofs_y = 0},
    {.bitmap_index = 15742, .adv_w = 143, .box_w = 24, .box_h = 16, .ofs_x = 1, .ofs_y = 0},
    {.bitmap_index = 15822, .adv_w = 149, .box_w = 27, .box_h = 12, .ofs_x = 0, .ofs_y = 0},
    {.bitmap_index = 15926, .adv_w = 186, .box_w = 33, .box_h = 16, .ofs_x = 0, .ofs_y = 0},
    {.bitmap_index = 16066, .adv_w = 160, .box_w = 30, .box_h = 16, .ofs_x = 0, .ofs_y = -4},
    {.bitmap_index = 16204, .adv_w = 95, .box_w = 18, .box_h = 15, .ofs_x = 0, .ofs_y = 0},
    {.bitmap_index = 16254, .adv_w = 73, .box_w = 12, .box_h = 9, .ofs_x = 0, .ofs_y = 0},
    {.bitmap_index = 16264, .adv_w = 141, .box_w = 30, .box_h = 12, .ofs_x = -1, .ofs_y = 0},
    {.bitmap_index = 16323, .adv_w = 73, .box_w = 21, .box_h = 12, .ofs_x = -1, .ofs_y = 0},
    {.bitmap_index = 16361, .adv_w = 203, .box_w = 33, .box_h = 16, .ofs_x = 1, .ofs_y = 0},
    {.bitmap_index = 16479, .adv_w = 164, .box_w = 30, .box_h = 12, .ofs_x = 0, .ofs_y = 0},
    {.bitmap_index = 16553, .adv_w = 165, .box_w = 30, .box_h = 16, .ofs_x = 1, .ofs_y = 0},
    {.bitmap_index = 16677, .adv_w = 112, .box_w = 24, .box_h = 12, .ofs_x = 0, .ofs_y = 0},
    {.bitmap_index = 16737, .adv_w = 141, .box_w = 27, .box_h = 16, .ofs_x = 0, .ofs_y = -4},
    {.bitmap_index = 16868, .adv_w = 125, .box_w = 24, .box_h = 13, .ofs_x = 0, .ofs_y = -4},
    {.bitmap_index = 16972, .adv_w = 141, .box_w = 27, .box_h = 16, .ofs_x = 0, .ofs_y = 0},
    {.bitmap_index = 17104, .adv_w = 125, .box_w = 24, .box_h = 12, .ofs_x = 0, .ofs_y = 0},
    {.bitmap_index = 17202, .adv_w = 146, .box_w = 33, .box_h = 16, .ofs_x = -1, .ofs_y = 0},
    {.bitmap_index = 17278, .adv_w = 104, .box_w = 30, .box_h = 12, .ofs_x = -1, .ofs_y = 0},
    {.bitmap_index = 17351, .adv_w = 191, .box_w = 30, .box_h = 16, .ofs_x = 1, .ofs_y = 0},
    {.bitmap_index = 17447, .adv_w = 164, .box_w = 30, .box_h = 14, .ofs_x = 0, .ofs_y = 0},
    {.bitmap_index = 17520, .adv_w = 147, .box_w = 30, .box_h = 16, .ofs_x = 0, .ofs_y = 0},
    {.bitmap_index = 17645, .adv_w = 123, .box_w = 24, .box_h = 12, .ofs_x = 0, .ofs_y = 0},
    {.bitmap_index = 17729, .adv_w = 143, .box_w = 24, .box_h = 15, .ofs_x = 1, .ofs_y = 0},
    {.bitmap_index = 17798, .adv_w = 172, .box_w = 39, .box_h = 12, .ofs_x = -1, .ofs_y = 0},
    {.bitmap_index = 17915, .adv_w = 161, .box_w = 27, .box_h = 12, .ofs_x = 1, .ofs_y = 0},
    {.bitmap_index = 17990, .adv_w = 170, .box_w = 30, .box_h = 12, .ofs_x = 1, .ofs_y = 0},
    {.bitmap_index = 18082, .adv_w = 140, .box_w = 24, .box_h = 12, .ofs_x = 1, .ofs_y = 0},
    {.bitmap_index = 18107, .adv_w = 188, .box_w = 39, .box_h = 16, .ofs_x = -1, .ofs_y = -4},
    {.bitmap_index = 18218, .adv_w = 143, .box_w = 24, .box_h = 12, .ofs_x = 1, .ofs_y = 0},
    {.bitmap_index = 18263, .adv_w = 233, .box_w = 48, .box_h = 12, .ofs_x = -1, .ofs_y = 0},
    {.bitmap_index = 18421, .adv_w = 160, .box_w = 30, .box_h = 12, .ofs_x = 0, .ofs_y = 0},
    {.bitmap_index = 18529, .adv_w = 205, .box_w = 33, .box_h = 12, .ofs_x = 1, .ofs_y = 0},
    {.bitmap_index = 18611, .adv_w = 205, .box_w = 33, .box_h = 16, .ofs_x = 1, .ofs_y = 0},
    {.bitmap_index = 18732, .adv_w = 167, .box_w = 30, .box_h = 12, .ofs_x = 1, .ofs_y = 0},
    {.bitmap_index = 18822, .adv_w = 187, .box_w = 36, .box_h = 12, .ofs_x = -1, .ofs_y = 0},
    {.bitmap_index = 18906, .adv_w = 238, .box_w = 39, .box_h = 12, .ofs_x = 1, .ofs_y = 0},
    {.bitmap_index = 19023, .adv_w = 194, .box_w = 30, .box_h = 12, .ofs_x = 1, .ofs_y = 0},
    {.bitmap_index = 19062, .adv_w = 202, .box_w = 39, .box_h = 12, .ofs_x = 0, .ofs_y = 0},
    {.bitmap_index = 19187, .adv_w = 189, .box_w = 30, .box_h = 12, .ofs_x = 1, .ofs_y = 0},
    {.bitmap_index = 19216, .adv_w = 158, .box_w = 27, .box_h = 12, .ofs_x = 1, .ofs_y = 0},
    {.bitmap_index = 19288, .adv_w = 163, .box_w = 30, .box_h = 12, .ofs_x = 0, .ofs_y = 0},
    {.bitmap_index = 19378, .adv_w = 146, .box_w = 33, .box_h = 12, .ofs_x = -1, .ofs_y = 0},
    {.bitmap_index = 19412, .adv_w = 166, .box_w = 36, .box_h = 12, .ofs_x = -1, .ofs_y = 0},
    {.bitmap_index = 19530, .adv_w = 215, .box_w = 39, .box_h = 12, .ofs_x = 0, .ofs_y = 0},
    {.bitmap_index = 19658, .adv_w = 163, .box_w = 36, .box_h = 12, .ofs_x = -1, .ofs_y = 0},
    {.bitmap_index = 19784, .adv_w = 196, .box_w = 36, .box_h = 16, .ofs_x = 1, .ofs_y = -4},
    {.bitmap_index = 19840, .adv_w = 184, .box_w = 33, .box_h = 12, .ofs_x = 0, .ofs_y = 0},
    {.bitmap_index = 19900, .adv_w = 272, .box_w = 45, .box_h = 12, .ofs_x = 1, .ofs_y = 0},
    {.bitmap_index = 19949, .adv_w = 278, .box_w = 51, .box_h = 16, .ofs_x = 1, .ofs_y = -4},
    {.bitmap_index = 20019, .adv_w = 183, .box_w = 36, .box_h = 12, .ofs_x = -1, .ofs_y = 0},
    {.bitmap_index = 20099, .adv_w = 227, .box_w = 39, .box_h = 12, .ofs_x = 1, .ofs_y = 0},
    {.bitmap_index = 20174, .adv_w = 164, .box_w = 27, .box_h = 12, .ofs_x = 1, .ofs_y = 0},
    {.bitmap_index = 20236, .adv_w = 167, .box_w = 30, .box_h = 12, .ofs_x = 0, .ofs_y = 0},
    {.bitmap_index = 20339, .adv_w = 272, .box_w = 48, .box_h = 12, .ofs_x = 1, .ofs_y = 0},
    {.bitmap_index = 20486, .adv_w = 168, .box_w = 33, .box_h = 12, .ofs_x = -1, .ofs_y = 0},
    {.bitmap_index = 20580, .adv_w = 151, .box_w = 27, .box_h = 9, .ofs_x = 0, .ofs_y = 0},
    {.bitmap_index = 20657, .adv_w = 157, .box_w = 30, .box_h = 13, .ofs_x = 0, .ofs_y = 0},
    {.bitmap_index = 20785, .adv_w = 156, .box_w = 30, .box_h = 9, .ofs_x = 0, .ofs_y = 0},
    {.bitmap_index = 20862, .adv_w = 118, .box_w = 24, .box_h = 9, .ofs_x = 0, .ofs_y = 0},
    {.bitmap_index = 20884, .adv_w = 162, .box_w = 36, .box_h = 13, .ofs_x = -1, .ofs_y = -4},
    {.bitmap_index = 20972, .adv_w = 149, .box_w = 27, .box_h = 9, .ofs_x = 0, .ofs_y = 0},
    {.bitmap_index = 21050, .adv_w = 212, .box_w = 45, .box_h = 9, .ofs_x = -1, .ofs_y = 0},
    {.bitmap_index = 21169, .adv_w = 136, .box_w = 27, .box_h = 9, .ofs_x = 0, .ofs_y = 0},
    {.bitmap_index = 21245, .adv_w = 177, .box_w = 33, .box_h = 9, .ofs_x = 0, .ofs_y = 0},
    {.bitmap_index = 21307, .adv_w = 177, .box_w = 33, .box_h = 13, .ofs_x = 0, .ofs_y = 0},
    {.bitmap_index = 21408, .adv_w = 150, .box_w = 30, .box_h = 9, .ofs_x = 0, .ofs_y = 0},
    {.bitmap_index = 21477, .adv_w = 159, .box_w = 30, .box_h = 9, .ofs_x = -1, .ofs_y = 0},
    {.bitmap_index = 21539, .adv_w = 207, .box_w = 36, .box_h = 9, .ofs_x = 0, .ofs_y = 0},
    {.bitmap_index = 21621, .adv_w = 167, .box_w = 30, .box_h = 9, .ofs_x = 0, .ofs_y = 0},
    {.bitmap_index = 21655, .adv_w = 157, .box_w = 30, .box_h = 9, .ofs_x = 0, .ofs_y = 0},
    {.bitmap_index = 21740, .adv_w = 164, .box_w = 30, .box_h = 9, .ofs_x = 0, .ofs_y = 0},
    {.bitmap_index = 21765, .adv_w = 160, .box_w = 30, .box_h = 13, .ofs_x = 0, .ofs_y = -4},
    {.bitmap_index = 21856, .adv_w = 128, .box_w = 24, .box_h = 9, .ofs_x = 0, .ofs_y = 0},
    {.bitmap_index = 21923, .adv_w = 134, .box_w = 27, .box_h = 9, .ofs_x = 0, .ofs_y = 0},
    {.bitmap_index = 21952, .adv_w = 140, .box_w = 33, .box_h = 13, .ofs_x = -1, .ofs_y = -4},
    {.bitmap_index = 22064, .adv_w = 200, .box_w = 39, .box_h = 17, .ofs_x = 0, .ofs_y = -4},
    {.bitmap_index = 22201, .adv_w = 143, .box_w = 33, .box_h = 9, .ofs_x = -1, .ofs_y = 0},
    {.bitmap_index = 22290, .adv_w = 171, .box_w = 33, .box_h = 13, .ofs_x = 0, .ofs_y = -4},
    {.bitmap_index = 22336, .adv_w = 164, .box_w = 30, .box_h = 9, .ofs_x = 0, .ofs_y = 0},
    {.bitmap_index = 22383, .adv_w = 241, .box_w = 45, .box_h = 9, .ofs_x = 0, .ofs_y = 0},
    {.bitmap_index = 22426, .adv_w = 244, .box_w = 48, .box_h = 13, .ofs_x = 0, .ofs_y = -4},
    {.bitmap_index = 22489, .adv_w = 180, .box_w = 36, .box_h = 9, .ofs_x = -1, .ofs_y = 0},
    {.bitmap_index = 22555, .adv_w = 211, .box_w = 39, .box_h = 9, .ofs_x = 0, .ofs_y = 0},
    {.bitmap_index = 22620, .adv_w = 155, .box_w = 30, .box_h = 9, .ofs_x = 0, .ofs_y = 0},
    {.bitmap_index = 22676, .adv_w = 129, .box_w = 24, .box_h = 9, .ofs_x = 0, .ofs_y = 0},
    {.bitmap_index = 22746, .adv_w = 221, .box_w = 42, .box_h = 9, .ofs_x = 0, .ofs_y = 0},
    {.bitmap_index = 22850, .adv_w = 148, .box_w = 30, .box_h = 9, .ofs_x = -1, .ofs_y = 0},
    {.bitmap_index = 22924, .adv_w = 149, .box_w = 27, .box_h = 12, .ofs_x = 0, .ofs_y = 0},
    {.bitmap_index = 23027, .adv_w = 96, .box_w = 18, .box_h = 5, .ofs_x = 0, .ofs_y = 4},
    {.bitmap_index = 23054, .adv_w = 256, .box_w = 54, .box_h = 17, .ofs_x = -1, .ofs_y = -2},
    {.bitmap_index = 23193, .adv_w = 256, .box_w = 54, .box_h = 12, .ofs_x = -1, .ofs_y = 0},
    {.bitmap_index = 23314, .adv_w = 256, .box_w = 54, .box_h = 14, .ofs_x = -1, .ofs_y = -1},
    {.bitmap_index = 23441, .adv_w = 256, .box_w = 54, .box_h = 12, .ofs_x = -1, .ofs_y = 0},
    {.bitmap_index = 23573, .adv_w = 176, .box_w = 39, .box_h = 12, .ofs_x = -1, .ofs_y = 0},
    {.bitmap_index = 23702, .adv_w = 256, .box_w = 51, .box_h = 16, .ofs_x = -1, .ofs_y = -2},
    {.bitmap_index = 23905, .adv_w = 256, .box_w = 48, .box_h = 16, .ofs_x = 0, .ofs_y = -2},
    {.bitmap_index = 24091, .adv_w = 288, .box_w = 60, .box_h = 14, .ofs_x = -1, .ofs_y = -1},
    {.bitmap_index = 24271, .adv_w = 256, .box_w = 54, .box_h = 16, .ofs_x = -1, .ofs_y = -2},
    {.bitmap_index = 24403, .adv_w = 288, .box_w = 60, .box_h = 12, .ofs_x = -1, .ofs_y = 0},
    {.bitmap_index = 24518, .adv_w = 256, .box_w = 54, .box_h = 16, .ofs_x = -1, .ofs_y = -2},
    {.bitmap_index = 24718, .adv_w = 128, .box_w = 30, .box_h = 14, .ofs_x = -1, .ofs_y = -1},
    {.bitmap_index = 24778, .adv_w = 192, .box_w = 42, .box_h = 14, .ofs_x = -1, .ofs_y = -1},
    {.bitmap_index = 24871, .adv_w = 288, .box_w = 60, .box_h = 16, .ofs_x = -1, .ofs_y = -2},
    {.bitmap_index = 25078, .adv_w = 256, .box_w = 54, .box_h = 12, .ofs_x = -1, .ofs_y = 0},
    {.bitmap_index = 25192, .adv_w = 176, .box_w = 39, .box_h = 16, .ofs_x = -1, .ofs_y = -2},
    {.bitmap_index = 25332, .adv_w = 224, .box_w = 36, .box_h = 16, .ofs_x = 1, .ofs_y = -2},
    {.bitmap_index = 25426, .adv_w = 224, .box_w = 48, .box_h = 18, .ofs_x = -1, .ofs_y = -3},
    {.bitmap_index = 25538, .adv_w = 224, .box_w = 48, .box_h = 15, .ofs_x = -1, .ofs_y = -1},
    {.bitmap_index = 25603, .adv_w = 224, .box_w = 48, .box_h = 14, .ofs_x = -1, .ofs_y = -1},
    {.bitmap_index = 25645, .adv_w = 224, .box_w = 36, .box_h = 16, .ofs_x = 1, .ofs_y = -2},
    {.bitmap_index = 25739, .adv_w = 224, .box_w = 48, .box_h = 14, .ofs_x = -1, .ofs_y = -1},
    {.bitmap_index = 25843, .adv_w = 160, .box_w = 30, .box_h = 14, .ofs_x = 0, .ofs_y = -1},
    {.bitmap_index = 25948, .adv_w = 160, .box_w = 30, .box_h = 14, .ofs_x = 0, .ofs_y = -1},
    {.bitmap_index = 26056, .adv_w = 224, .box_w = 48, .box_h = 14, .ofs_x = -1, .ofs_y = -1},
    {.bitmap_index = 26144, .adv_w = 224, .box_w = 48, .box_h = 4, .ofs_x = -1, .ofs_y = 4},
    {.bitmap_index = 26169, .adv_w = 288, .box_w = 60, .box_h = 12, .ofs_x = -1, .ofs_y = 0},
    {.bitmap_index = 26368, .adv_w = 320, .box_w = 66, .box_h = 16, .ofs_x = -1, .ofs_y = -2},
    {.bitmap_index = 26624, .adv_w = 288, .box_w = 60, .box_h = 16, .ofs_x = -1, .ofs_y = -2},
    {.bitmap_index = 26794, .adv_w = 256, .box_w = 54, .box_h = 16, .ofs_x = -1, .ofs_y = -2},
    {.bitmap_index = 26988, .adv_w = 224, .box_w = 48, .box_h = 10, .ofs_x = -1, .ofs_y = 1},
    {.bitmap_index = 27094, .adv_w = 224, .box_w = 48, .box_h = 10, .ofs_x = -1, .ofs_y = 1},
    {.bitmap_index = 27202, .adv_w = 320, .box_w = 66, .box_h = 14, .ofs_x = -1, .ofs_y = -1},
    {.bitmap_index = 27354, .adv_w = 256, .box_w = 54, .box_h = 12, .ofs_x = -1, .ofs_y = 0},
    {.bitmap_index = 27405, .adv_w = 256, .box_w = 54, .box_h = 16, .ofs_x = -1, .ofs_y = -2},
    {.bitmap_index = 27536, .adv_w = 256, .box_w = 54, .box_h = 17, .ofs_x = -1, .ofs_y = -2},
    {.bitmap_index = 27700, .adv_w = 224, .box_w = 48, .box_h = 14, .ofs_x = -1, .ofs_y = -1},
    {.bitmap_index = 27875, .adv_w = 224, .box_w = 48, .box_h = 16, .ofs_x = -1, .ofs_y = -2},
    {.bitmap_index = 27970, .adv_w = 224, .box_w = 48, .box_h = 14, .ofs_x = -1, .ofs_y = -1},
    {.bitmap_index = 28055, .adv_w = 224, .box_w = 48, .box_h = 14, .ofs_x = -1, .ofs_y = -1},
    {.bitmap_index = 28131, .adv_w = 256, .box_w = 54, .box_h = 12, .ofs_x = -1, .ofs_y = 0},
    {.bitmap_index = 28246, .adv_w = 160, .box_w = 36, .box_h = 16, .ofs_x = -1, .ofs_y = -2},
    {.bitmap_index = 28366, .adv_w = 224, .box_w = 48, .box_h = 16, .ofs_x = -1, .ofs_y = -2},
    {.bitmap_index = 28473, .adv_w = 224, .box_w = 48, .box_h = 16, .ofs_x = -1, .ofs_y = -2},
    {.bitmap_index = 28595, .adv_w = 288, .box_w = 60, .box_h = 12, .ofs_x = -1, .ofs_y = 0},
    {.bitmap_index = 28713, .adv_w = 256, .box_w = 54, .box_h = 18, .ofs_x = -1, .ofs_y = -3},
    {.bitmap_index = 28851, .adv_w = 192, .box_w = 42, .box_h = 16, .ofs_x = -1, .ofs_y = -2},
    {.bitmap_index = 28917, .adv_w = 320, .box_w = 66, .box_h = 15, .ofs_x = -1, .ofs_y = -1},
    {.bitmap_index = 29129, .adv_w = 320, .box_w = 66, .box_h = 10, .ofs_x = -1, .ofs_y = 1},
    {.bitmap_index = 29204, .adv_w = 320, .box_w = 66, .box_h = 10, .ofs_x = -1, .ofs_y = 1},
    {.bitmap_index = 29281, .adv_w = 320, .box_w = 66, .box_h = 10, .ofs_x = -1, .ofs_y = 1},
    {.bitmap_index = 29358, .adv_w = 320, .box_w = 66, .box_h = 10, .ofs_x = -1, .ofs_y = 1},
    {.bitmap_index = 29433, .adv_w = 320, .box_w = 66, .box_h = 10, .ofs_x = -1, .ofs_y = 1},
    {.bitmap_index = 29495, .adv_w = 320, .box_w = 66, .box_h = 14, .ofs_x = -1, .ofs_y = -1},
    {.bitmap_index = 29662, .adv_w = 224, .box_w = 42, .box_h = 16, .ofs_x = 0, .ofs_y = -2},
    {.bitmap_index = 29858, .adv_w = 224, .box_w = 48, .box_h = 16, .ofs_x = -1, .ofs_y = -2},
    {.bitmap_index = 29956, .adv_w = 256, .box_w = 54, .box_h = 17, .ofs_x = -1, .ofs_y = -3},
    {.bitmap_index = 30128, .adv_w = 320, .box_w = 66, .box_h = 12, .ofs_x = -1, .ofs_y = 0},
    {.bitmap_index = 30289, .adv_w = 192, .box_w = 42, .box_h = 16, .ofs_x = -1, .ofs_y = -2},
    {.bitmap_index = 30369, .adv_w = 258, .box_w = 54, .box_h = 11, .ofs_x = -1, .ofs_y = 1}
};

/*---------------------
 *  CHARACTER MAPPING
 *--------------------*/

static const uint16_t unicode_list_2[] = {
    0x0, 0x1, 0x2, 0x3, 0xe, 0xf, 0x12, 0x13,
    0x24, 0x25, 0x35, 0x36, 0x3b, 0x3c, 0x4c, 0x4d,
    0x52, 0x53, 0x54, 0x55, 0x58, 0x59, 0x62, 0x63,
    0x71, 0x72, 0x2f5
};

static const uint16_t unicode_list_4[] = {
    0x0, 0x1bd1, 0xebb0, 0xebb7, 0xebba, 0xebbb, 0xebbc, 0xebc0,
    0xebc2, 0xebc4, 0xebc8, 0xebcb, 0xebd0, 0xebd5, 0xebd6, 0xebd7,
    0xebed, 0xebf2, 0xebf7, 0xebfa, 0xebfb, 0xebfc, 0xec00, 0xec01,
    0xec02, 0xec03, 0xec16, 0xec17, 0xec1d, 0xec1f, 0xec20, 0xec23,
    0xec26, 0xec27, 0xec28, 0xec2a, 0xec42, 0xec44, 0xec73, 0xec74,
    0xec76, 0xec78, 0xec8f, 0xec96, 0xec99, 0xeca2, 0xeccb, 0xecd3,
    0xed0a, 0xed9a, 0xedef, 0xedf0, 0xedf1, 0xedf2, 0xedf3, 0xee36,
    0xee42, 0xee9c, 0xeeb3, 0xf109, 0xf371, 0xf451
};

/*Collect the unicode lists and glyph_id offsets*/
static const lv_font_fmt_txt_cmap_t cmaps[] =
{
    {
        .range_start = 32, .range_length = 95, .glyph_id_start = 1,
        .unicode_list = NULL, .glyph_id_ofs_list = NULL, .list_length = 0, .type = LV_FONT_FMT_TXT_CMAP_FORMAT0_TINY
    },
    {
        .range_start = 160, .range_length = 96, .glyph_id_start = 96,
        .unicode_list = NULL, .glyph_id_ofs_list = NULL, .list_length = 0, .type = LV_FONT_FMT_TXT_CMAP_FORMAT0_TINY
    },
    {
        .range_start = 268, .range_length = 758, .glyph_id_start = 192,
        .unicode_list = unicode_list_2, .glyph_id_ofs_list = NULL, .list_length = 27, .type = LV_FONT_FMT_TXT_CMAP_SPARSE_TINY
    },
    {
        .range_start = 1040, .range_length = 64, .glyph_id_start = 219,
        .unicode_list = NULL, .glyph_id_ofs_list = NULL, .list_length = 0, .type = LV_FONT_FMT_TXT_CMAP_FORMAT0_TINY
    },
    {
        .range_start = 1105, .range_length = 62546, .glyph_id_start = 283,
        .unicode_list = unicode_list_4, .glyph_id_ofs_list = NULL, .list_length = 62, .type = LV_FONT_FMT_TXT_CMAP_SPARSE_TINY
    }
};

/*-----------------
 *    KERNING
 *----------------*/


/*Map glyph_ids to kern left classes*/
static const uint8_t kern_left_class_mapping[] =
{
    0, 0, 0, 1, 0, 0, 0, 2,
    1, 3, 0, 0, 0, 4, 5, 4,
    0, 0, 0, 0, 0, 0, 0, 0,
    0, 0, 0, 0, 0, 0, 0, 0,
    0, 0, 6, 7, 8, 9, 10, 11,
    0, 0, 0, 0, 8, 12, 0, 0,
    9, 13, 9, 14, 0, 15, 16, 17,
    17, 8, 18, 19, 3, 0, 0, 0,
    0, 0, 20, 21, 22, 0, 21, 23,
    0, 20, 0, 0, 0, 0, 20, 20,
    21, 21, 0, 24, 0, 22, 0, 25,
    25, 26, 25, 0, 3, 0, 0, 0,
    0, 27, 0, 0, 0, 0, 0, 0,
    0, 0, 0, 28, 0, 0, 0, 0,
    0, 0, 0, 0, 0, 0, 0, 0,
    0, 0, 0, 29, 0, 0, 0, 30,
    6, 6, 6, 6, 6, 6, 10, 8,
    10, 10, 10, 10, 0, 0, 0, 0,
    9, 0, 9, 9, 9, 9, 9, 0,
    9, 16, 16, 16, 16, 18, 13, 0,
    20, 20, 20, 20, 20, 20, 21, 0,
    21, 21, 21, 21, 0, 0, 0, 0,
    21, 0, 21, 21, 21, 21, 21, 0,
    21, 0, 0, 0, 0, 25, 21, 25,
    8, 0, 9, 31, 10, 21, 0, 0,
    0, 0, 12, 0, 0, 0, 0, 24,
    0, 0, 0, 0, 15, 22, 16, 0,
    19, 0, 0, 32, 33, 34, 35, 0,
    0, 36, 34, 0, 0, 36, 0, 0,
    0, 37, 0, 38, 39, 35, 40, 41,
    36, 0, 0, 0, 0, 42, 0, 42,
    37, 37, 0, 20, 0, 43, 44, 20,
    20, 45, 43, 0, 0, 45, 0, 0,
    0, 46, 0, 46, 0, 44, 47, 46,
    45, 20, 0, 0, 20, 48, 0, 48,
    46, 46, 0, 20, 0, 0, 0, 0,
    0, 0, 0, 0, 0, 0, 0, 0,
    0, 0, 0, 0, 0, 0, 0, 0,
    0, 0, 0, 0, 0, 0, 0, 0,
    0, 0, 0, 0, 0, 0, 0, 0,
    0, 0, 0, 0, 0, 0, 0, 0,
    0, 0, 0, 0, 0, 0, 0, 0,
    0, 0, 0, 0, 0, 0, 0, 0,
    0
};

/*Map glyph_ids to kern right classes*/
static const uint8_t kern_right_class_mapping[] =
{
    0, 0, 0, 1, 0, 0, 0, 2,
    1, 0, 3, 0, 0, 4, 5, 4,
    0, 0, 0, 0, 0, 0, 0, 0,
    0, 0, 0, 0, 0, 0, 0, 0,
    6, 0, 7, 0, 8, 0, 0, 0,
    8, 0, 0, 9, 0, 0, 0, 0,
    8, 0, 8, 0, 0, 10, 11, 12,
    12, 13, 14, 15, 0, 0, 3, 0,
    0, 0, 16, 17, 18, 18, 18, 0,
    19, 17, 0, 20, 17, 17, 21, 21,
    18, 21, 18, 21, 22, 0, 21, 23,
    23, 23, 23, 24, 0, 0, 3, 0,
    0, 0, 0, 0, 0, 0, 0, 0,
    0, 0, 0, 25, 0, 0, 0, 0,
    0, 0, 0, 0, 0, 0, 0, 0,
    0, 0, 0, 26, 0, 0, 0, 0,
    7, 7, 7, 7, 7, 7, 27, 8,
    0, 0, 0, 0, 0, 0, 0, 0,
    0, 0, 8, 8, 8, 8, 8, 0,
    8, 11, 11, 11, 11, 14, 0, 0,
    18, 16, 16, 16, 16, 16, 16, 18,
    18, 18, 18, 18, 0, 0, 0, 0,
    0, 0, 18, 18, 18, 18, 18, 0,
    18, 21, 21, 21, 21, 23, 17, 23,
    8, 18, 0, 18, 0, 18, 8, 19,
    0, 0, 0, 0, 0, 0, 0, 0,
    0, 22, 0, 0, 10, 0, 11, 21,
    15, 24, 0, 28, 0, 0, 0, 29,
    0, 30, 31, 0, 0, 0, 29, 0,
    0, 32, 0, 0, 32, 33, 34, 35,
    30, 0, 36, 0, 0, 37, 0, 0,
    31, 0, 38, 39, 0, 40, 40, 41,
    42, 43, 44, 40, 40, 40, 41, 40,
    40, 42, 40, 40, 42, 45, 46, 42,
    43, 40, 47, 40, 40, 45, 40, 40,
    44, 40, 48, 42, 0, 0, 0, 0,
    0, 0, 0, 0, 0, 0, 0, 0,
    0, 0, 0, 0, 0, 0, 0, 0,
    0, 0, 0, 0, 0, 0, 0, 0,
    0, 0, 0, 0, 0, 0, 0, 0,
    0, 0, 0, 0, 0, 0, 0, 0,
    0, 0, 0, 0, 0, 0, 0, 0,
    0, 0, 0, 0, 0, 0, 0, 0,
    0
};

/*Kern values between classes*/
static const int8_t kern_class_values[] =
{
    0, 0, 0, 0, 0, 0, -18, 0,
    0, 5, 0, 5, 0, 3, 0, -10,
    0, -15, -8, 0, -8, -8, 0, 0,
    0, 0, -20, -18, -15, 0, 0, 0,
    0, 0, 0, 0, 5, 0, -5, 0,
    -18, -15, 0, 0, 0, 0, 0, 0,
    0, 0, 0, 0, 0, 0, 0, 0,
    0, -15, 0, -5, 0, -8, 0, 0,
    0, 0, 0, 0, 0, 0, 0, 0,
    0, 0, 0, 0, 0, 0, 0, 0,
    0, 0, 0, 0, 0, 0, 0, 0,
    0, 0, 0, 0, 0, 0, 0, 0,
    0, 0, 0, 0, 0, 0, 0, 0,
    23, 0, 0, 0, 0, 0, 0, 0,
    0, 0, 0, 10, 0, 0, 0, 0,
    0, 0, 0, 0, 0, 0, 0, 0,
    0, 0, 0, 0, 0, 0, 0, 0,
    0, 0, 0, 0, 0, 0, 0, 0,
    0, 0, 0, 0, 0, 0, 0, -13,
    0, -18, -5, -15, 0, -15, 0, 0,
    0, 0, 0, 0, 0, 0, 0, 0,
    0, 0, 0, 0, 0, 0, 0, -13,
    -18, 0, -10, -20, -18, 0, 0, 0,
    0, 0, 0, 0, -13, 0, -15, 0,
    0, 0, 0, 0, 0, 0, 0, 0,
    0, -10, 0, 0, 0, 0, 0, 0,
    0, 0, 0, 0, 0, 0, 0, 0,
    0, 0, 0, 0, 0, 0, 0, 0,
    -10, 0, 0, 0, -10, 0, 0, 0,
    0, 0, 0, 0, -5, 0, 0, 0,
    -18, 0, 0, 0, 0, 0, 0, -5,
    13, -18, 0, -10, 0, -15, 0, 0,
    0, 0, 0, 0, 0, 0, 0, 0,
    0, 0, 0, 0, 0, 0, 0, 0,
    0, 0, 0, 0, 0, 0, 0, 0,
    0, 0, 0, 0, 0, 0, 0, 0,
    0, 0, 0, -3, 0, 0, 0, 0,
    0, 0, 0, 0, 0, 0, 0, 0,
    0, 0, 0, 0, 0, 0, 0, 0,
    0, 0, 0, 0, 0, 0, 0, 0,
    0, 0, 0, 0, 0, 0, 0, 0,
    0, 0, 0, 0, 0, 0, 0, 0,
    0, 0, 0, 0, 0, 0, 0, -5,
    0, 0, 0, 0, 0, 0, 0, 0,
    0, 0, 0, 0, 0, 0, 0, 0,
    -5, 0, 0, 0, 0, 0, 0, 0,
    0, 0, 0, 0, 0, 0, 0, 0,
    0, 0, 0, 0, 0, 0, 0, 0,
    0, 0, 0, -10, 0, 0, -5, 0,
    0, -8, 0, -3, -5, -3, -3, 0,
    0, 0, 0, 0, 0, 0, 0, 0,
    0, 0, 0, 0, 0, 0, 0, 0,
    0, 0, 0, 0, 0, 0, 0, 0,
    0, 0, 0, 0, 0, 0, 0, 0,
    0, 0, 0, 0, 0, 0, 0, 0,
    15, 0, 0, 0, 0, 0, 0, 0,
    0, 0, 0, 0, 0, 0, 0, 0,
    0, 0, 0, 0, 0, 0, 0, 0,
    0, 0, 0, 0, 0, 0, 0, 0,
    0, 0, 0, 0, 0, 0, 0, 0,
    0, 0, 5, -15, 0, 5, -5, 0,
    0, 0, 0, 0, 0, 0, 0, 0,
    0, 0, 0, 0, 0, 0, 0, 0,
    0, 0, 0, 0, 0, 0, 0, 0,
    0, 0, 0, 0, 0, 0, 0, 0,
    0, 0, 0, 0, 0, 0, 0, 0,
    -20, 0, 0, 0, 0, 0, 0, -5,
    0, -5, -3, -5, 0, -8, 0, 0,
    0, 0, 0, 0, 0, 0, 0, 0,
    0, 0, 0, 0, 0, 0, 0, 0,
    0, 0, 0, 0, 0, 0, 0, 0,
    0, 0, 0, 0, 0, 0, 0, 0,
    0, -3, 0, -33, 0, 0, -13, 0,
    0, 0, 0, 0, -5, 0, -3, 0,
    0, 0, 0, 0, 0, 0, 0, 0,
    -5, 0, -8, 0, 0, 0, 0, 0,
    0, 0, 0, 0, 0, 0, 0, 0,
    0, 0, 0, 0, 0, 0, 0, 0,
    0, 0, 0, 0, 0, 0, 0, 0,
    0, 0, 0, 0, 0, 0, 0, 0,
    0, 0, 0, 0, 0, 0, 0, 0,
    -3, 0, 0, 0, 0, 0, 0, 0,
    0, 0, 0, 0, 0, 0, 0, 0,
    0, 0, 0, 0, 0, 0, 0, 0,
    0, -5, 0, -15, -10, 5, -18, -5,
    0, 5, 0, 0, 0, 0, 0, -20,
    0, -18, -18, 0, -13, -15, -5, -10,
    -15, -8, 0, 0, 0, 0, 0, 0,
    0, 0, 0, 0, 0, 0, 0, 0,
    0, 0, 0, 0, 0, 0, 0, 0,
    0, 0, 0, -5, 0, 0, -3, 0,
    0, 0, 0, 0, 0, 0, 0, 0,
    0, 0, 0, 0, 0, 0, 0, 0,
    0, 0, 0, 0, 0, 0, 0, 0,
    0, 0, 0, 0, 0, 0, 0, 0,
    0, 0, 0, 0, 0, 0, 0, 0,
    0, 0, 0, -13, 0, 5, -10, -3,
    0, 0, 0, 0, 0, 0, 0, -5,
    0, -5, -3, 0, -3, -3, 0, 0,
    -8, -3, 0, 0, 0, 0, 0, 0,
    0, 0, 0, 0, 0, 0, 0, 0,
    0, 0, 0, 0, 0, 0, 0, 0,
    0, -8, 0, -15, 0, 5, -15, -5,
    0, 0, 0, 0, 0, 0, 0, -13,
    0, -13, -13, 0, -8, -10, 0, -5,
    -20, -8, 0, 0, 0, 0, 0, 0,
    0, 0, 0, 0, 0, 0, 0, 0,
    0, 0, 0, 0, 0, 0, 0, 0,
    0, 0, 0, 0, 0, 0, 0, -3,
    0, 0, 0, 0, 0, 0, 0, 0,
    0, 0, 0, 0, 0, 0, 0, 0,
    -5, 0, 0, 0, 0, 0, 0, 0,
    0, 0, 0, 0, 0, 0, 0, 0,
    0, 0, 0, 0, 0, 0, 0, 0,
    -3, 0, 0, 0, 0, 0, 0, 0,
    0, 0, 0, 0, 0, 0, 0, 0,
    0, 0, 0, 0, 0, 0, 0, 0,
    0, 0, 0, 0, 0, 0, 0, 0,
    0, 0, 0, 0, 0, 0, 0, 0,
    0, 0, 0, 0, 0, 0, 0, 0,
    -3, 0, 0, 0, 0, 0, 0, 0,
    0, 0, 0, 0, 0, 0, 0, 0,
    0, 0, 0, 0, 0, 0, -5, -3,
    0, 0, 0, 0, 0, 0, 0, 0,
    0, 0, 0, 0, 0, 0, 0, 0,
    0, 0, 0, 0, 0, 0, 0, 0,
    5, 0, 0, 0, 0, 0, 0, 0,
    0, 0, 0, 0, 0, 0, 0, 0,
    0, 0, 0, 0, 0, 0, 0, 0,
    0, 0, 0, 0, 0, 0, 0, 0,
    0, 0, 0, 0, 0, 0, 0, 0,
    0, 0, 0, 0, 0, 0, 0, 0,
    15, 0, 10, -5, 0, 0, 0, 0,
    0, 0, 0, 0, 0, 0, 0, 0,
    0, 0, 0, 0, 0, 0, 0, 0,
    0, 0, 0, 0, 0, 0, 0, 0,
    0, 0, 0, 0, 0, 0, 0, 0,
    0, 0, 0, 0, 0, 0, 0, 0,
    10, 0, 0, -15, 0, 0, 0, 0,
    0, 0, 0, 0, 0, 0, 0, -5,
    0, -5, -3, 0, 0, 0, 0, 0,
    0, 0, 0, 0, 0, 0, 0, 0,
    0, 0, 0, 0, 0, 0, 0, 0,
    0, 0, 0, 0, 0, 0, 0, 0,
    10, 0, 0, -10, 0, 5, 0, 0,
    0, 0, 0, 0, 0, 0, 0, 0,
    0, 0, 0, 0, 0, 0, 0, 0,
    0, 0, 0, 0, 0, 0, 0, 0,
    0, 0, 0, 0, 0, 0, 0, 0,
    0, 0, 0, 0, 0, 0, 0, 0,
    0, 0, 0, 0, 0, 0, 0, 0,
    0, 0, 0, 0, 0, 0, 0, 0,
    0, -5, 0, 0, 0, 0, 0, 0,
    0, 0, 0, 0, 0, 0, 0, 0,
    0, 0, 0, 0, 0, 0, 0, 0,
    0, 0, 0, 0, 0, 0, 0, 0,
    0, 0, 0, 0, 0, 0, 0, 0,
    13, -5, 0, -3, 0, -8, 0, 0,
    0, 0, 0, 0, 0, 0, 0, 0,
    0, 0, 0, 0, 0, 0, 0, 0,
    0, 0, 0, 0, 0, 0, 0, 0,
    0, 0, 0, 0, 0, 0, 0, 0,
    0, 0, 0, 0, 0, 0, 0, 0,
    0, -8, 0, -3, 0, -8, 0, 0,
    0, 0, 0, 0, 0, 0, 0, 0,
    0, 0, 0, 0, 0, 0, 0, 0,
    -8, 0, 0, 0, -3, 0, 0, 0,
    0, 0, 0, 0, 0, 0, 0, 0,
    0, 0, 0, 0, 0, 0, 0, 0,
    0, -15, 0, -8, -5, -20, 0, 0,
    0, 0, 0, 0, 0, 0, 0, 0,
    0, 0, 0, 0, 0, -5, 0, 0,
    -15, -5, 0, -5, -10, -3, 0, 0,
    0, 0, 0, 0, 0, 0, 0, 0,
    0, 0, 0, 0, 0, 0, 0, 0,
    26, -10, 0, -8, 0, -10, 0, 0,
    0, 0, 0, 0, 0, 0, 0, 0,
    0, 0, 0, 0, 0, 0, 0, 0,
    0, 0, 0, 0, 0, 0, 0, 0,
    0, 0, 0, 0, 0, 0, 0, 0,
    10, 0, 18, 0, 0, 20, 0, 0,
    0, 0, 0, 0, 0, 0, 0, 0,
    8, 0, 0, 0, 0, 0, 0, 0,
    0, 0, 0, 0, 0, 0, 0, 0,
    0, 0, 0, 0, 0, 0, 0, 0,
    0, 0, 0, 0, 0, 0, 0, 0,
    -18, 0, 0, 0, 0, 0, 0, 0,
    0, 0, 0, 0, 0, 0, 0, 0,
    0, 0, 0, 0, 0, 0, 0, 0,
    0, 0, 0, 0, 0, 0, 0, 0,
    -18, 0, -5, -13, -13, 0, 0, 0,
    0, 0, 0, 0, -5, 0, -5, 0,
    -5, 0, 0, 0, 0, 0, 0, 0,
    0, 0, 0, 0, 0, 0, 0, 0,
    0, 0, 0, 0, 0, 0, 0, 0,
    0, 0, 0, -3, 0, 0, 0, 0,
    0, 0, 0, -5, 0, 0, 0, 0,
    0, 0, 0, 0, 0, 0, 0, 0,
    0, 0, 0, -10, 0, 0, 0, 0,
    0, 0, 0, 0, 0, 0, 0, 0,
    0, 0, 0, 0, 0, 0, 0, 0,
    0, 0, 0, 0, 0, 0, 0, 0,
    0, 0, 0, 0, 0, 0, 0, 0,
    0, 0, 0, 0, 0, 0, 0, 0,
    0, 0, 0, -15, -10, 0, 0, 0,
    0, 0, 0, 0, 0, 0, 0, 0,
    0, 0, 0, 0, 0, 0, 0, 0,
    -15, -8, 0, -18, -13, 0, 0, -5,
    5, 0, -10, 0, 0, 0, -20, -13,
    -15, -18, -5, -5, -10, -10, -13, -8,
    0, 0, 0, 0, 0, 0, 0, 0,
    0, 0, 0, 0, 0, 0, 0, 0,
    0, 0, 0, 0, 0, 0, 0, 0,
    -5, 0, 0, 0, 0, 0, 0, -5,
    0, 0, -5, -5, 0, 0, 0, 0,
    0, 0, 0, 0, 0, 0, -5, 0,
    0, 0, 0, -10, 0, 0, 0, 0,
    0, 0, 0, 0, 0, 0, 0, 0,
    0, 0, 0, 0, 0, 0, 0, 0,
    0, 0, 0, -5, -5, -5, -3, 0,
    -8, -5, 0, -5, -3, 0, 0, 0,
    -3, 0, 0, 0, 0, 0, 0, 0,
    0, 0, 0, -33, 0, 0, 0, 0,
    0, 0, 0, 0, 0, 0, 0, 0,
    0, 0, 0, 0, 0, 0, 0, 0,
    -5, 0, 0, -13, -15, -5, 0, 0,
    0, 0, 0, 0, 0, 0, 0, 0,
    -13, 0, 0, 0, 0, 0, 0, 0,
    0, 0, 0, 0, 0, 0, 0, 0,
    0, 0, 0, 0, 0, 0, 0, 0,
    0, 0, 0, 0, 0, 0, 0, 0,
    -5, 0, 0, 0, 0, 0, 0, -5,
    0, 0, -5, 0, 0, 0, 0, 0,
    0, 0, 0, 0, 0, 0, -5, 0,
    0, 0, 0, -15, 0, 0, 0, 0,
    0, 0, 0, 0, 0, 0, 0, 0,
    0, 0, 0, 0, 0, 0, 0, 0,
    -13, -5, 0, -18, -13, 0, 0, -3,
    0, 0, -8, 0, 0, -3, 0, 0,
    -15, -5, 0, 0, 0, 0, -5, 0,
    0, 0, 0, -10, 0, 0, 0, 0,
    0, 0, 0, 0, 0, 0, 0, 0,
    0, 0, 0, 0, 0, 0, 0, 0,
    0, 0, 0, -5, -5, -5, -5, 0,
    -8, -8, 0, 0, -5, 0, 0, 0,
    -5, 0, 0, 0, 0, 0, 0, 0,
    -10, 0, 0, 0, 0, 0, 0, 0,
    0, 0, 0, 0, 0, 0, 0, 0,
    0, 0, 0, 0, 0, 0, 0, 0,
    0, 0, 0, 0, 0, 0, 0, 0,
    -13, -5, 0, -13, -15, 0, 0, 0,
    0, 0, 0, 0, -5, -5, -5, 0,
    0, 0, 0, 0, 0, 0, 0, 0,
    0, 0, 0, 0, 0, 0, 0, 0,
    0, 0, 0, 0, 0, 0, 0, 0,
    0, 0, 0, 0, 0, 0, 0, 0,
    0, 0, 0, 0, 0, 0, 0, 0,
    0, 0, 0, 0, 0, 0, 0, 8,
    0, 0, 0, -13, -5, 0, 0, 0,
    0, 0, 0, 0, 0, 0, 0, 0,
    0, 0, 0, 0, 0, 0, 0, 0,
    0, 0, 0, 0, 0, 0, 0, 0,
    0, 0, 0, 0, 0, 0, 0, 0,
    -8, -3, 0, 0, 0, 0, 0, 0,
    0, 0, 0, 0, 0, 0, 0, 0,
    0, 0, 0, 0, 0, 0, 0, 0,
    0, 0, 0, 0, 0, 0, 0, 0,
    0, 0, 0, 0, 0, 0, 0, 0,
    0, 0, 0, 0, 0, 0, 0, 0,
    0, -5, 0, 0, 0, 0, -5, 0,
    -3, 0, 0, 0, 0, 0, 0, 0,
    0, 0, 0, 0, 0, 0, 0, 0,
    0, 0, 0, 0, 0, 0, 0, 0,
    0, 0, 0, 0, 0, 0, 0, 0,
    0, 0, 0, 0, 0, 0, 0, 0,
    0, 0, -5, 0, -3, -3, -3, 0,
    0, 0, 0, -10, 0, 0, 0, 0,
    0, 0, 0, 0, 0, 0, 0, 0,
    0, 0, 0, 0, 0, 0, 0, 0,
    0, 0, 0, 0, 0, 0, 0, 0,
    0, 0, 0, 0, 0, 0, 0, 0,
    -5, 0, 0, 0, 0, 0, 0, 0,
    -15, 0, 0, 0, 0, 0, 0, 0,
    0, 0, 0, 0, 0, 0, 0, 0,
    0, 0, 0, 0, 0, 0, 0, 0,
    0, 0, 0, 0, 0, 0, 0, 0,
    0, 0, 0, 0, 0, 0, 0, 0,
    0, 0, -5, 0, -13, -8, -10, 0
};


/*Collect the kern class' data in one place*/
static const lv_font_fmt_txt_kern_classes_t kern_classes =
{
    .class_pair_values   = kern_class_values,
    .left_class_mapping  = kern_left_class_mapping,
    .right_class_mapping = kern_right_class_mapping,
    .left_class_cnt      = 48,
    .right_class_cnt     = 48,
};

/*--------------------
 *  ALL CUSTOM DATA
 *--------------------*/

#if LVGL_VERSION_MAJOR == 8
/*Store all the custom data of the font*/
static  lv_font_fmt_txt_glyph_cache_t cache;
#endif

#if LVGL_VERSION_MAJOR >= 8
static const lv_font_fmt_txt_dsc_t font_dsc = {
#else
static lv_font_fmt_txt_dsc_t font_dsc = {
#endif
    .glyph_bitmap = glyph_bitmap,
    .glyph_dsc = glyph_dsc,
    .cmaps = cmaps,
    .kern_dsc = &kern_classes,
    .kern_scale = 16,
    .cmap_num = 5,
    .bpp = 3,
    .kern_classes = 1,
    .bitmap_format = 1,
#if LVGL_VERSION_MAJOR == 8
    .cache = &cache
#endif
};



/*-----------------
 *  PUBLIC FONT
 *----------------*/

/*Initialize a public general font descriptor*/
#if LVGL_VERSION_MAJOR >= 8
const lv_font_t notosemi_16 = {
#else
lv_font_t notosemi_16 = {
#endif
    .get_glyph_dsc = lv_font_get_glyph_dsc_fmt_txt,    /*Function pointer to get glyph's data*/
    .get_glyph_bitmap = lv_font_get_bitmap_fmt_txt,    /*Function pointer to get glyph's bitmap*/
    .line_height = 21,          /*The maximum line height required by the font*/
    .base_line = 5,             /*Baseline measured from the bottom of the line*/
#if !(LVGL_VERSION_MAJOR == 6 && LVGL_VERSION_MINOR == 0)
    .subpx = LV_FONT_SUBPX_HOR,
#endif
#if LV_VERSION_CHECK(7, 4, 0) || LVGL_VERSION_MAJOR >= 8
    .underline_position = -2,
    .underline_thickness = 1,
#endif
    .dsc = &font_dsc,          /*The custom font data. Will be accessed by `get_glyph_bitmap/dsc` */
#if LV_VERSION_CHECK(8, 2, 0) || LVGL_VERSION_MAJOR >= 9
    .fallback = NULL,
#endif
    .user_data = NULL,
};



#endif /*#if NOTOSEMI_16*/

